time_s,water_b1_ml_min,water_b2_ml_min,water_b3_ml_min,water_a1_ml_min,si350_t1_ml_min,si350_t2_ml_min,si350_t3_ml_min,si1000_t1_ml_min,si1000_t2_ml_min,si1000_t3_ml_min,si5000_t1_ml_min,si5000_t2_ml_min,si5000_t3_ml_min,si12500_t1_ml_min,si12500_t2_ml_min,si12500_t3_ml_min
0.007,0.4326,-0.1444,0.2212,0.0666,0.0702,-0.0776,-0.087,0.087,0.1034,0.1002,0.072,-0.0218,0.0454,-0.095,0.0458,0.07
0.507,0.4514,-0.155,0.1898,0.0614,0.0654,-0.0306,-0.0708,0.0824,0.1026,0.09,0.0712,-0.0052,0.0252,-0.082,0.035,0.063
1.007,0.4106,0.0296,0.1964,0.0544,0.0588,0.0298,-0.0406,0.0758,0.1118,0.0822,0.0678,0.015,-0.02,-0.0674,0.0318,0.0794
1.507,0.4992,0.269,0.1956,0.0536,0.0578,0.0634,0.0224,0.0726,0.116,0.0778,0.0604,0.0354,-0.0376,-0.0536,0.0328,0.0802
2.007,0.3524,0.3612,0.1364,0.0524,-0.0926,0.0988,0.0638,0.0702,0.1162,0.0736,0.0134,0.0494,-0.0394,-0.0396,0.0384,0.082
2.507,0.3084,0.4184,0.1672,0.0448,-0.1952,0.1138,0.1024,0.0688,0.1142,0.0702,-0.0892,0.0638,-0.032,-0.022,0.0448,0.082
3.007,0.3346,0.3644,-1.4156,0.0484,-0.1086,0.1128,0.1232,0.0638,0.1158,0.069,-0.1292,0.0718,-0.0168,-0.0054,0.051,0.082
3.507,0.2884,0.4818,-0.0708,0.0516,-0.0734,0.118,0.1136,0.0502,0.1112,0.061,-0.1284,0.0762,0.001,0.0104,0.0582,0.082
4.007,0.2122,0.4366,-0.0972,0.0478,-0.0312,0.123,0.1088,-0.042,0.1056,0.0266,-0.1198,0.0824,0.0212,0.0272,0.0642,0.082
4.507,0.1942,0.3624,-0.1792,0.0438,0.0438,0.1168,0.1178,-0.0864,0.101,-0.0764,-0.0976,0.0882,0.0418,0.0426,0.0694,0.082
5.007,0.2252,0.5306,-0.0914,-0.076,0.0758,0.109,0.1124,-0.074,0.0942,-0.082,0.0016,0.0916,0.055,0.054,0.074,0.082
5.507,0.198,0.3932,0.106,0.0104,0.1082,0.1314,0.1038,-0.0698,0.0858,-0.0758,0.0024,0.0938,0.0586,0.0624,0.0788,0.0806
6.007,0.169,0.427,0.1828,-0.008,0.1114,0.1268,0.1286,-0.0512,0.0802,-0.0648,0.002,0.0976,0.008,0.068,0.0834,0.0794
6.507,0.197,0.4528,0.3418,-0.034,0.1056,0.1122,0.1256,-0.0144,0.078,-0.0248,0.002,0.098,0.0362,0.0714,0.087,0.0758
7.007,0.1852,0.519,0.4116,-0.0288,0.1226,0.112,0.1148,0.0264,0.0756,0.0206,0.002,0.0964,0.0906,0.0738,0.0912,0.0668
7.507,-0.7654,0.353,0.392,0.0162,0.116,0.1122,0.1102,0.062,0.072,0.0602,0.002,0.096,0.0906,0.0752,0.0946,0.0532
8.007,-0.7944,0.265,0.446,0.0592,0.108,0.0954,0.1148,0.0816,0.07,0.083,0.0028,0.0928,0.095,0.076,0.096,0.0408
8.507,-0.04,0.2972,0.4402,0.0598,0.1174,0.0852,0.1012,0.0876,0.0648,0.096,0.0726,0.088,0.096,0.0762,0.096,0.0336
9.007,-0.1264,0.2738,0.3676,0.0742,0.1296,0.0884,0.0896,0.0906,0.026,0.1,0.0826,0.0878,0.0966,0.0766,0.0966,0.032
9.507,-0.118,0.201,0.3542,0.0654,0.1252,0.0812,0.0882,0.0996,-0.0728,0.103,0.0848,0.0854,0.098,0.0774,0.096,0.034
10.008,0.0286,0.1914,0.6078,0.0598,0.115,0.0694,0.0782,0.1024,-0.0832,0.112,0.0868,0.0828,0.0972,0.076,0.0958,0.0382
10.508,0.1666,0.2232,0.4966,0.0732,0.1164,0.0684,0.0684,0.1014,-0.0746,0.1148,0.0898,0.0796,0.0952,0.0752,0.094,0.0442
11.008,0.2698,0.1486,0.3576,0.0692,0.105,0.0728,0.068,0.1054,-0.0596,0.1138,0.092,0.077,0.093,0.0714,0.0936,0.05
11.508,0.3412,0.2038,0.372,0.067,0.0944,0.066,0.0736,0.1108,-0.0312,0.1214,0.0916,0.0736,0.092,0.06,0.092,0.0564
12.009,0.482,0.2128,0.4056,0.064,0.097,0.0636,0.0676,0.1094,0.0168,0.1232,0.089,0.0642,0.0898,0.0312,0.0914,0.0622
12.509,0.382,0.1686,0.2914,0.0724,0.0972,0.0682,0.0642,0.1058,0.0596,0.1174,0.088,0.0366,0.0876,-0.0344,0.0898,0.066
13.009,0.3716,-1.0668,0.2822,0.0678,0.0774,0.036,0.0658,0.1032,0.0782,0.1122,0.0858,0,0.0854,-0.0804,0.0876,0.07
13.509,0.4842,-0.1264,0.2992,0.0642,0.0676,-0.1358,0.001,0.0978,0.095,0.11,0.083,-0.0228,0.0834,-0.0916,0.0812,0.0748
14.009,0.4288,-0.1096,0.2176,0.0698,0.0664,-0.1384,-0.1538,0.0926,0.102,0.1052,0.081,-0.0268,0.0798,-0.0888,0.0686,0.08
14.509,0.4354,-0.1306,0.2002,0.0618,0.0632,-0.0872,-0.1196,0.088,0.103,0.096,0.0788,-0.0174,0.0754,-0.0792,0.0528,0.083
15.009,0.432,-0.079,0.2006,0.058,0.0608,-0.0526,-0.0784,0.0846,0.108,0.0902,0.0764,0.0022,0.064,-0.0672,0.043,0.0854
15.509,0.5118,-0.016,0.2092,0.0552,0.0618,0.0046,-0.0518,0.079,0.1138,0.085,0.0734,0.023,0.0424,-0.0544,0.0372,0.07
16.009,0.4226,0.1802,0.1666,0.0582,0.0586,0.0578,-0.0034,0.0742,0.114,0.0802,0.0656,0.0396,0.0142,-0.0428,0.0396,0.0946
16.509,0.3024,0.3184,0.1714,0.052,0.0338,0.0932,0.0514,0.072,0.113,0.076,0.0344,0.0552,-0.0022,-0.0254,0.0418,0.09
17.009,0.3748,0.3692,0.1954,0.0504,-0.148,0.1072,0.0908,0.0666,0.1174,0.0748,-0.015,0.0646,-0.0058,-0.0092,0.0466,0.0902
17.509,0.3346,0.448,0.1788,0.0484,-0.1802,0.1102,0.1076,0.0634,0.1146,0.0726,-0.0424,0.0698,0,0.0054,0.0524,0.09
18.009,0.2532,0.3978,-1.325,0.0482,-0.1038,0.1198,0.1094,0.0574,0.1078,0.067,-0.0454,0.076,0.0094,0.0222,0.06,0.09
18.509,0.2294,0.342,-0.115,0.0412,-0.07,0.1162,0.1226,0.0084,0.103,0.0514,-0.0372,0.0832,0.0246,0.0392,0.0646,0.0896
19.009,0.2382,0.5064,-0.153,0.0434,-0.0016,0.1116,0.117,-0.0862,0.1006,-0.0458,-0.0208,0.0884,0.0402,0.051,0.069,0.0882
19.509,0.1894,0.524,-0.2324,-0.0706,0.077,0.1246,0.107,-0.0836,0.0942,-0.0818,0.0026,0.092,0.0498,0.061,0.0758,0.088
20.009,0.1634,0.4328,-0.0694,0.004,0.1,0.123,0.1232,-0.073,0.0874,-0.076,0.0262,0.0974,0.0584,0.0682,0.08,0.0868
20.509,0.1894,0.409,0.2076,-0.0006,0.1006,0.1078,0.125,-0.057,0.082,-0.0672,0.046,0.0998,0.066,0.073,0.084,0.086
21.009,0.1952,0.478,0.305,-0.0318,0.1164,0.1234,0.1148,-0.0278,0.0776,-0.0464,0.0614,0.0988,0.0732,0.0756,0.0882,0.0846
21.511,0.158,0.3602,0.3718,-0.026,0.1152,0.13,0.1138,0.01,0.0732,-0.0048,0.0736,0.098,0.0784,0.078,0.092,0.0796
22.013,0.1566,0.2838,0.418,0.0098,0.1044,0.107,0.1226,0.0578,0.0722,0.0436,0.0806,0.098,0.084,0.08,0.0946,0.0686
22.513,-1.2886,0.3624,0.463,0.042,0.113,0.0896,0.11,0.0772,0.0714,0.0848,0.0862,0.095,0.0874,0.0806,0.0932,0.0552
23.013,-0.0624,0.3514,0.4224,0.0676,0.1204,0.096,0.0944,0.0846,0.0664,0.0956,0.0946,0.0916,0.0904,0.0802,0.0988,0.0434
23.513,-0.1114,0.2576,0.3738,0.067,0.1174,0.087,0.0948,0.0946,0.041,0.0992,0.0996,0.089,0.0934,0.08,0.099,0.037
24.013,-0.1736,0.234,0.5058,0.0628,0.113,0.0734,0.0924,0.0996,-0.0722,0.1072,0.1018,0.0868,0.096,0.08,0.0986,0.0368
24.513,-0.0138,0.2336,0.3918,0.0704,0.132,0.0688,0.079,0.1004,-0.0882,0.1106,0.1048,0.0842,0.096,0.0794,0.098,0.0402
25.013,0.1112,0.1932,0.4128,0.071,0.1202,0.0712,0.0716,0.1036,-0.0758,0.1104,0.106,0.0814,0.0944,0.078,0.098,0.045
25.513,0.1812,0.179,0.4992,0.066,0.1054,0.0652,0.0734,0.1094,-0.0666,0.1148,0.105,0.079,0.0922,0.0746,0.0968,0.0506
26.013,0.443,0.196,0.5306,0.0628,0.1024,0.0674,0.065,0.1082,-0.0362,0.1222,0.1024,0.075,0.0904,0.0648,0.096,0.0574
26.513,0.4624,0.2102,0.367,0.0726,0.0998,0.0704,0.065,0.1058,0.0058,0.12,0.0994,0.0668,0.088,0.0466,0.095,0.0626
27.013,0.342,0.1636,0.2752,0.0648,0.0888,0.067,0.0696,0.1072,0.046,0.1162,0.0968,0.0396,0.086,0.0206,0.0938,0.067
27.513,0.4108,-1.063,0.3258,0.064,0.0754,0.0564,0.0684,0.1046,0.0778,0.116,0.092,0.003,0.0844,0.0024,0.0916,0.0716
28.013,0.4054,-0.7196,0.2848,0.0692,0.075,-0.0224,0.0556,0.0976,0.0938,0.1122,0.0878,-0.0144,0.0822,-0.0038,0.0874,0.0758
28.513,0.3876,-0.0232,0.2204,0.0704,0.0728,-0.1474,-0.0624,0.0916,0.0988,0.1048,0.0846,-0.0192,0.08,-0.0018,0.0764,0.0796
29.014,0.369,-0.1168,0.1994,0.0612,0.0662,-0.0888,-0.1584,0.0882,0.1016,0.0986,0.082,-0.0126,0.0772,0.007,0.0598,0.0838
29.514,0.554,-0.1662,0.2312,0.0552,0.065,-0.0616,-0.09,0.082,0.11,0.093,0.0798,0.0012,0.0696,0.0192,0.0444,0.0878
30.014,0.4494,-0.0332,0.16,0.056,0.0676,-0.0328,-0.065,0.0774,0.1134,0.085,0.0776,0.0182,0.049,0.0326,0.0364,0.0902
30.514,0.3836,0.1666,0.2078,0.0542,0.0632,0.0234,-0.0192,0.0744,0.113,0.0784,0.0718,0.0386,0.0224,0.0446,0.0348,0.092
31.014,0.4074,0.2464,0.2144,0.0502,0.049,0.0642,0.0448,0.0706,0.119,0.076,0.0504,0.0532,0.0066,0.0556,0.0378,0.0926
31.514,0.3918,0.4522,0.1744,0.0496,-0.0934,0.09,0.0786,0.0668,0.12,0.076,0.0012,0.0628,0.0042,0.0632,0.0426,0.094
32.014,0.3174,0.4082,0.1392,0.0504,-0.159,0.122,0.095,0.0646,0.1132,0.0734,-0.0336,0.07,0.0084,0.0698,0.049,0.0938
32.514,0.272,0.3672,-1.4656,0.0438,-0.082,0.1164,0.121,0.0568,0.1084,0.0692,-0.0412,0.0792,0.017,0.0768,0.0556,0.0922
33.014,0.28,0.4412,-0.0766,0.0466,-0.0724,0.1064,0.1162,-0.0144,0.109,0.052,-0.0358,0.0856,0.0296,0.082,0.0612,0.092
33.514,0.216,0.472,-0.0598,0.0444,-0.0254,0.1184,0.1054,-0.0778,0.103,-0.0504,-0.0202,0.0892,0.0404,0.0866,0.0666,0.0842
34.014,0.1786,0.4274,-0.1336,-0.0338,0.0376,0.1246,0.1156,-0.0766,0.0952,-0.0892,-0.001,0.094,0.048,0.092,0.072,0.0918
34.514,0.2146,0.398,-0.1196,0.003,0.0736,0.1196,0.1212,-0.0666,0.0898,-0.0836,0.022,0.097,0.0566,0.0946,0.0764,0.09
35.014,0.2194,0.4812,0.074,-0.0248,0.1142,0.1238,0.117,-0.0476,0.0844,-0.0698,0.0444,0.0968,0.0626,0.0984,0.081,0.0892
35.514,0.176,0.4432,0.2778,-0.0218,0.1236,0.1212,0.1174,-0.0194,0.0794,-0.0368,0.0634,0.0974,0.067,0.0996,0.0864,0.087
36.014,0.1694,0.3668,0.3196,-0.0118,0.1112,0.113,0.1314,0.0218,0.0764,0.0006,0.0758,0.098,0.073,0.1,0.0904,0.0822
36.514,0.1804,0.4502,0.4372,0.0246,0.1076,0.1034,0.1144,0.06,0.0754,0.0468,0.0852,0.0966,0.0786,0.1,0.0934,0.0708
37.014,-1.4338,0.442,0.4022,0.0494,0.1162,0.1176,0.0998,0.077,0.0698,0.0746,0.0976,0.0938,0.082,0.0976,0.096,0.0562
37.514,-0.047,0.2952,0.3486,0.0636,0.1128,0.1082,0.1076,0.0896,0.0656,0.0852,0.111,0.0914,0.085,0.0964,0.098,0.044
38.014,-0.1008,0.2298,0.4986,0.066,0.1052,0.0876,0.105,0.096,0.0294,0.0982,0.1206,0.0888,0.0874,0.096,0.0982,0.0376
38.514,-0.1454,0.2518,0.4926,0.0684,0.13,0.0752,0.0896,0.0966,-0.0768,0.1056,0.0246,0.0858,0.0898,0.0942,0.0992,0.0364
39.014,-0.087,0.2032,0.4054,0.07,0.1248,0.0748,0.0788,0.0982,-0.0812,0.1078,0.0018,0.0828,0.09,0.093,0.0992,0.039
39.514,-0.0162,0.1826,0.4208,0.0656,0.113,0.067,0.077,0.1092,-0.075,0.1122,0.002,0.081,0.09,0.091,0.098,0.0438
40.014,0.2146,0.1876,0.484,0.0606,0.1096,0.0662,0.072,0.1118,-0.063,0.1214,0.002,0.0786,0.0882,0.0876,0.098,0.0492
40.514,0.3136,0.1998,0.381,0.0728,0.1136,0.0684,0.0676,0.1072,-0.0348,0.122,0.002,0.0752,0.0872,0.0802,0.0968,0.0558
41.014,0.365,0.1582,0.3002,0.07,0.0984,0.0624,0.0712,0.1084,0.0044,0.1186,0.002,0.0686,0.086,0.0634,0.096,0.061
41.514,0.4378,0.1678,0.3786,0.0624,0.0874,0.064,0.0686,0.1072,0.0478,0.1194,0.002,0.0432,0.0848,0.0412,0.0942,0.0662
42.014,0.4564,-0.0896,0.3462,0.0642,0.0844,0.064,0.0576,0.1014,0.0808,0.1168,0.002,0.0058,0.0838,0.0234,0.0924,0.0718
42.514,0.3958,-0.8498,0.2806,0.0698,0.0776,0.0136,0.06,0.0958,0.0924,0.1098,0.002,-0.0168,0.082,0.0148,0.088,0.0762
43.014,0.3748,-0.0524,0.2534,0.062,0.067,-0.141,-0.0336,0.0938,0.0978,0.1032,0.002,-0.0218,0.0814,0.016,0.0788,0.0802
43.514,0.4902,-0.2032,0.244,0.0576,0.0654,-0.1148,-0.1636,0.0874,0.1078,0.1004,0.002,-0.0156,0.0786,0.0228,0.063,0.0842
44.014,0.4358,-0.147,0.1946,0.0588,0.0714,-0.0904,-0.092,0.0822,0.11,0.0934,0.002,-0.0032,0.0724,0.0328,0.0462,0.087
44.514,0.3718,-0.013,0.1816,0.0556,0.068,-0.0566,-0.071,0.078,0.1074,0.0856,0.002,0.0142,0.0592,0.043,0.0354,0.089
45.014,0.4646,0.0912,0.205,0.0488,0.0632,0.024,-0.0442,0.0742,0.1136,0.0808,0.002,0.0356,0.0356,0.052,0.0316,0.091
45.514,0.4552,0.2382,0.2016,0.0494,0.0638,0.0588,0.0204,0.0702,0.1202,0.0788,0.002,0.0498,0.0178,0.0598,0.033,0.0928
46.014,0.35,0.3266,0.172,0.051,-0.0492,0.0954,0.0554,0.068,0.118,0.0742,0.002,0.0598,0.0128,0.066,0.0384,0.094
46.514,0.3022,0.3574,0.1716,0.0456,-0.1698,0.1122,0.0998,0.068,0.1128,0.0704,0.002,0.0694,0.0156,0.072,0.045,0.0852
47.014,0.329,0.4126,-1.3044,0.0454,-0.1088,0.1086,0.1152,0.064,0.112,0.0692,0.002,0.0762,0.0216,0.0778,0.0516,0.0928
47.514,0.2942,0.4266,-0.008,0.047,-0.0782,0.1186,0.1078,0.0394,0.1096,0.0508,0.002,0.0808,0.0312,0.083,0.0594,0.0936
48.014,0.2232,0.385,-0.0982,0.044,-0.0148,0.1176,0.1178,-0.0566,0.103,-0.0444,0.002,0.0872,0.0392,0.089,0.0654,0.092
48.514,0.2108,0.3494,-0.157,-0.0552,0.0466,0.1072,0.1202,-0.0806,0.097,-0.094,0.002,0.093,0.0476,0.0944,0.0702,0.092
49.014,0.2036,0.539,-0.1456,-0.0004,0.076,0.1192,0.1102,-0.075,0.0902,-0.082,0.002,0.096,0.0552,0.0974,0.0752,0.0908
49.514,0.1768,0.4734,0.0856,-0.0172,0.0972,0.1406,0.107,-0.0614,0.0844,-0.0672,0.002,0.0976,0.0602,0.1,0.0806,0.0896
50.014,0.1918,0.398,0.1982,-0.032,0.105,0.1282,0.129,-0.0276,0.0798,-0.041,0.002,0.0998,0.0652,0.102,0.0856,0.0878
50.514,0.205,0.479,0.3904,-0.0212,0.1068,0.1086,0.126,0.0166,0.078,0.0016,0.002,0.0988,0.0706,0.102,0.089,0.083
51.014,0.166,0.416,0.3968,0.0088,0.1202,0.1098,0.1112,0.053,0.0752,0.044,0.0384,0.0966,0.074,0.102,0.093,0.073
51.514,0.1474,0.3396,0.3524,0.054,0.1134,0.1042,0.112,0.0754,0.0726,0.071,0.0148,0.0942,0.0772,0.1014,0.0956,0.0588
52.014,-1.4888,0.316,0.4628,0.062,0.1098,0.092,0.1124,0.0902,0.0698,0.092,0.002,0.0922,0.0808,0.1002,0.0972,0.0454
52.514,-0.0894,0.3372,0.4408,0.0614,0.1312,0.0876,0.1018,0.0958,0.042,0.1064,0.002,0.0882,0.0826,0.099,0.098,0.0388
53.014,-0.084,0.2682,0.4036,0.0708,0.1248,0.0914,0.0912,0.0982,-0.0594,0.1092,0.002,0.0858,0.084,0.0974,0.0982,0.0368
53.514,-0.1796,0.208,0.4134,0.0664,0.1186,0.075,0.087,0.1036,-0.084,0.1086,0.002,0.0836,0.0844,0.096,0.098,0.0388
54.014,0.0248,0.2114,0.458,0.0626,0.1166,0.0724,0.0724,0.1048,-0.076,0.116,0.002,0.0812,0.086,0.0944,0.098,0.044
54.514,0.1724,0.2108,0.4768,0.0676,0.1184,0.0714,0.07,0.1046,-0.067,0.1174,0.002,0.0788,0.085,0.0914,0.096,0.0498
55.014,0.2588,0.1788,0.3824,0.064,0.1038,0.0688,0.072,0.1106,-0.0412,0.115,0.002,0.0766,0.084,0.086,0.096,0.0558
55.514,0.3874,0.164,0.5194,0.0634,0.0914,0.0612,0.0722,0.1162,-0.005,0.1188,0.002,0.0722,0.083,0.0716,0.0946,0.061
56.014,0.4522,0.1932,0.4132,0.0636,0.0932,0.0642,0.0688,0.1096,0.0458,0.1196,0.002,0.0582,0.082,0.048,0.094,0.066
56.514,0.4036,0.1662,0.2814,0.075,0.088,0.0698,0.0706,0.1018,0.0754,0.1142,0.002,0.0242,0.0808,0.0314,0.0926,0.0706
57.014,0.326,-0.9464,0.2598,0.0652,0.0728,0.027,0.0726,0.0992,0.0884,0.1078,0.0218,-0.008,0.08,0.0174,0.0892,0.0746
57.514,0.493,-0.4282,0.2788,0.058,0.0692,-0.1446,0.0242,0.0942,0.1024,0.106,0.0682,-0.0192,0.0792,0.0164,0.0818,0.0792
58.014,0.4104,-0.1312,0.2128,0.0576,0.074,-0.1238,-0.1458,0.0872,0.107,0.1008,0.0606,-0.0174,0.077,0.0208,0.0676,0.0832
58.514,0.3902,-0.1814,0.179,0.0586,0.0656,-0.07,-0.1334,0.0808,0.1072,0.093,0.0574,-0.0074,0.0724,0.031,0.0506,0.0866
59.014,0.4996,-0.1486,0.2026,0.0486,0.0608,-0.0452,-0.0822,0.078,0.1126,0.0874,0.056,0.0102,0.057,0.041,0.04,0.0902
59.514,0.4898,0.08,0.1898,0.0486,0.065,-0.0042,-0.0438,0.0726,0.1196,0.0836,0.0532,0.0296,0.0322,0.0504,0.0348,0.0932
60.014,0.3654,0.265,0.1678,0.0514,0.0614,0.0596,-0.014,0.0706,0.1196,0.0782,0.038,0.0442,0.0232,0.059,0.0362,0.0942
60.514,0.304,0.2938,0.1808,0.045,0.0124,0.0862,0.0464,0.07,0.118,0.073,0,0.0586,0.02,0.066,0.041,0.0882
61.014,0.4372,0.3514,0.1888,0.0488,-0.1754,0.0998,0.0826,0.0676,0.1196,0.0734,-0.033,0.067,0.0232,0.072,0.047,0.095
61.514,0.3128,0.431,-1.0102,0.0458,-0.1174,0.117,0.102,0.0608,0.114,0.071,-0.0416,0.073,0.0294,0.0766,0.054,0.094
62.014,0.2576,0.3724,-0.0936,0.0484,-0.0676,0.117,0.1198,0.0134,0.1066,0.0578,-0.0374,0.08,0.0366,0.0824,0.0606,0.0936
62.515,0.247,0.3388,-0.132,0.039,-0.039,0.1116,0.1214,-0.0772,0.1026,-0.0306,-0.0224,0.0866,0.0436,0.088,0.0652,0.092
63.015,0.23,0.5002,-0.1272,-0.0676,0.017,0.1092,0.1136,-0.0734,0.1006,-0.0938,-0.0044,0.0908,0.049,0.0926,0.0694,0.0918
63.515,0.1966,0.415,-0.0394,-0.0058,0.068,0.1272,0.106,-0.066,0.0924,-0.0814,0.0216,0.0934,0.0542,0.0958,0.075,0.09
64.015,0.199,0.3928,-0.0372,-0.0138,0.0888,0.1238,0.1274,-0.054,0.0846,-0.0728,0.0428,0.097,0.0602,0.0992,0.0802,0.0894
64.515,0.2128,0.5006,0.1486,-0.0076,0.104,0.116,0.1238,-0.027,0.0812,-0.0502,0.0546,0.098,0.066,0.1004,0.084,0.0878
65.015,0.1462,0.5014,0.26,-0.0268,0.1288,0.1228,0.1142,0.0154,0.0784,-0.0106,0.0664,0.098,0.0688,0.1016,0.0888,0.0844
65.515,0.1666,0.387,0.3222,0.011,0.1234,0.1142,0.1222,0.0524,0.074,0.0338,0.0738,0.098,0.0746,0.1016,0.0932,0.0766
66.015,0.16,0.3254,0.458,0.0512,0.1058,0.1034,0.1184,0.0774,0.072,0.0684,0.0788,0.0966,0.077,0.1,0.0954,0.062
66.515,-1.217,0.3868,0.3958,0.057,0.1166,0.102,0.1006,0.0872,0.0716,0.0914,0.0844,0.0936,0.0796,0.0998,0.0974,0.0464
67.015,-0.0482,0.3168,0.3918,0.0688,0.118,0.112,0.0952,0.0918,0.0576,0.101,0.091,0.0894,0.0802,0.0982,0.0992,0.0382
67.515,-0.1144,0.2356,0.3624,0.0652,0.1138,0.0904,0.103,0.1024,-0.02,0.1026,0.095,0.0868,0.0822,0.098,0.1,0.036
68.015,-0.142,0.2418,0.5126,0.0622,0.1152,0.0732,0.0924,0.1088,-0.092,0.1118,0.096,0.0846,0.084,0.0968,0.0994,0.0372
68.515,-0.0818,0.2338,0.4502,0.0644,0.1306,0.0676,0.0764,0.1072,-0.0838,0.1164,0.0964,0.0818,0.084,0.0958,0.098,0.0416
69.015,0.118,0.205,0.382,0.072,0.1134,0.0692,0.0728,0.1084,-0.0696,0.1172,0.0958,0.08,0.084,0.0938,0.098,0.0464
69.515,0.2124,0.1738,0.5342,0.0642,0.0998,0.0632,0.0744,0.1114,-0.0498,0.1194,0.0934,0.078,0.084,0.0894,0.0972,0.0522
70.018,0.404,0.2126,0.4192,0.0574,0.105,0.0626,0.068,0.1084,-0.0072,0.1236,0.092,0.0742,0.0828,0.0782,0.096,0.0582
70.518,0.4424,0.184,0.3532,0.0664,0.099,0.0664,0.0644,0.103,0.042,0.1194,0.09,0.0612,0.082,0.0572,0.0956,0.0634
71.018,0.3368,0.1472,0.3336,0.0642,0.0856,0.0572,0.0698,0.1032,0.0702,0.1112,0.0862,0.0252,0.0814,0.0366,0.0938,0.0672
71.518,0.4914,-0.5602,0.3698,0.0598,0.0776,0.0498,0.0614,0.1002,0.0892,0.1116,0.0818,-0.0034,0.08,0.024,0.0914,0.072
72.018,0.412,-1.1556,0.279,0.0596,0.0778,-0.0772,0.0478,0.0944,0.1022,0.108,0.0772,-0.0134,0.0794,0.0208,0.0858,0.077
72.518,0.356,0.0186,0.2226,0.0642,0.0692,-0.1394,-0.0912,0.089,0.106,0.1,0.074,-0.013,0.0772,0.0248,0.074,0.081
73.018,0.4136,-0.107,0.2266,0.052,0.0628,-0.0774,-0.1616,0.085,0.1102,0.0922,0.0708,-0.0042,0.0726,0.0328,0.0552,0.0842
73.518,0.5164,-0.1856,0.2114,0.052,0.069,-0.083,-0.0892,0.0786,0.116,0.0872,0.068,0.0118,0.0594,0.0414,0.0394,0.0878
74.018,0.4512,-0.0648,0.18,0.0506,0.07,-0.0248,-0.0692,0.074,0.1164,0.0818,0.065,0.0274,0.0378,0.0496,0.031,0.0904
74.518,0.3654,0.1656,0.1674,0.05,0.0642,0.0452,-0.022,0.072,0.114,0.0772,0.057,0.0462,0.0302,0.059,0.0294,0.0922
75.018,0.4212,0.216,0.1946,0.0436,0.034,0.0764,0.0374,0.071,0.1234,0.076,0.0306,0.0578,0.0262,0.0662,0.0336,0.0938
75.519,0.3788,0.4324,0.1734,0.046,-0.1648,0.0972,0.077,0.067,0.125,0.0738,-0.0132,0.0648,0.0274,0.0718,0.0396,0.094
76.021,0.3106,0.4132,0.1434,0.0476,-0.1178,0.1126,0.0958,0.064,0.1154,0.0674,-0.0332,0.0704,0.0322,0.0774,0.047,0.094
76.524,0.302,0.369,-1.511,0.0444,-0.0722,0.109,0.1168,0.0426,0.1082,0.0642,-0.0348,0.0786,0.0392,0.0836,0.0546,0.094
77.027,0.2456,0.4888,-0.08,0.0418,-0.064,0.1054,0.1152,-0.0526,0.1058,0.0162,-0.0258,0.0844,0.0462,0.0882,0.0606,0.0932
77.527,0.2056,0.3934,-0.1158,-0.055,-0.0106,0.121,0.112,-0.0786,0.0988,-0.0868,-0.0076,0.0884,0.051,0.0926,0.0662,0.0922
78.027,0.2086,0.3888,-0.214,0.0058,0.0474,0.1146,0.1216,-0.0732,0.0908,-0.0882,0.0142,0.0938,0.056,0.0976,0.0714,0.0878
78.527,0.2252,0.436,-0.0686,-0.0034,0.074,0.1064,0.1184,-0.062,0.085,-0.078,0.0356,0.0966,0.0608,0.1002,0.076,0.0912
79.027,0.2086,0.5008,0.1762,-0.0276,0.112,0.1256,0.1042,-0.0328,0.0808,-0.0596,0.0524,0.0968,0.0642,0.1018,0.0804,0.0894
79.527,0.1924,0.4468,0.2282,-0.018,0.117,0.1306,0.1244,-0.0008,0.077,-0.022,0.0648,0.0972,0.0668,0.1022,0.0856,0.087
80.027,0.191,0.3526,0.311,0.0088,0.1088,0.1168,0.1384,0.0474,0.0754,0.0196,0.0716,0.098,0.0712,0.1028,0.0892,0.0816
80.527,0.1928,0.403,0.4262,0.0462,0.1164,0.1068,0.1164,0.0744,0.0742,0.0676,0.0774,0.0966,0.0752,0.102,0.0902,0.0696
81.027,-1.2332,0.3638,0.3772,0.0594,0.1218,0.1102,0.0974,0.084,0.0698,0.0884,0.0846,0.0934,0.0776,0.102,0.0946,0.0536
81.527,-0.1798,0.2834,0.3276,0.065,0.1164,0.1014,0.1068,0.093,0.0636,0.0954,0.088,0.0908,0.0794,0.1012,0.096,0.042
82.027,-0.1066,0.2822,0.5078,0.0618,0.1138,0.0872,0.0978,0.1016,0.0142,0.1064,0.0906,0.0672,0.0818,0.0998,0.0972,0.0368
82.527,-0.1024,0.2774,0.3986,0.06,0.1296,0.0848,0.0846,0.104,-0.0792,0.1126,0.0976,0.0768,0.082,0.0978,0.0972,0.0376
83.027,-0.0042,0.2028,0.3746,0.0672,0.1218,0.0792,0.08,0.104,-0.0772,0.1138,0.1016,0.0828,0.0826,0.096,0.0962,0.0406
83.527,-0.0396,0.1704,0.5082,0.0628,0.1044,0.0718,0.0778,0.1094,-0.0698,0.1142,0.0994,0.0814,0.0832,0.0948,0.096,0.0454
84.027,0.1926,0.1936,0.5192,0.06,0.1082,0.0666,0.0676,0.1122,-0.0538,0.1226,0.097,0.0786,0.0822,0.0912,0.096,0.051
84.527,0.297,0.2032,0.4282,0.0636,0.1096,0.0698,0.0688,0.1096,-0.0222,0.1236,0.0954,0.074,0.082,0.0822,0.0944,0.0568
85.027,0.362,0.1738,0.3532,0.0646,0.0962,0.068,0.0706,0.1118,0.019,0.1186,0.0912,0.061,0.0808,0.0648,0.094,0.0616
85.527,0.5004,0.1694,0.4046,0.0638,0.0836,0.0616,0.0652,0.1122,0.0616,0.118,0.0876,0.0282,0.08,0.0442,0.0928,0.066
86.027,0.412,0.1938,0.3424,0.0604,0.0814,0.063,0.062,0.1038,0.0884,0.1156,0.0846,0.0004,0.08,0.0308,0.0914,0.0704
86.527,0.3762,-1.047,0.2586,0.068,0.0768,0.0212,0.0648,0.0954,0.0972,0.107,0.0816,-0.0132,0.0796,0.0242,0.087,0.0746
87.027,0.405,-0.0902,0.2684,0.0586,0.0684,-0.142,0.0376,0.0904,0.1004,0.0992,0.0782,-0.0148,0.0778,0.0258,0.0762,0.0786
87.527,0.4972,-0.1406,0.2514,0.049,0.0692,-0.1246,-0.1322,0.0842,0.1096,0.0964,0.0762,-0.0066,0.0734,0.0332,0.0584,0.0832
88.027,0.4432,-0.1002,0.2036,0.048,0.0696,-0.0894,-0.1208,0.0778,0.1152,0.0898,0.0746,0.0068,0.0614,0.0414,0.0422,0.0866
88.527,0.3898,-0.0474,0.179,0.0502,0.0598,-0.0674,-0.0796,0.0736,0.1152,0.0826,0.071,0.0254,0.042,0.051,0.0338,0.089
89.027,0.5228,0.0474,0.217,0.0442,0.0648,0.0058,-0.0616,0.0708,0.12,0.08,0.0622,0.043,0.036,0.0598,0.032,0.0914
89.527,0.3774,0.3114,0.1866,0.0448,0.0636,0.0634,-0.0078,0.0678,0.1198,0.0776,0.0312,0.0544,0.034,0.0654,0.0342,0.0932
90.027,0.298,0.3994,0.1526,0.0458,-0.0612,0.1034,0.0474,0.0662,0.1164,0.0746,-0.01,0.0632,0.036,0.0714,0.0402,0.0934
90.527,0.3448,0.3304,0.1556,0.0424,-0.1652,0.1118,0.099,0.0642,0.1132,0.0718,-0.0264,0.0716,0.0396,0.0776,0.0468,0.094
91.027,0.366,0.4356,-1.2538,0.0414,-0.104,0.1048,0.1108,0.0356,0.1158,0.0688,-0.0294,0.0788,0.0448,0.0832,0.053,0.0938
91.527,0.2714,0.399,0.0308,0.043,-0.0746,0.116,0.1068,-0.055,0.1106,0.0296,-0.02,0.0836,0.0498,0.0878,0.06,0.0928
92.027,0.2106,0.3696,-0.0966,-0.0518,-0.0148,0.1116,0.1206,-0.0784,0.1002,-0.0726,-0.003,0.0904,0.0548,0.0934,0.0654,0.092
92.527,0.223,0.3802,-0.1562,0.0076,0.0398,0.102,0.1212,-0.0704,0.0916,-0.09,0.017,0.0954,0.06,0.0978,0.0702,0.0918
93.027,0.2176,0.5096,-0.1728,-0.0142,0.0852,0.1202,0.1128,-0.0546,0.0864,-0.078,0.0404,0.098,0.0634,0.1002,0.0752,0.0904
93.527,0.1856,0.4448,0.0356,-0.0258,0.102,0.125,0.1222,-0.031,0.0798,-0.0596,0.0578,0.0988,0.0662,0.1022,0.0808,0.089
94.027,0.184,0.397,0.1918,-0.0148,0.1074,0.1206,0.1198,0.0054,0.075,-0.0314,0.0668,0.1,0.0712,0.1038,0.085,0.087
94.527,0.2016,0.5142,0.328,0.0282,0.1176,0.114,0.1174,0.0468,0.075,0.0174,0.0726,0.1,0.076,0.104,0.0882,0.0814
95.027,0.1348,0.4118,0.4124,0.0392,0.121,0.123,0.1138,0.07,0.0702,0.0622,0.0812,0.0982,0.0782,0.104,0.092,0.0712
95.527,0.1416,0.35,0.3794,0.0588,0.1134,0.1094,0.128,0.0832,0.0674,0.0816,0.0876,0.0964,0.0806,0.1038,0.0946,0.057
96.027,-1.0808,0.325,0.482,0.0612,0.1068,0.0972,0.1134,0.094,0.0636,0.0946,0.0912,0.094,0.0826,0.1022,0.096,0.0444
96.527,-0.111,0.3242,0.388,0.0564,0.1274,0.096,0.0932,0.0974,0.0116,0.106,0.0962,0.0908,0.084,0.1018,0.0964,0.0384
97.027,-0.1206,0.2502,0.3612,0.066,0.1242,0.0908,0.088,0.098,-0.0708,0.1094,0.1008,0.0872,0.084,0.1,0.098,0.0364
97.527,-0.1598,0.198,0.4528,0.0612,0.1146,0.0768,0.0876,0.1068,-0.0802,0.1108,0.102,0.085,0.081,0.0992,0.0972,0.0388
98.027,0.0186,0.2332,0.491,0.06,0.1196,0.0688,0.0734,0.1104,-0.0746,0.1198,0.102,0.0826,0.0844,0.0972,0.0964,0.0434
98.527,0.2088,0.219,0.4696,0.0598,0.1166,0.0736,0.0688,0.11,-0.0564,0.1214,0.102,0.0798,0.084,0.0936,0.096,0.049
99.027,0.2324,0.1846,0.3816,0.0662,0.0984,0.0716,0.0718,0.1112,-0.021,0.1168,0.0998,0.0774,0.0838,0.0862,0.095,0.055
99.527,0.4142,0.1766,0.4512,0.0618,0.0906,0.0646,0.0634,0.112,0.0218,0.1184,0.0968,0.0692,0.0826,0.071,0.094,0.0608
100.027,0.442,0.1992,0.3572,0.0586,0.0972,0.068,0.0664,0.108,0.065,0.1192,0.0936,0.0452,0.082,0.0506,0.0922,0.0658
100.527,0.39,0.159,0.2992,0.0656,0.086,0.069,0.0694,0.102,0.086,0.113,0.091,0.0118,0.0818,0.0348,0.091,0.07
101.027,0.419,-1.0334,0.327,0.0614,0.0742,0.039,0.0702,0.0988,0.0938,0.1064,0.0874,-0.0068,0.0804,0.0256,0.0868,0.0744
101.527,0.456,-0.4368,0.2976,0.0548,0.0714,-0.1342,0.0446,0.0944,0.1048,0.1026,0.0844,-0.0102,0.08,0.0252,0.0782,0.0794
102.027,0.3976,-0.0844,0.202,0.052,0.0724,-0.1332,-0.1106,0.0868,0.108,0.0978,0.0822,-0.0054,0.0774,0.031,0.0624,0.0834
102.527,0.3444,-0.1494,0.1736,0.0534,0.0662,-0.0792,-0.1402,0.081,0.1082,0.0904,0.0784,0.0064,0.069,0.04,0.047,0.0862
103.027,0.589,-0.1774,0.2066,0.048,0.0646,-0.0488,-0.0854,0.0776,0.1166,0.0842,0.0744,0.025,0.0498,0.0494,0.038,0.089
103.527,0.5112,0.0584,0.199,0.0452,0.0716,-0.007,-0.0488,0.0742,0.127,0.0802,0.067,0.0412,0.0398,0.0574,0.0354,0.0914
104.027,0.3382,0.2276,0.181,0.0464,0.0598,0.0452,-0.0222,0.0694,0.124,0.0762,0.0444,0.0512,0.037,0.0644,0.0368,0.092
104.527,0.3282,0.2636,0.1764,0.0454,0.0162,0.078,0.0434,0.068,0.1174,0.0752,0.0014,0.0628,0.0376,0.071,0.042,0.094
