sample_name,trial,cycle_number,line1_slope,line1_intercept,line2_quad_coeff,line2_line_coeff,line2_const_coeff,line3_quad_coeff,line3_line_coeff,line3_const_coeff,line4_slope,line4_intercept,max_peak,min_peak,time_line1,time_line2,time_line3,time_line4,viscosity_cp
water,b1,1,0.7317285714285697,-6.532335909523792,-0.02163367404144238,0.6167907283021096,-3.925072992263056,0.014315379874063517,-0.5710643905952549,5.897636659778786,-1.5540656585394583,33.906207488132914,0.4783542857142857,-1.2663371428571408,1.0,6.502000000000001,6.001999999999999,1.0020000000000024,1
water,b1,2,1.2505428571428492,-29.251540866666478,-0.022203376520622226,1.2730767674432406,-17.802528269489127,0.01064532182103689,-0.7404854300785476,13.099633831987965,-1.7191714285714355,62.43568649523835,0.4835771428571428,-1.4106057142857087,1.0,6.000999999999998,6.5000000000000036,1.0,1
water,b1,3,1.429857142857132,-54.147489428571006,-0.01709182246324859,1.5060335303551597,-32.70537545651519,0.005082128851539619,-0.517551442464891,13.393179763310686,-1.776985714285714,91.17227922857138,0.45022285714285704,-1.4643628571428526,1.0,5.5,7.5,1.0,1
water,b1,4,1.4685142857143054,-77.65888300952489,-0.022521090338242542,2.614602629919706,-75.43213001272483,0.009336733521042596,-1.2061536484804818,39.16235418722533,-1.4714142857143553,96.85617692857608,0.47787999999999986,-1.4760571428571372,1.0,6.0,6.500999999999998,1.0,1
water,b1,5,1.1900571428571507,-80.19405466666717,-0.022256296034319726,3.237038735742252,-117.24927922181548,0.010654639668128484,-1.6764321163664309,66.17091416993429,-1.5255857142857427,122.5879846238118,0.48549142857142846,-1.2129228571428552,1.0,6.003,6.509,1.0,1
water,b1,6,1.180042857142851,-96.70119877618994,-0.017050777793645767,3.003662702898942,-131.80646669709088,0.0004952747252758626,-0.13857339946645503,8.818994469248356,-0.05580000000000175,5.449393266666833,0.4666514285714285,-1.2225114285714251,1.0,5.5,6.5,1.0,1
water,b2,1,0.4015571428571432,-0.36098994761904796,-0.011978714618714595,0.12398069168165148,0.13489165917818216,0.021653904004225125,-0.4463389927628542,2.4986042179578223,-1.360385714285713,16.804755376190457,0.48031428571428564,-1.0506428571428579,0.9999999999999999,5.0,5.502000000000001,1.0,1
water,b2,2,1.0125857142857133,-14.102209938095227,-0.013362603111174426,0.5706801386727522,-5.536841874898297,0.006826836643589634,-0.35585839363335314,4.862230238452049,-1.3490000000000102,36.22596366666695,0.5121542857142857,-1.0557228571428536,1.0,5.5,7.004000000000001,1.0,1
water,b2,3,0.8985714285714225,-25.801860476190303,-0.019003120622202784,1.323954262709858,-22.543393885384372,-0.0009337785640570498,0.026186736983624254,0.6534726133735367,-1.0117142857142873,42.247786857142906,0.4614742857142856,-1.0912457142857146,1.0,5.001000000000001,8.0,1.0,1
water,b2,4,0.7383428571428422,-32.10919775238029,-0.021261173112601277,2.08321672001138,-50.56921129075124,0.007618634222920801,-0.8502348555102961,23.927608863801073,-1.2059714285714196,67.97187693333281,0.4801885714285714,-0.9331257142857127,1.0,6.0,6.5,1.0,1
water,b2,5,0.7754714285714424,-45.11034279047699,-0.021141645150474255,2.696576342263415,-85.51540550825446,0.0037485148877873897,-0.5637557305933277,21.257925018184505,-1.1995857142856983,85.24846159047502,0.48629714285714276,-1.1762428571428585,1.0,7.000999999999998,6.003,1.0,1
water,b2,6,1.1339142857142743,-82.62679998095149,-0.023296166494995173,3.6406231318869184,-141.77554981780767,0.010064175824175861,-1.6988081813500884,71.89692796291979,-1.3090999999999704,112.40855236666404,0.4823714285714285,-1.138537142857138,1.0,6.009,6.5,1.0,1
water,b2,7,0.9904285714285755,-86.60315490476228,-0.023285343228236118,4.310367835257001,-199.03609783624162,0.00507189952903873,-1.022626899842307,51.75047137955328,-1.3037428571428866,130.85052010476488,0.4646685714285714,-1.030194285714283,1.0,5.5,7.0,1.0,1
water,b3,1,-0.9205714285714279,2.063491619047617,-0.031230431339233655,0.554432609334588,-1.9958730427665172,0.011503789205667712,-0.353872921565334,2.9302773202456764,-1.6194571428571434,28.05795320952383,0.5247599999999999,-1.3051885714285691,1.0,7.0009999999999994,7.001000000000001,1.0,1
water,b3,2,1.2379142857142809,-23.43037265714276,-0.02628949029053174,1.2634147549535084,-14.702139887776879,0.019463888712254455,-1.152925444881752,17.27470669883157,-1.756128571428528,55.85992579999856,0.5008799999999999,-1.4423742857142836,1.0,6.504000000000001,6.000999999999998,1.0000000000000036,1
water,b3,3,1.4846000000000195,-49.53082440000066,-0.012903949383954422,1.0546088870066928,-20.972651276635926,0.004990844337735537,-0.45928756917170716,10.78725388809989,-1.5878428571428411,73.55894456190403,0.4832571428571427,-1.449839999999995,1.0,5.0,7.5,1.0,1
water,b3,4,1.3047142857142664,-62.442691714284784,-0.020729853004124183,2.216713228803988,-58.80672834369227,0.008363469387759365,-1.0057676292626572,30.442272889373424,-1.274000000000009,77.53490266666718,0.4602971428571428,-1.2846971428571388,1.0,6.0,6.5,1.0,1
water,b3,5,0.9454617397144398,-59.030421385326406,-0.01578972388955562,2.1742112043217006,-74.38286566339522,0.014250214250099931,-2.1080565649010343,78.17161166770327,-1.7940787152344637,136.0138350846966,0.465302857142857,-1.4873542857142865,1.0009999999999977,7.0,6.004000000000005,1.0049999999999955,1
water,b3,6,1.47046908273182,-113.81759347126314,-0.01777992150707982,2.9666610561092597,-123.27692725283106,0.013223062651638738,-2.3473211696882745,104.3858382246694,-1.5128285714285952,136.6579178000021,0.5108514285714285,-1.4953085714285657,1.0030000000000001,6.5,6.0,1.0,1
water,a1,1,0.07217142857142805,-0.42114710476190154,-0.004876622973210193,0.10395692082800845,-0.48154886827105486,-0.0001298320139400714,0.0006432345720785451,0.07948914980671247,-0.12189999999999951,2.323883766666657,0.07106857142857141,-0.07516571428571374,1.0,5.0009999999999994,7.501000000000001,1.0,1
water,a1,2,0.06921428571428527,-1.4074657857142772,-0.0029568020847789717,0.15831745572764583,-2.0319604278247834,-0.00020212239607645874,0.008681842340309307,-0.020874987243341893,-0.08444285714285685,2.8498931523809423,0.07048571428571428,-0.0707571428571425,1.0,4.504000000000001,8.001000000000001,1.0,1
water,a1,3,0.01751428571428562,-0.6213185333333296,-0.004901841016126122,0.3885121452261562,-7.625226221259466,0.00039673469387755506,-0.038580866813187176,0.9856892035119699,-0.10828571428571432,5.212380761904764,0.06965714285714285,-0.05398285714285706,1.0,6.0,6.5,1.0,1
water,a1,4,0.041571428571428926,-2.0611343809523985,-0.0039799021146927445,0.43519085733501073,-11.823618667823517,0.0014882774368486582,-0.17992522535747432,5.486121568544763,-0.12068030705025158,7.551854882763176,0.07018285714285713,-0.06663428571428548,1.0,7.0,5.5,1.0009999999999977,1
water,a1,5,0.06262857142857185,-4.0051546666666935,-0.003930309690304914,0.5422024487506119,-18.62889856198077,0.0001416088561843701,-0.023517070493301324,1.0169644109371645,-0.10616581682355138,8.189359635222301,0.06881142857142855,-0.06583428571428557,1.0,5.0,7.509,1.0030000000000001,1
water,a1,6,0.05204285714285878,-4.078192776190604,-0.0037841287284166303,0.6321518892625261,-26.33275094051119,0.0006952704438422464,-0.12626140645646694,5.777558652452345,-0.1002857142857153,9.19113438095247,0.06473714285714285,-0.05491142857142826,1.0,6.5,6.0,1.0,1
si350,t1,1,0.12412857142857103,-0.4985222333333319,-0.011923933209647528,0.1785091671185962,-0.5364292382102203,-0.0006375274180386483,0.003557972829074635,0.1456115740404398,-0.182428571428571,2.998479952380943,0.12701142857142855,-0.19473428571428547,1.0,5.5,7.502000000000001,1.0,350
si350,t1,2,0.11745714285714337,-2.231834257142866,-0.009254894742396552,0.4196900545279363,-4.625198225384778,0.0003115214577079543,-0.029203559477049838,0.6522995848234117,-0.18490000000000012,5.754518600000006,0.12497142857142857,-0.1787485714285713,1.0,6.004000000000001,6.500999999999998,1.0000000000000036,350
si350,t1,3,0.09561428571428478,-3.211466695238063,-0.00999415441701241,0.7448129888854647,-13.744161623933257,0.0008782417582416858,-0.08481242122448375,2.0979401813534677,-0.21752857142857235,9.954412066666713,0.12551999999999996,-0.17301428571428584,1.0,6.0,6.5,1.0,350
si350,t1,4,0.09860000000000003,-4.753113733333336,-0.0108972627372626,1.1246985699100753,-28.889190557201776,0.0010458583433372302,-0.1280289094837815,3.979182783177567,-0.24078571428570406,14.537837190475562,0.12685714285714284,-0.17460285714285678,1.0,5.5,7.0,1.0,350
si350,t1,5,0.10340000000000303,-6.481560933333522,-0.015116217694783022,1.98768418167359,-65.2089823153769,-0.0003819263002822296,0.046567772592855716,-1.2889909262424328,-0.23785203593493937,17.822871887207828,0.12384571428571427,-0.17627999999999988,1.0,3.0009999999999977,9.503,1.0010000000000048,350
si350,t1,6,0.08370114431830362,-6.483033544984151,-0.010754552241888276,1.7426791070143772,-70.46504106042451,0.0004994237695075155,-0.09617793887149885,4.661579206173812,-0.21010000000000842,18.8566660333341,0.1248,-0.1689400000000001,1.0049999999999955,6.003,7.0,1.0,350
si350,t2,1,0.0905000000000002,-1.4048578333333368,-0.007670421047977501,0.299167448857287,-2.78285850646227,0.001953014174087466,-0.10513087627765998,1.4771354134729657,-0.19787142857142723,5.503986614285676,0.12521714285714283,-0.14858571428571438,1.0,6.501999999999999,6.0020000000000024,1.0,350
si350,t2,2,0.08623796147405527,-2.6012432777448904,-0.01279754911754889,0.8543972151581612,-14.13226461912594,0.0005766666666664376,-0.053698423977573594,1.297508355384878,-0.20535714285714907,8.709491666666935,0.12271999999999998,-0.1472971428571427,1.0009999999999977,5.0000000000000036,7.5,1.0,350
si350,t2,3,0.04872857142857201,-2.236149342857169,-0.012591973740544842,1.2128248772484354,-29.070841334571043,0.0015812928248224222,-0.17736054012006813,5.040906385426413,-0.21650000000000802,12.328017666667128,0.13461714285714282,-0.14417999999999986,1.0,5.5,7.0,1.0,350
si350,t2,4,0.06694285714285743,-3.9979543428571596,-0.011716582419347189,1.4698193505767896,-45.96776058945704,-0.0002269570138683209,0.019489793291281438,-0.1910867252115068,-0.16735714285714448,11.992758142857255,0.12362857142857141,-0.1461314285714286,1.0,5.500999999999998,7.503,1.0,350
si350,t2,5,0.06949999999999898,-5.1720643333332585,-0.009523032645733799,1.4831877016098973,-57.619395505132516,0.0014808320251183701,-0.2550729178337,11.04888334451836,-0.20694285714286126,17.88726650476226,0.1282685714285714,-0.14161142857142836,1.0,6.009,6.5,1.0,350
si350,t2,6,0.04578571428571248,-4.127515738095078,-0.013746950192668457,2.530885923151899,-116.35703730502847,0.0010389010989010862,-0.21075054649921213,10.7550739186994,-0.2091714285714268,21.124422866666478,0.12475999999999998,-0.14336285714285707,1.0,5.5,7.0,1.0,350
si350,t3,1,0.071257142857143,-1.151965123809526,-0.012439777365491502,0.47687952895104335,-4.440499559487188,0.00018222937860160518,-0.018645295850562148,0.431932567829738,-0.19803889625087506,5.588528109385666,0.1233885714285714,-0.16155428571428587,1.0,5.5,7.504000000000001,1.0009999999999977,350
si350,t3,2,0.09817142857142752,-3.000943923809491,-0.009503467960610676,0.6522088914513978,-11.05746868218011,0.00068053375196231,-0.06380604081632549,1.5384820836828683,-0.21152857142856724,9.05054235238077,0.1247142857142857,-0.1660142857142858,1.0,6.0000000000000036,6.5,1.0,350
si350,t3,3,0.09434285714285578,-4.26092460952375,-0.010218707007278673,0.9991687211988225,-24.292564598134646,0.0017440031397176377,-0.19623329519625532,5.59114518176558,-0.2198714285714343,12.629646295238425,0.12478285714285711,-0.16325142857142827,1.0,6.0,6.5,1.0,350
si350,t3,4,0.05961428571428479,-3.6095341238094685,-0.012295386641718451,1.554803393066555,-49.02352543488091,-0.00027106446088432187,0.02636205679050095,-0.4481016316397871,-0.186957142857139,13.484936180952095,0.12340571428571426,-0.16608857142857175,1.0,5.500999999999998,7.503,1.0,350
si350,t3,5,0.09915714285714526,-7.395150066666847,-0.00942050797730579,1.476949957844898,-57.755894831111505,0.0020774568288849634,-0.3554016991522025,15.267155169712513,-0.20247142857143235,17.611641966666998,0.13250285714285712,-0.16024857142857124,1.0,6.009,6.5,1.0,350
si350,t3,6,0.04459999999999896,-4.038470866666573,-0.009047651676052483,1.6904464815841589,-78.82259896612237,0.000584672470385786,-0.12666611491346824,6.8801088238878725,-0.15920000000000512,16.168845066667192,0.12201714285714284,-0.1453200000000005,1.0,7.0,6.0,1.0,350
si1000,t1,1,0.017942857142857118,-0.16630464761904745,-0.008009648000455312,0.16513716661068054,-0.7406781444467385,-0.0002279643180174396,-0.00174422842720585,0.1623485600947799,-0.14091428571428594,2.600845371428575,0.10970285714285712,-0.08673714285714286,1.0,6.0009999999999994,6.501000000000001,1.0,1000
si1000,t1,2,0.012457142857142844,-0.32410830476190433,-0.008070962146997212,0.40236037967414806,-4.903987806925348,-0.0004803277283515143,0.019391892390193333,-0.06917816914809524,-0.12538571428571751,4.125841114285823,0.10826857142857142,-0.08634857142857146,1.0,6.004000000000001,6.501000000000001,1.0,1000
si1000,t1,3,0.01119999999999995,-0.45462346666666503,-0.008301978021977886,0.6514303574825083,-12.669868657557167,-0.0007969827931172837,0.06087383932773446,-1.0493466813835743,-0.10612857142857227,5.0602829428571825,0.11078857142857142,-0.08337428571428636,1.0,5.5,7.5,1.0,1000
si1000,t1,4,0.02077142857142888,-1.090109847619063,-0.007979540459539521,0.8635003559182679,-23.244889199232045,0.0006471585557297513,-0.08455796345366172,2.8149773424152666,-0.13548125684463555,8.400299822382175,0.11424571428571426,-0.0802857142857143,1.0,6.0,6.0,1.0009999999999977,1000
si1000,t1,5,0.010528571428571212,-0.7357922142857003,-0.007665294705295366,1.0505331185386937,-35.88122472363824,-0.0008597713354322598,0.11642444926377687,-3.8296861522792427,-0.10673465411660081,8.188975848937678,0.11042285714285713,-0.0814342857142862,1.0,6.0,7.009,1.0030000000000001,1000
si1000,t1,6,0.018557142857143948,-1.5188334238096093,-0.00724879120879364,1.209675221224891,-50.34964360125191,-0.0007126131011847681,0.1139373822064074,-4.425042931256502,-0.10224285714285886,9.32303055714301,0.11183428571428569,-0.08075142857142893,1.0,6.5,6.0,1.0,1000
si1000,t2,1,0.023657142857142877,-0.3210444952380954,-0.00854893980692701,0.2658341874791546,-1.9448278164099606,-0.000984352193178564,0.029062753131655544,-0.09562563214878199,-0.11117142857142971,2.6261538000000275,0.11604571428571427,-0.09180571428571495,1.0,6.001000000000001,6.504000000000001,1.0,1000
si1000,t2,2,0.024028571428571427,-0.6774076095238095,-0.00844949588306597,0.5101800642083391,-7.578774716361765,-0.0015479277864992268,0.09589343459968695,-1.370622469996691,-0.09561428571428529,3.6366247904761737,0.11891999999999997,-0.08771428571428568,1.0,6.000999999999998,6.5000000000000036,1.0,1000
si1000,t2,3,0.019314285714285364,-0.8360284952380813,-0.00951985728557183,0.8453307175567522,-18.646430724765093,-0.00100367346938768,0.08818185795917642,-1.8162032064341105,-0.11178571428571321,5.8895649999999415,0.1189142857142857,-0.08684285714285751,1.0,5.5,7.0,1.0,1000
si1000,t2,4,0.01858571428571413,-1.0792382952380863,-0.009494294277150475,1.1203431143940676,-32.92986701150501,-0.00033335139914319865,0.033033539204696746,-0.6592921005371818,-0.14108571428571456,9.505565809523826,0.11965142857142855,-0.09370285714285732,1.0,5.5,7.000999999999998,1.0,1000
si1000,t2,5,0.0211428571428581,-1.5306542857143517,-0.007891430669769802,1.1683755829418094,-43.11929860986486,0.0008113726654468204,-0.13706141689627632,5.846810125129089,-0.13989999999999772,11.47453063333314,0.12354285714285712,-0.09225142857142853,1.0,6.504000000000005,6.007999999999996,1.0,1000
si1000,t2,6,0.00912857142857154,-0.8333721857142949,-0.008344672470391844,1.4764788868968464,-65.18858935620898,-0.0014973515560064907,0.2663021647685784,-11.722330013776727,-0.0856857142857145,8.266138276190492,0.11966285714285713,-0.08142285714285742,1.0,6.0,7.0,1.0,1000
si1000,t3,1,0.020614285714285755,-0.18704001428571446,-0.008266229279857,0.17573363780923662,-0.8094618238222141,-0.0005125274725274581,0.00483252219780175,0.13687849543975217,-0.11788571428571391,2.212426685714278,0.12234285714285713,-0.08486285714285738,1.0,6.002000000000001,6.5,1.0,1000
si1000,t3,2,0.014614285714285719,-0.36741438571428575,-0.01011350336851091,0.5035420897918534,-6.146432883987616,-0.0007332064806350962,0.033042309464800045,-0.24116877321071914,-0.12541428571428584,4.170777228571433,0.1204342857142857,-0.09235714285714289,1.0,5.504000000000001,7.001000000000001,1.0,1000
si1000,t3,3,0.02124285714285685,-0.8136740666666562,-0.009096155273298328,0.7199075623348231,-14.123280694968889,-0.0007325237787422968,0.05415946033798413,-0.8690672040238877,-0.13180000000000053,6.296445200000025,0.12169142857142855,-0.09660000000000032,1.0,5.5,7.0,1.0,1000
si1000,t3,4,0.02705714285714328,-1.407194038095259,-0.00801967032967122,0.87258463083212,-23.609131330404228,-0.00034519765948320757,0.03048032059367233,-0.5063602146996875,-0.13968547138137033,8.707836395868288,0.11887999999999997,-0.09615428571428583,1.0,6.5,6.0,1.0009999999999977,1000
si1000,t3,5,0.022057142857143146,-1.483414666666685,-0.008713690961140663,1.1994399220447276,-41.15106164852745,-0.0014663930608531067,0.20350825473807216,-6.942581645612832,-0.09248571428571696,7.114823780952592,0.12233142857142856,-0.0935885714285714,1.0,6.003,7.009,1.0,1000
si1000,t3,6,0.030471428571429152,-2.467722252380999,-0.009741664050236068,1.623140589604779,-67.4858302902257,-0.0010789879028530159,0.17862723828970048,-7.268797409352424,-0.10712857142857224,9.811893423809591,0.12282857142857141,-0.0924942857142859,1.0,5.5,7.0,1.0,1000
si5000,t1,1,0.005285714285714235,-0.1451598571428569,-0.0025753149671908578,0.06538790030756646,-0.31328822631726727,-0.004510865995258172,0.11444292704837333,-0.6311248843161006,-0.03310000000000024,0.5458212333333375,0.09181142857142856,-0.13002285714285702,0.9999999999999996,7.0009999999999994,6.001000000000001,1.0,5000
si5000,t1,2,0.025000000000000064,-0.49711166666666784,-0.004342310286752512,0.21106758996228375,-2.4604669965362587,-0.0027700356120708694,0.14550679100601788,-1.8073798808379737,-0.044499999999999325,1.4005096666666437,0.10591428571428568,-0.04532000000000002,1.0,6.004000000000001,6.500999999999998,1.0000000000000036,5000
si5000,t1,3,0.02051428571428629,-0.7097557714285907,-0.0031138404452694733,0.25500090676564796,-5.069559279933597,0.0004134983355044184,-0.04029260830448032,0.9780429206793033,-0.04220000000000015,2.5500441333333406,0.11931428571428569,-0.0414800000000001,1.0,4.0,23.0,1.0,5000
si5000,t1,4,0.018270121111900527,-1.1669922378166266,-0.004234359925788156,0.5738290601969003,-19.345314169769555,-0.0026443377902687633,0.3698258411931936,-12.835641668419006,-0.024795172511467796,1.8585611221708445,0.0964342857142857,-0.041782857142857156,1.0009999999999977,6.0,7.004000000000005,1.0049999999999955,5000
si5000,t1,5,0.026995815443271395,-2.1021358708096143,-0.0038915256172407826,0.642827576378051,-26.44999041074278,-0.002665418782897916,0.4503357902188797,-18.923150972909475,-0.022714285714286336,2.0349856666667225,0.10081142857142857,-0.03482285714285716,1.0030000000000001,5.5,7.0,1.0,5000
si5000,t2,1,0.028742857142857257,-0.4310815428571446,-0.003131263022691559,0.12759594029969892,-1.2032601677724366,-0.0026736547242139828,0.11877362931670908,-1.2188334399735776,-0.024714285714285623,0.6826241428571401,0.09945714285714283,-0.026851428571428613,1.0,5.5,7.004000000000001,1.0,5000
si5000,t2,2,0.020077817594387763,-0.5927911070777017,-0.0031612715855574617,0.2211425611303098,-3.769053795399078,-0.003355067789353055,0.25086866431850324,-4.592833404662664,-0.029314285714286372,1.2356770666666956,0.09777714285714284,-0.021457142857142925,1.0009999999999977,6.5000000000000036,6.0,1.0,5000
si5000,t2,3,0.018585714285714598,-0.8222749619047754,-0.003170692164978124,0.3143018177708244,-7.691415553758232,-0.001957472527472664,0.20026759886971635,-5.025044444352606,-0.043585714285715754,2.484033057142941,0.09930285714285714,-0.021802857142857145,1.0,6.0,6.5,1.0,5000
si5000,t2,4,0.012171428571428625,-0.7207056380952412,-0.0030947641673031018,0.39773914533936605,-12.681861006116598,-0.0022558768004086144,0.2982326657172827,-9.760106599551987,-0.03997142857142819,2.861750914285686,0.09820571428571429,-0.0191257142857143,1.0,6.500999999999998,6.003,1.0,5000
si5000,t2,5,0.009657142857142498,-0.7104252571428308,-0.00267809597820937,0.42373908342020516,-16.66373842291611,-0.003269359212216744,0.5310624195234019,-21.472331198499283,-0.016014285714286043,1.3766309571428854,0.09774285714285713,-0.014637142857142862,1.0,7.009,6.0,1.0,5000
si5000,t2,6,0.022042857142856188,-1.934123252380868,-0.002797431140287831,0.5239578145282467,-24.435283283199684,-0.0027356357927788527,0.5223953915228019,-24.839311981137502,-0.023700000000000186,2.3929465666666845,0.0999142857142857,-0.01471142857142859,1.0,6.0,6.5,1.0,5000
si5000,t3,1,0.02224285714285716,-0.08523427142857148,-0.0011859811616954474,0.03196513591836736,-0.09366597413348515,-0.0028427303855865847,0.06298340861767311,-0.25091970456501606,-0.021242857142857202,0.3530135666666675,0.09765714285714285,-0.0394714285714286,1.0,6.5,6.502000000000001,1.0,5000
si5000,t3,2,0.015742857142857176,-0.27433311428571494,-0.002156941667027304,0.10433759330430001,-1.1668751477780592,-0.0027366693013934676,0.14159043292535908,-1.7366091199660196,-0.01921428571428597,0.6071813809523892,0.09599999999999999,-0.005691428571428584,1.0,6.504000000000001,6.000999999999998,1.0,5000
si5000,t3,3,0.013185714285713981,-0.4121836476190376,-0.0015951805337520504,0.12498230869702387,-2.3582562968093543,-0.0022359697445409055,0.18144984277434548,-3.5903601992086176,-0.023457142857143055,1.0898264952381043,0.09030857142857142,0.004277142857142849,1.0000000000000036,6.5,6.0,1.0,5000
si5000,t3,4,0.009199999999999948,-0.411182133333331,-0.0013666783636532948,0.1470104143762266,-3.8684278962169207,-0.0027372513201084714,0.30412505747966484,-8.360433432371165,-0.014714285714285569,0.908699333333324,0.08545142857142855,0.012879999999999992,1.0,7.0,5.5,1.0,5000
si5000,t3,5,0.009342857142857196,-0.5458565142857174,-0.0010603656056828502,0.14576305688366653,-4.925106926559237,-0.002499460181141467,0.35041273824078456,-12.195216439718452,-0.013942857142857432,1.0708624000000213,0.08415428571428571,0.019988571428571432,1.0,7.000999999999998,5.503,1.0,5000
si5000,t3,6,0.006040273412213275,-0.4275459926699766,-0.0008610195569141378,0.14409031961224916,-5.945098065892171,-0.0027110223110240533,0.4607076872463923,-19.488385263101854,-0.010157142857142863,0.9420247190476191,0.08285714285714284,0.026211428571428563,1.0030000000000001,7.506,5.0,1.0,5000
si5000,t3,7,0.0057285714285716565,-0.4791670523809731,-0.0008505734925549553,0.16646953114551827,-8.060898497786255,-0.0027039826839852835,0.5396070107364579,-26.835609106424883,-0.014371428571427886,1.5303451714285004,0.08444571428571428,0.03402571428571429,1.0,8.0,4.5,1.0,5000
si12500,t1,1,0.012200000000000188,-0.25748313333333606,-0.002344605889854986,0.10866758170521074,-1.17312831635234,-0.005679220779220534,0.2707134519480404,-3.140983172229732,-0.025214285714286057,0.7002835000000096,0.08053142857142856,-0.09164000000000007,1.0,8.004000000000001,4.5,1.0,12500
si12500,t1,2,0.01070575516770536,-0.30480724187231506,-0.0019142284606149932,0.1375749789491177,-2.3724083314562177,-0.003070169830169775,0.22989629442557002,-4.202484549765188,-0.02675714285714288,1.150712695238096,0.10020571428571426,-0.0038171428571428705,1.0009999999999977,7.0000000000000036,5.5,1.0,12500
si12500,t1,3,0.008042857142856992,-0.3280802190476124,-0.001284292178409735,0.13217746576783704,-3.296583162155638,-0.00350078492935527,0.3650143799056913,-9.409600252995272,-0.013942857142857534,0.8164599619047844,0.10222285714285712,0.014808571428571409,1.0,7.0,6.0,1.0,12500
si12500,t1,4,0.014200000000000058,-0.8011454666666703,-0.001340522217593159,0.1764120189007036,-5.701261092708061,-0.003176193012630393,0.42392963434822994,-14.041030511365447,-0.016242857142856882,1.1888785619047428,0.10153142857142856,0.016319999999999987,1.0,6.500999999999998,6.003,1.0,12500
si12500,t1,5,0.011828571428571105,-0.8316852952380713,-0.0013128276538435565,0.21110206198095735,-8.382616056697088,-0.0032353246753247787,0.5273591231168999,-21.385128805305634,-0.020771428571428243,1.820124638095209,0.1024742857142857,0.020765714285714287,1.0,7.009,5.5,1.0,12500
si12500,t1,6,0.008600000000000154,-0.7207788666666803,-0.0012203878474464566,0.232475876934119,-10.965738770906674,-0.0034720137005841427,0.6675404272297303,-31.97861840594043,-0.009585714285714315,0.9969464333333359,0.10410285714285712,0.024119999999999996,1.0,7.0,6.0,1.0,12500
si12500,t2,1,0.006400000000000003,0.024648533333333323,-0.000889450549450549,0.018593026875981168,0.003795647496985814,-0.0019692257219330635,0.03990714610579038,-0.10419504232733993,-0.016399999999999932,0.29064093333333224,0.09632571428571426,0.03175999999999999,1.0000000000000002,6.5,6.002000000000001,1.0,12500
si12500,t2,2,0.004914285714285741,-0.039076609523809994,-0.0008010642673761539,0.04050145783208635,-0.4099326103164994,-0.002681175745487405,0.13499134061221701,-1.5976039247957352,-0.01011428571428566,0.34220636190476017,0.09937714285714284,0.03490285714285714,1.0,7.004000000000001,6.000999999999998,1.0,12500
si12500,t2,3,0.007885714285714412,-0.20615040000000398,-0.0008811302982730901,0.07005962926216208,-1.2909742884816868,-0.003065637219923022,0.24526492446982323,-4.80410072189259,-0.015028571428571419,0.7068008761904755,0.09906285714285712,0.03168571428571426,1.0,7.0000000000000036,5.5,1.0,12500
si12500,t2,4,0.00668571428571435,-0.26998312380952677,-0.0010748979591836954,0.1152596709723913,-2.990612911508394,-0.003175464535462715,0.3481755383814131,-9.444389671304336,-0.016528571428571535,1.017362828571435,0.09823999999999998,0.03157714285714283,1.0,7.5,5.0,1.0,12500
si12500,t2,5,0.006057142857142738,-0.32620860952380215,-0.000784819995877994,0.10915654080661497,-3.6911829341067715,-0.0029764981328616086,0.4117711509566263,-14.13891315410835,-0.010357142857142645,0.7999530952380793,0.0999142857142857,0.029471428571428593,1.0,7.000999999999998,6.003,1.0,12500
si12500,t2,6,0.01024754838269389,-0.7345425718509622,-0.0009582464130149852,0.15982795850267928,-6.56525972348057,-0.002809236477807333,0.47069006326235313,-19.61582344405302,-0.010728571428571637,0.9858739571428762,0.09709714285714283,0.02941142857142857,1.0010000000000048,6.507999999999996,6.0,1.0,12500
si12500,t2,7,0.008042857142857044,-0.6846176333333245,-0.0009631304829622995,0.18859614405390754,-9.133457943401554,-0.0028753018410134818,0.5663898916735154,-27.793037665148496,-0.012028571428571841,1.279486676190519,0.09748571428571426,0.03196857142857143,1.0,7.0,5.5,1.0,12500
si12500,t3,1,0.006308821564157238,-0.025223879074773792,-0.0008293924237235945,0.02976469710387518,-0.1765255487141776,-0.001962236816962549,0.07171814347338486,-0.5620665760581698,-0.006814285714285698,0.19933382380952339,0.09336,0.03202285714285715,1.0009999999999994,6.501000000000001,6.504000000000001,1.0,12500
si12500,t3,2,0.008128571428571426,-0.15860329047619046,-0.0008332868186335101,0.054785274618898996,-0.8043905989472543,-0.0023603938918224376,0.15636378761809455,-2.494643130175353,-0.007885714285714203,0.3391580190476159,0.09377714285714285,0.03645714285714285,1.0,6.500999999999998,6.0000000000000036,1.0,12500
si12500,t3,3,0.0072428571428570215,-0.24287092380951894,-0.00103824856258295,0.09643266229102386,-2.1467966251155253,-0.0038558441558437023,0.3742308813852357,-8.985789108627422,-0.009185714285714418,0.5228290761904834,0.0936342857142857,0.036368571428571445,1.0,8.0,4.5,1.0,12500
si12500,t3,4,0.007042857142856984,-0.3370562190476104,-0.0009147018807520213,0.11251737635851071,-3.3659314665475204,-0.0030713530242974713,0.38540568555016025,-11.995283991636912,-0.011100000000000134,0.7842065000000088,0.0948742857142857,0.036139999999999985,1.0,7.5,5.000999999999998,1.0,12500
si12500,t3,5,0.0053571428571429856,-0.3261479761904851,-0.0007424106998160754,0.11476970246844646,-4.3380214887410915,-0.0021884165931231356,0.3370809728252044,-12.884472650980989,-0.017257142857142842,1.4511478476190462,0.09408571428571427,0.035951428571428565,1.0,7.004000000000005,5.507999999999996,1.0,12500
si12500,t3,6,0.0038428571428569657,-0.27879756666665184,-0.0007029971988794992,0.12947229518206366,-5.864254268896327,-0.0028352732981295633,0.5212955708632641,-23.865788290971587,-0.008542857142856993,0.8644582761904616,0.09389714285714283,0.03650857142857144,1.0,7.5,5.5,1.0,12500
