sample_name,pump_rollers,cycle_number,a1,a2,a3,a4,h1,h2,h3,h4,b1,b2,b3,b4,duration_sec,flow_max_ml_min,flow_min_ml_min,viscosity_cp
CF955,2,1,0.06863227753216009,0.49899999999999994,0.7841969158842362,0.9088605683140328,0.3749577716367339,0.06605174444817778,-0.08789541453572505,-0.3435820142810169,0.020398894551988022,0.060436559241343724,0.013201869213408247,0.017928812513192633,167.5,-0.008,-0.039,1.0
CF955,2,2,0.034276700390242845,0.49899999999999994,0.8066396290325006,0.9480802040483269,0.35801128668053117,0.07626206747542087,-0.10101332456602383,-0.3577370809437853,0.018273891186497564,0.09899999999611403,0.017680757953899492,0.023013585313681768,154.5,-0.006,-0.047,1.0
CF955,2,3,0.06810089290645743,0.49899999999999994,0.7976859548965407,0.9435488930491019,0.3637643543254445,0.06689524490138793,-0.07334691097526885,-0.3720514354710646,0.020351007686045423,0.07616414017953785,0.01550986297542473,0.01917930520030191,159.5,-0.004,-0.051,1.0
CF955,2,4,0.0744223769482937,0.49899999999999994,0.5041899796079439,0.9200572827635712,0.3870952553900227,0.9899999999999999,-0.9665111918185368,-0.4786522021033382,0.022221498124279235,0.08912926016400198,0.09899999999999999,0.03585913460174604,164.5,-0.001,-0.051,1.0
CF955,2,5,0.047345458361012616,0.49899999999999994,0.7800774567785581,0.9189901079812818,0.3913936418414648,0.07682279229426495,-0.10838340350854539,-0.3610905243307473,0.022825469504122186,0.09899999999999999,0.014685599086948468,0.018654286281733518,159.5,0.001,-0.058,1.0
F50,2,1,0.061669757056939015,0.49899999999996325,0.7704451531954447,0.9069965503041648,0.5177141762462099,0.038287553946120184,-0.12915685797557555,-0.41166657346232327,0.019114623813027483,0.061001426825282076,0.01427389036570933,0.018413186435415008,161.5,0.033,-0.068,50.0
F50,2,2,0.03535182046637541,0.49899999999999994,0.7870907927723614,0.9569500842942379,0.7309631872541428,0.050033604946708374,-0.1481100210649949,-0.7329024576735103,0.01727727136030763,0.055844816099016405,0.016311743980200067,0.029882259022228835,157.5,0.032,-0.055,50.0
F50,2,3,0.05155429384285969,0.4973606557377049,0.8399718058366423,0.9899999999999999,0.6245216525345555,0.03541442361718316,-0.12884841249804166,-0.7490616334263704,0.023551803676156533,0.04371308510242584,0.014790284293953656,0.01248332994584009,152.0,0.035,-0.065,50.0
F50,2,4,0.10003209434729049,0.4974326018808292,0.8592979606076939,0.9899999999985417,0.5508614991649428,0.021787628262456827,-0.12365973252069892,-0.6174722660476495,0.033196541133530925,0.05309548847016883,0.014756047722322344,0.011682593206926693,159.0,0.034,-0.08,50.0
F100,2,1,0.10556874979881643,0.49745201238390085,0.49845201238390097,0.9899999999999999,0.5989998930331445,0.4834165019363334,-0.49844463355138635,-0.8164442551353855,0.02839598285310579,0.0827776869994074,0.09899999999999999,0.039283848068646904,161.0,0.038,-0.057,100.0
F100,2,2,0.09373745542760248,0.49899999999999994,0.5000000000000001,0.9683084864013604,0.7175211763602016,0.6163663107278644,-0.6414812523594736,-0.9878050519955002,0.038571155706737185,0.08219355169334432,0.09899999999999999,0.048287328811119724,166.5,0.037,-0.057,100.0
F100,2,3,0.07220526891718648,0.49899999993743765,0.8061955136596349,0.9342261551034666,0.5411406141132462,0.03619915157448421,-0.12010918376463349,-0.46086351995173624,0.019842431475173315,0.03974303795749502,0.014659176754495414,0.018713608303349283,162.5,0.034,-0.066,100.0
F100,2,4,0.06334882144515215,0.49899999999999994,0.5009824950368508,0.9899999999999999,0.6143068159819135,0.8912785439886317,-0.9899999999999992,-0.7479943847337283,0.03350610271902057,0.07634268070515032,0.09899999999999999,0.01624616973916383,154.5,0.036,-0.086,100.0
F100,2,5,0.08868488111615942,0.10764738935742375,0.8231894187977471,0.9665492408426706,0.5241577111322321,0.04624649719528564,-0.08514971024896421,-0.5873168099943692,0.03555420108578265,0.09899999999999999,0.012791389461983507,0.023646066924784943,164.5,0.035,-0.086,100.0
F100,2,6,0.05580072632098863,0.06234783260812007,0.8493619578387804,0.9899999999999999,0.7319960116509843,0.07266270163180658,-0.12154691879109789,-0.9663357592972317,0.0369621359617999,0.09899999999999999,0.01400135445400207,0.013018642055140193,158.5,0.032,-0.066,100.0
F100,2,7,0.09981863595249242,0.49899999999999994,0.7823396341427966,0.9110690615608124,0.5483923464019883,0.04809731412891257,-0.1277676710225055,-0.4753798588734473,0.021087592502747898,0.07503145685407561,0.013272300142517846,0.025110969997878464,172.5,0.034,-0.058,100.0
F100,2,8,0.031533222225299376,0.49899999999999956,0.7656497193446057,0.9231698331033986,0.65427334120026,0.054421190653139905,-0.10363245808942695,-0.47164388523254913,0.016074550344592056,0.07377685496217048,0.013998455262576929,0.027784998974981923,158.5,0.035,-0.073,100.0
F200,2,1,0.10442319964925345,0.4975250737463126,0.4985250737463127,0.9280110344507294,0.6043516034831039,0.9332751288626564,-0.9899999999999988,-0.6457136288384275,0.02466875826788318,0.0815071770500148,0.09899999999999999,0.03577798725883572,169.0,0.036,-0.06,200.0
F200,2,2,0.05472612191919295,0.49748942598187307,0.8909587815943728,0.899037595959128,0.6177563405771703,0.05565340873147012,-0.1632187453909202,-0.6138211829246306,0.020909323219488647,0.04716497706251063,0.009854774862026393,0.06253092107352373,165.0,0.034,-0.059,200.0
F200,2,3,0.013273018430470303,0.4973606557377049,0.8208087117456133,0.9851941284347222,0.8462871860866168,0.058275316886258935,-0.16676658298069946,-0.9899999999999999,0.020385262307088436,0.07694819641563488,0.018991653486684763,0.01680634925347733,152.0,0.033,-0.057,200.0
F200,2,4,0.07770583268741986,0.4989999999999832,0.8157325709725617,0.966431859837714,0.6928573738842598,0.03466184923976432,-0.13015284923854192,-0.743989901939924,0.03036986998387532,0.052050309368117366,0.014339637999555576,0.025802025582445525,164.5,0.034,-0.058,200.0
F200,2,5,0.07779223643243402,0.49899999999999994,0.5000000000000001,0.95363393493156,0.6078747812718276,0.5973621323522614,-0.5939240817463219,-0.9237055099258288,0.025689251459669098,0.08500416577273709,0.09899999999999999,0.04981873842612741,162.5,0.035,-0.058,200.0
F200,2,6,0.0629488843509638,0.49899999999999994,0.5000000000000001,0.9358962068291421,0.671415506086278,0.962641744790104,-0.9899999999998955,-0.7440562734168149,0.023703812258021328,0.08542476673820218,0.09899999999999999,0.038749555968115273,162.5,0.034,-0.057,200.0
F350,2,1,0.05255024045409991,0.15021255050498258,0.8723203388740716,0.9822936557319292,0.7476526670983417,0.18368635847639336,-0.2633799806283286,-0.9899999999999997,0.037643170881974414,0.017860011531970765,0.032018709015531034,0.026249279357596505,84.0,0.07,-0.07,350.0
F350,2,2,0.04488313628998326,0.49577419354838703,0.7895107871501524,0.9813879507359617,0.8653091879153081,0.040297904899900004,-0.04785941301619932,-0.9899999999828667,0.02293548221083017,0.04265145866058661,0.010479379098854562,0.03473784965766812,77.0,0.069,-0.07,350.0
F350,2,3,0.08131108263064164,0.4959325153374233,0.8064909809331238,0.9782864341576492,0.8515075058125232,0.039365921125092844,-0.04230165508822728,-0.9899999999999999,0.03415041027740049,0.056823080605386385,0.008837210711975805,0.03646488935227016,81.0,0.065,-0.067,350.0
F350,2,4,0.031772077039018284,0.10637575159853242,0.8443973693968178,0.981918534024364,0.3978380129749211,0.5544691762569164,-0.14701314668870874,-0.9899999999999999,0.013542590915367215,0.027551350116029227,0.023531812900957592,0.03405439244650286,83.0,0.069,-0.065,350.0
F350,2,5,0.05376193104379179,0.49577419354838703,0.8640132135321085,0.9899999999999999,0.861205788139403,0.03258678548289942,-0.06132827185710249,-0.9899999410912366,0.02712886783383335,0.022214050895153103,0.03430949371166871,0.03577357942614886,77.0,0.068,-0.076,350.0
F350,2,6,0.09374189105119472,0.4959325153374233,0.8815009218428813,0.9899999998490195,0.7532553030550447,0.03135456836870361,-0.09475504950782096,-0.9700999980044648,0.03621243931229642,0.024327852573207086,0.02871735245198593,0.031839293929869485,81.0,0.065,-0.076,350.0
F350,2,7,0.0870747835401315,0.4959325153374233,0.4969325153374234,0.9829138712733364,0.8144661229602289,0.4883449766011057,-0.5091281347241381,-0.9899999999999999,0.03782994650926468,0.0806175155894482,0.09899999999999999,0.038280514857187406,81.0,0.069,-0.075,350.0
F350,2,8,0.028859687733924343,0.09850177805194779,0.8535106912869678,0.9808860588740641,0.42239923920189715,0.534415394848867,-0.19335147625023044,-0.9755088568611104,0.012413940521251709,0.02712615337986694,0.0250539100401304,0.03547411134670592,83.5,0.068,-0.073,350.0
F350,2,9,0.04464122640554485,0.49577419354838703,0.49677419354838714,0.9839793216152991,0.7867104987494363,0.3928966712194709,-0.37530733214118445,-0.9899999999999999,0.023029409224355587,0.08346191635609806,0.09899999999999999,0.045658552103525867,77.0,0.064,-0.076,350.0
F500,2,1,0.09007880355316635,0.49899999999999994,0.5000000000000001,0.9758981933295565,0.8942636464151895,0.5277494379963297,-0.550965486102623,-0.9899999999999999,0.03616627457528244,0.07584109258424898,0.09899999999999999,0.039790608864750165,80.5,0.073,-0.063,500.0
F500,2,2,0.07712547630096733,0.49589440993788814,0.49689440993788825,0.9899999999999999,0.8296811468387277,0.2153313409129793,-0.20998513181201753,-0.9888384041252564,0.03512501344678942,0.07271815442210987,0.09899999999999999,0.038958910797587544,80.0,0.067,-0.083,500.0
F500,2,3,0.03293685678385508,0.1103036118635452,0.8738404330999268,0.988873693148935,0.3656331324499471,0.5157997875388183,-0.09828491000879658,-0.9899999999999999,0.01401202228968179,0.029503422886511362,0.028875339145724436,0.03123705116966765,82.0,0.071,-0.083,500.0
F500,2,4,0.03051079768080845,0.10322313482583577,0.8860759493666165,0.9872664036232971,0.38432072232579956,0.5357193919982489,-0.13455770258146302,-0.8539723089146309,0.012889460586409987,0.029391970964344944,0.023243976601114342,0.029829687003410762,78.5,0.066,-0.065,500.0
F500,2,5,0.07045874717542029,0.49899999999999994,0.8576047331238605,0.9839154627692746,0.8733756997609359,0.04082725352033116,-0.2867900844632088,-0.989999999878157,0.03313526893279502,0.05178936592852708,0.03505687793088845,0.031195590471909576,85.5,0.068,-0.077,500.0
F1000,2,1,0.04441596641499959,0.1450806983259569,0.8752828773592282,0.9807310573577448,0.853227507090863,0.18432568025310653,-0.3583245927279551,-0.9899999999999999,0.024791487906132576,0.014950165337924422,0.031020684023012654,0.02620799383912728,81.5,0.071,-0.053,1000.0
F1000,2,2,0.05082518154855466,0.49899999999999994,0.8403823947247382,0.9836231232495576,0.8254253127718805,0.04504025063225914,-0.07907341009816155,-0.9899999999999999,0.025801189564198027,0.03290161848756673,0.026447622378278215,0.03562529531226916,77.5,0.076,-0.067,1000.0
F1000,2,3,0.033181535445501266,0.1104907425258313,0.8420764952810798,0.9793302818769238,0.3537836730781367,0.5561989941052611,-0.12414705806990625,-0.9899999999999994,0.013852152495300274,0.030206487583191676,0.023037477092636233,0.030260453736963608,82.0,0.075,-0.067,1000.0
F1000,2,4,0.02813709479759677,0.09218205984810508,0.8520996476618304,0.9763687552514834,0.39682434699464597,0.5857943518766819,-0.26342827774084226,-0.9899999999997365,0.011458766550285507,0.03016835405394947,0.025791825914435556,0.032542822185473955,82.0,0.073,-0.053,1000.0
F1000,2,5,0.04662827429264723,0.49577419354838703,0.823487940391889,0.9783935967407454,0.8169001573927711,0.05135196229386401,-0.07574012114079552,-0.9899999999999999,0.023768622202499555,0.0693900287455784,0.020264397387604355,0.035599976480056306,77.0,0.07,-0.062,1000.0
F5000,2,1,0.08261858371829364,0.49432710280346925,0.8748930769814823,0.9836574050697091,0.91970702928249,0.15715612559072664,-0.35713010838873116,-0.9899999999804084,0.042779168631477626,0.09899999999999999,0.031495444416373246,0.03104940123651255,53.0,0.115,-0.027,5000.0
F5000,2,2,0.09054814631952789,0.49899999999999994,0.8641706815223875,0.9842658277845543,0.9450722825294221,0.1607220548578354,-0.4184589356023504,-0.9899999999998634,0.04625955391257758,0.09899999999999999,0.03916367384005869,0.0344224854303573,54.5,0.112,-0.026,5000.0
F5000,2,3,0.07707386102631679,0.4943271028037381,0.8700437736177028,0.983625605860549,0.9117006854470838,0.1483766331132055,-0.44535552966713304,-0.9899999999879807,0.045936239089156165,0.09899999999999999,0.03688718962984606,0.0320359477675588,53.0,0.11,-0.026,5000.0
F5000,2,4,0.07746191209566586,0.49449549549549543,0.8447230902810939,0.9767957583566458,0.8942687543938538,0.16421961464773283,-0.41019928974988945,-0.9899999999999999,0.04096135857661191,0.09899999999999999,0.03826427891472251,0.03720048820306181,55.0,0.11,-0.026,5000.0
F5000,2,5,0.06795244100212676,0.49432710280373826,0.8678556947622115,0.9875018172835979,0.9266922082643937,0.16156540751009255,-0.5252205854875889,-0.9899999999998422,0.042456227990703865,0.09899999999999999,0.04550632914365896,0.034726770739460434,53.0,0.105,-0.02,5000.0
F5000,2,6,0.07626033425825736,0.49432710280373493,0.8717936239206228,0.9832444614157978,0.9383314252735581,0.15425517174753475,-0.47215132235891355,-0.9899999999997007,0.04667606155097663,0.09899999999999999,0.037045859914011256,0.031020506546772336,53.0,0.105,-0.02,5000.0
F12500,2,1,0.1091522296269946,0.49899999999999994,0.8796296296293543,0.9851593129372496,0.7214092279928654,0.36558715248327167,-0.47735194696434885,-0.9899999999999999,0.05774774418670627,0.09899999999999999,0.036092890344816504,0.02971281598906703,53.5,0.122,0.017,12500.0
F12500,2,2,0.09854858082534214,0.49899999999999994,0.8625674173776067,0.9782457233631651,0.8131069664024964,0.38416652209074137,-0.5331394207617453,-0.9899999999996942,0.06938279665012508,0.09899999999999999,0.03775611886130736,0.03067934269614865,54.5,0.121,0.022,12500.0
F12500,2,3,0.10519612209762319,0.494575221238938,0.7908113471804505,0.9273180503440449,0.7352128851755184,0.4053028430515723,-0.33029175962970836,-0.9899999999999209,0.06183718153035055,0.09899999999999999,0.027466545008589645,0.051330649387531485,56.0,0.125,0.022,12500.0
F12500,2,4,0.08180222940056366,0.46561176324589626,0.7917091219907554,0.8938053097345133,0.5798948652940145,0.39761160398050954,-0.8921678157498041,-0.07525838063953053,0.05204833038729277,0.09899999999999999,0.03920943814994842,0.008454862548273058,56.0,0.124,0.022,12500.0
F12500,2,5,3.7532314838168086e-34,0.4891823379178824,0.6858083052265808,0.9899999999999999,0.8106816988466319,0.1453787756446743,-0.5030240257028454,-0.8465818968384126,0.09899999999999998,0.04153797853865705,0.04584383826570009,0.09899999999999999,61.5,0.124,-0.045,12500.0
CF955,3,1,0.04545836918275267,0.2134376120674546,0.4951456310679612,0.9728003650602864,0.373821413861152,0.10552785962350947,-0.010000000000000002,-0.6875700295985743,0.05361687687573117,0.03700778825367109,0.09899999999999999,0.03906063363103965,51.0,-0.002,-0.062,1.0
CF955,3,2,0.10545181916715352,0.4829952570350307,0.49541284403669733,0.9866098645882364,0.28638439283066763,0.989999999999983,-0.9095447814769608,-0.6243336309853497,0.0505910060542208,0.09899999999999999,0.08779575199102035,0.043796527125518306,54.0,-0.003,-0.084,1.0
CF955,3,3,0.051653507128343656,0.163571591399541,0.660278096262606,0.9739231574868309,0.2108845939807035,0.2302112561939444,-0.010000000000308727,-0.4816944770200401,0.022133680196782694,0.05420040477552071,0.008590053804621559,0.035231798069871645,54.5,-0.001,-0.087,1.0
CF955,3,4,0.05161079700862166,0.16431583670981584,0.6686139103218615,0.9776392380075463,0.19887493935712602,0.23824229098706642,-0.011825129845470614,-0.4219884840639721,0.021921499908520513,0.052923047229870034,0.010753453737441928,0.039042986043469965,54.0,-0.002,-0.087,1.0
CF955,3,5,0.059977880042330484,0.20942090107920885,0.5000000001114082,0.9826360026413222,0.2945336073902338,0.23277016275121631,-0.016126989566368776,-0.4853992651831056,0.027234447561663256,0.06251351730658163,0.04549457341032932,0.04443843500827063,53.5,-0.001,-0.072,1.0
CF955,3,6,0.08005379315914019,0.48481428473627863,0.5000000000000001,0.9862529807610472,0.3874183425522833,0.9899999999999999,-0.8817216545986257,-0.6901859544347508,0.040144612574967244,0.09899999999999999,0.08344581168959096,0.04126547372229025,55.5,-0.001,-0.081,1.0
CF955,3,7,0.08564016432917564,0.4911390563302556,0.5000000000000001,0.983955501830684,0.4153142801423567,0.9899999999999999,-0.9071706574266246,-0.7571121431955407,0.042857084887205146,0.09899999999999999,0.08676402728919148,0.0410315331879078,54.5,0.0,-0.081,1.0
CF955,3,8,0.08560451814955712,0.48032379033409045,0.4953271028037384,0.9823251803416836,0.3537858929538636,0.9899999999999975,-0.8704221134811371,-0.72503145361136,0.04172455666441651,0.09899999999999999,0.08157264119188945,0.04159696290999854,53.0,-0.001,-0.086,1.0
CF955,3,9,0.06725567829282111,0.23223761029766804,0.5000000000000001,0.9720225496926559,0.2330170225163087,0.16608740018988155,-0.010000000000000002,-0.511381894726126,0.030830219363731766,0.050661795166528543,0.041408596691327466,0.034081470958336246,54.5,0.0,-0.089,1.0
F50,3,1,6.52235902903124e-41,0.2067967035962248,0.7251643255250745,0.9848426709623808,0.5431645254833235,0.04313759401370575,-0.049070125937170854,-0.7038471171872762,0.09899999999999999,0.0054664362717883495,0.038436478605712775,0.014499137105208266,109.5,0.032,-0.172,50.0
F50,3,2,0.022756278054146154,0.20095695829205235,0.7698264792044994,0.9850883650341636,0.3842674680413919,0.18226536321022743,-0.038247399877490595,-0.6046818132825028,0.011230868353814429,0.022036575083717404,0.015857631651660726,0.014366756121576193,110.0,0.032,-0.172,50.0
F50,3,3,0.021072848172287387,0.21303551256000838,0.7332752626232606,0.984415622102199,0.49239728088417434,0.16248045926371885,-0.03010743760205,-0.8136452470815673,0.010744487204696278,0.019596276407444397,0.012962338836673129,0.014625320068960416,109.0,0.03,-0.174,50.0
F50,3,4,0.017567787144611966,0.2217668461788459,0.754747043902976,0.9847607689046682,0.33857035825117787,0.15110612119114944,-0.033667944456895346,-0.5935109210102556,0.01011953814321805,0.02062781592174041,0.01921287563658656,0.014261846730079141,110.0,0.028,-0.189,50.0
F50,3,5,0.0232860466932423,0.21371733402349996,0.7694625842594656,0.9849923200464782,0.42686374482919287,0.15524142564906804,-0.03280268149977103,-0.607585159790253,0.01151545108330203,0.0227582210310211,0.014382279648051317,0.013798459263197345,110.5,0.03,-0.189,50.0
F100,3,1,0.0155737887494827,0.1969895945346278,0.7439049520828392,0.9848108231654915,0.5608655672241694,0.18004911492498302,-0.04239174302419779,-0.9132505807123935,0.016124778567694804,0.021170987271694648,0.016276877461599892,0.014447102272985178,112.0,0.031,-0.161,100.0
F100,3,2,0.017495067053898816,0.1903690845712771,0.7422149271611072,0.9855447360689457,0.42623329506801483,0.19887079906559824,-0.04399665892412723,-0.77743818370402,0.011449983895124425,0.019633003885382482,0.019495108435032715,0.014853513779485726,112.0,0.03,-0.161,100.0
F100,3,3,0.03856947470785638,0.4967571879003424,0.7448488869249192,0.9853576840915372,0.6058049227577276,0.010000000000024788,-0.04465885659836276,-0.7618038234448474,0.07557539483563812,0.09899999999969583,0.02645783444640289,0.014892987379643561,111.0,0.032,-0.184,100.0
F100,3,4,0.022298200612909276,0.21136148759938575,0.7495067749542033,0.9857054878311834,0.4145547602678768,0.14299952992823292,-0.036849765673738016,-0.648695519881095,0.01090477707067974,0.023138660053415364,0.02054633527091604,0.014801580187725228,111.5,0.032,-0.184,100.0
F100,3,5,0.021692250609277847,0.20089605266752475,0.7609973746354013,0.9857000995018925,0.4495325075578625,0.2030662758743378,-0.03848901889416637,-0.7872909460045024,0.010605486078772153,0.02261669201501475,0.02090539127803695,0.015239700174317623,112.5,0.032,-0.151,100.0
F100,3,6,0.008716960767167612,0.20219167559215412,0.7513312995277889,0.9847854929352108,0.569056226810189,0.19026133264241277,-0.03873886768629851,-0.9524722794467638,0.016615596597487674,0.022061492448611653,0.011103694835112681,0.015020595163264984,110.5,0.032,-0.157,100.0
F200,3,1,0.01974622373281233,0.19569215235008308,0.7650018506121335,0.9873337911053617,0.5008273592772887,0.20307677111978867,-0.05859797475217751,-0.9183188112307505,0.013693980459996489,0.023318272752341836,0.02911893426331908,0.016242781432936868,113.5,0.035,-0.138,200.0
F200,3,2,0.02643395516648639,0.1776959897723251,0.7793521406618122,0.9853470004723354,0.4017605710965655,0.21196415689482498,-0.05577400694384255,-0.6817959909971552,0.013480472436175126,0.023169446128569655,0.018228208883166327,0.014331294861792538,111.5,0.033,-0.153,200.0
F200,3,3,0.023680677272072584,0.200639686068313,0.7590461164797221,0.9857366846676848,0.5429518958626346,0.1931843560467093,-0.044006198396366374,-0.7449517022932718,0.01179312165080383,0.0227844414817669,0.017368320490597704,0.01593840382911149,110.5,0.033,-0.153,200.0
F200,3,4,0.02137173526891297,0.20944231639971914,0.7543416085866899,0.9856863741980523,0.46519889298058315,0.19892549347687583,-0.0505091283795891,-0.8229424970562766,0.012175552700114736,0.02160590873133873,0.023003946674307673,0.014835312343505817,113.5,0.032,-0.152,200.0
F200,3,5,0.02218241285958959,0.19673021841951152,0.7554206643455437,0.9851346345653398,0.4392634830314664,0.2031409190021255,-0.04817391026331408,-0.73317707263212,0.010884541350639397,0.02189696578158226,0.017464883065299936,0.01393578345624229,112.5,0.032,-0.152,200.0
F200,3,6,0.021342610902619383,0.20884082155454026,0.7666800078628968,0.9864115914697852,0.5053779196183572,0.20848423254808632,-0.04902663957746533,-0.7028185154570308,0.010316319291469879,0.02027262839370242,0.018793018254745695,0.016203556749455266,111.0,0.032,-0.139,200.0
F200,3,7,0.026641163994722175,0.2037637056372083,0.7522858814464894,0.9851938483489137,0.5426619850292276,0.19329561907986503,-0.04799047733309078,-0.8557746377215885,0.013575009475897012,0.027102303555713966,0.012990151752500264,0.014914671283899785,112.5,0.032,-0.14,200.0
F350,3,1,0.024403882086975043,0.20055484707918841,0.747074154988731,0.9869377859572366,0.6033674832114453,0.1389767460390468,-0.04046453481301501,-0.5522641382924347,0.012220476395301747,0.02051719052141645,0.026775254561339345,0.016752365672780906,110.5,0.038,-0.212,350.0
F350,3,2,0.028579495729189736,0.20203482065067357,0.7513946265219233,0.9859163299161602,0.5330789065868439,0.21919733314471773,-0.06092935787328166,-0.9433051459283198,0.01481345723598739,0.02779075095550236,0.024594395623925278,0.015504665146818804,112.0,0.035,-0.127,350.0
F350,3,3,0.021448932288339394,0.20109882606289067,0.7592139918779913,0.98523418066012,0.533213282963426,0.22909920951312,-0.053052664341939546,-0.9090289517850858,0.010477396312841707,0.018624992823669147,0.01540965251423766,0.015252950119827753,111.5,0.033,-0.127,350.0
F350,3,4,0.02554331679712527,0.19835386151597795,0.7575981152270176,0.9863493840384292,0.5433925520601129,0.255107042869695,-0.06046870387236677,-0.9010696644684199,0.01292243774470672,0.02647843458107119,0.023264569149853465,0.01627922442808557,110.5,0.032,-0.121,350.0
F350,3,5,0.02495896911517492,0.19892173322804224,0.7750555998826433,0.9868045866391274,0.5736686075772139,0.23824625505547253,-0.062298252380365814,-0.8425236630775312,0.012555741545621984,0.02827046251346573,0.01690955343363901,0.016373717904189917,112.0,0.033,-0.121,350.0
F350,3,6,0.02494337564750643,0.19402907393450433,0.7685101972137124,0.9863242575694672,0.498328965135887,0.26602018976971065,-0.06348697169509843,-0.932695505913462,0.012685861155539149,0.025566772965518507,0.016965564652216072,0.016289686681494345,112.5,0.032,-0.119,350.0
F500,3,1,0.026326440800950937,0.18918689207402029,0.7586993358320846,0.9866078736091556,0.5423000971480127,0.28131192665406,-0.05892972046142853,-0.9596116157683329,0.013406309314821493,0.02715270566606935,0.028430616120511044,0.017104111488649477,110.0,0.031,-0.108,500.0
F500,3,2,0.024153455783405785,0.1992914345453992,0.7633425518211625,0.986484923403436,0.5864553043749242,0.24700670674368916,-0.061972317368208234,-0.9276579622771006,0.012189229585889222,0.022290737411112285,0.019456473798807643,0.01683423201578132,111.0,0.03,-0.108,500.0
F500,3,3,0.015940180225656558,0.1914833990641898,0.75031213878244,0.9819343710481605,0.5536119525199872,0.28589392484735465,-0.0633337998248887,-0.9899999999999999,0.015855018516662885,0.02005312930992083,0.020147519775845567,0.01679167467545631,113.0,0.03,-0.11,500.0
F500,3,4,0.02832534874179551,0.18286507608948338,0.766079969791078,0.9867632368908336,0.5021806887006319,0.2900621070079087,-0.07160563280125022,-0.7823183497754678,0.014392339701507615,0.031212896700227095,0.029039883069858226,0.01757800020813401,108.5,0.03,-0.11,500.0
F500,3,5,0.027133565865413937,0.19355148383891,0.7689443862698387,0.9869445471447763,0.5357861747359968,0.291216728281698,-0.07551100674072983,-0.9421526212608444,0.013810881614909828,0.034288629171063574,0.01909924451160433,0.01646760088314723,112.0,0.031,-0.102,500.0
F500,3,6,0.02587298744127578,0.18914227735558967,0.7668640613486486,0.986639159330434,0.5592575637366662,0.29078483765377755,-0.07356628712546474,-0.9083435505935535,0.013141515631053226,0.027845605265692665,0.019500852574898773,0.016757053197220952,111.5,0.031,-0.106,500.0
F500,3,7,0.02850061195100958,0.18361276401014096,0.7737651863166339,0.9885120747100806,0.4752498232154179,0.2958114369191379,-0.06582417912285536,-0.9899999997349446,0.014489011538157568,0.031605961962548536,0.02500330823834684,0.01897547550164259,110.0,0.031,-0.106,500.0
F1000,3,1,0.029139527053320752,0.12673198092471183,0.7585221103665475,0.9877442452472842,0.7636448239648883,0.15358022031024118,-0.0309774794082812,-0.34262737480138117,0.014442633482541026,0.04323556615942104,0.023030358934342958,0.01890376380294971,108.5,0.037,-0.362,1000.0
F1000,3,2,0.02945682471931472,0.17538232582970492,0.764586707246181,0.9876064349056461,0.45224409117909836,0.39312152912109116,-0.0813846272867365,-0.9592609842302158,0.014840868470947408,0.03434557212683929,0.031131416224709718,0.0186152631353239,109.0,0.034,-0.092,1000.0
F1000,3,3,0.02760779558531849,0.18709506094261144,0.7601349839114672,0.9858286089309781,0.5593854831663713,0.3512162508831157,-0.08130169491461804,-0.9899999999999999,0.014333561368925593,0.02681448005039847,0.022983157604581098,0.018546822275909022,111.0,0.033,-0.092,1000.0
F1000,3,4,0.018266202244873485,0.1834096011142017,0.753992077608488,0.978676303371283,0.530577686477524,0.37511283785952093,-0.07976951250782185,-0.9899999999999999,0.021127256572703663,0.022870068463298754,0.022479708050203873,0.016934820245528896,111.5,0.033,-0.089,1000.0
F1000,3,5,0.031701898822293434,0.16516186004713934,0.7687935711926104,0.9883051159027662,0.41923645991048397,0.42861802700305635,-0.09174815448286094,-0.9687751344156429,0.015441228019695231,0.03791556413210903,0.028791116872151395,0.0192620901454191,108.5,0.032,-0.089,1000.0
F1000,3,6,0.02876140473920766,0.17871361522964618,0.7763263494860225,0.9878809719412258,0.4809217865276692,0.3953701230983881,-0.09861901811002972,-0.9899999998328901,0.014512048992132882,0.036312874001267405,0.020313805700315633,0.018143041848905115,111.5,0.034,-0.083,1000.0
F5000,3,1,0.03605518722413358,0.12245397995513733,0.768677509620778,0.989999999999994,0.4287978531340306,0.574567857350204,-0.04287681526870658,-0.3631587235783422,0.015180999092629894,0.04259153500740852,0.02699124025826615,0.025403424330086483,107.5,0.057,-0.382,5000.0
F5000,3,2,0.030844848691496864,0.1605853746561067,0.7923451557311538,0.9786646414940862,0.21785077690577606,0.7701580835682116,-0.21178747254489053,-0.9899999999999999,0.017405337971363663,0.04598768788595656,0.027528741719347313,0.020715295164812405,111.0,0.054,-0.054,5000.0
F5000,3,3,0.09344773578821716,0.14203179037749072,0.7756545325627554,0.9735489738265624,0.430258918268486,0.6516559742533589,-0.23054407776091498,-0.9899999999999999,0.09899999999999999,0.039437163344107316,0.03269316851123792,0.019945937428998434,111.5,0.055,-0.048,5000.0
F5000,3,4,0.1302597357405568,0.19209267807646557,0.785959646562962,0.9764616354319055,0.8933727566172595,0.11796636188289969,-0.2104107290847094,-0.9899999999999999,0.05411557318247949,0.024802002721450767,0.039650909933300914,0.020717879284833846,110.0,0.052,-0.048,5000.0
F5000,3,5,0.048690235836132745,0.15493479770959392,0.7875015094118231,0.9739295585099721,0.3785931429501875,0.7284397263478655,-0.27040397110118264,-0.9899999999999999,0.09899999999999999,0.042496465685620696,0.046917525563838984,0.020285728933154504,112.5,0.05,-0.047,5000.0
F5000,3,6,0.14122963410415237,0.46235414870726677,0.7653699199518001,0.9816950103643857,0.9353963532653641,0.032986480874683984,-0.22548056990624782,-0.9899999999999999,0.04719021418252146,0.013984027999907837,0.03907204742307672,0.019820439751889022,110.0,0.049,-0.047,5000.0
F5000,3,7,0.0398909715578735,0.1747104013429677,0.7863037269031211,0.979659046947957,0.07984209582695168,0.8720909437890082,-0.18652422828731066,-0.9899999999999999,0.011683043488113682,0.047285907951037306,0.030073482138480073,0.021038129951233067,110.5,0.046,-0.044,5000.0
F5000,3,8,0.08971080910012151,0.17925292342265778,0.7768751917451981,0.9814085989027973,0.23697741641288297,0.7044646455035238,-0.19519814339971195,-0.9899999999999999,0.02198002227207261,0.045284871275808075,0.024146988446539536,0.02110220482647652,111.5,0.047,-0.04,5000.0
F5000,3,9,0.14732142857142855,0.49899999999999994,0.763198315247991,0.9792833814466927,0.9220521238625716,0.07545937700676447,-0.23854201709236988,-0.9899999999999999,0.04706802872416839,0.09164197449121371,0.04064262372864326,0.021582084953344183,111.5,0.046,-0.038,5000.0
F12500,3,1,0.14365647698831424,0.3302139743209044,0.7221662165689066,0.9290271579290347,0.7338924619009024,0.2547481604911906,-0.10019366217090388,-0.9886819269463301,0.04137849765743392,0.079890374842087,0.019963830382953057,0.03880236800225211,110.5,0.034,-0.02,12500.0
F12500,3,2,0.13237136386119838,0.4898523048257207,0.7362545955132013,0.938596992595383,0.9131299153612442,0.3221626487899827,-0.38975216907078236,-0.9899999999999999,0.0624295621150915,0.09899999999999999,0.09034697553410087,0.03568766243485947,109.5,0.034,-0.018,12500.0
F12500,3,3,0.13218975909823394,0.3853599545738813,0.712034688492486,0.9205251009127113,0.8020750978249808,0.24039653878595335,-0.1502033914506059,-0.9862519923007824,0.04688519918511508,0.07089750400644614,0.038176019983002484,0.03610634573351763,111.5,0.034,-0.018,12500.0
F12500,3,4,0.12566301133701585,0.32801585914127024,0.7310144215136167,0.9274320031798731,0.7478497170462303,0.26818959296767725,-0.12440042803477439,-0.9899999999999999,0.04270360373551905,0.07498566237720393,0.029064777946960205,0.03682893449199274,110.0,0.034,-0.017,12500.0
F12500,3,5,0.1253172845548525,0.17742632762256805,0.7284932308946855,0.9276062167717419,0.30558744678862326,0.7731859130298828,-0.14549843004299454,-0.9899999999999999,0.03017195549105031,0.09899999999999999,0.03346804897908222,0.03343039454709899,109.0,0.034,-0.018,12500.0
F12500,3,6,0.12195304404062089,0.16128953183235645,0.7950789512731669,0.9443810037244955,0.33671579754888975,0.8061078722495943,-0.2600636170825801,-0.9899999999999999,0.043969721633234614,0.09899999999999999,0.05674701105217342,0.03125300666400166,110.0,0.032,-0.018,12500.0
CF955,4,1,0.032671392974244956,0.2549317730972021,0.6447110067268542,0.9796486621718337,0.32447721089315945,0.1952539866483058,-0.0436319069052438,-0.48981311207702244,0.016410828205626542,0.030975899578029962,0.033400756997899954,0.019195057912292247,80.5,0.045,-0.203,1.0
CF955,4,2,0.031172889097728432,0.24275788389418473,0.6397929449871523,0.9787436464576014,0.23281106409392346,0.23308985257835757,-0.052401853393850555,-0.517536181712168,0.01569999908223134,0.028030524618797063,0.031057888506478625,0.018503544940855467,81.0,0.042,-0.176,1.0
CF955,4,3,0.030787016516289716,0.23368578886678423,0.6309252739574646,0.9791217837178946,0.2727496304138458,0.24133220766287553,-0.051875090216846255,-0.5940998323221113,0.022590229366682386,0.036117025685124864,0.029697718732950216,0.01873497389301821,80.5,0.044,-0.176,1.0
CF955,4,4,0.016475986218999716,0.23973749093045496,0.6339754492584948,0.9785826454226216,0.22631560425176397,0.24238493530654034,-0.04384134752100302,-0.5503801825749727,0.02591566060548706,0.03054461313620178,0.02737349432116532,0.01974149353444349,79.5,0.042,-0.17,1.0
CF955,4,5,0.028593425700090856,0.25608129749317843,0.6519268066405824,0.9791374697316704,0.3073718365884514,0.2074026086482937,-0.03954709106067539,-0.514266802829049,0.01401750546473291,0.02495877916810852,0.023346426138495052,0.017807672469258278,81.0,0.045,-0.187,1.0
CF955,4,6,0.030223892573129775,0.24859499611640268,0.664780397806504,0.9799123567991921,0.2631919028230718,0.20888583587794032,-0.04583012321140716,-0.5213217087850894,0.015117240403553202,0.028669955045357545,0.03467146081347477,0.018084030372520314,81.5,0.042,-0.19,1.0
CF955,4,7,0.04019265486997452,0.22700136418203382,0.641780921493455,0.9785759105008172,0.2749593298658561,0.21153405967447875,-0.03810871936037989,-0.5253141091520945,0.02072327637229999,0.026803170366196904,0.030331991054876016,0.018872815052620798,79.0,0.044,-0.19,1.0
CF955,4,8,0.02833134064315641,0.25656661234401973,0.5864818664118507,0.9790092357857421,0.30353925201419213,0.24483691891938367,-0.05517189661331779,-0.6278453439307539,0.013907256260911036,0.027201407583842124,0.05724561651181499,0.019084308524149142,81.0,0.045,-0.168,1.0
CF955,4,9,0.03422671727578469,0.23142080760914674,0.5977146658734733,0.9787360947584414,0.23672307808031706,0.25890403168762405,-0.05188230489344117,-0.5647751934010382,0.021806701308921598,0.032494211562693845,0.03865105528267743,0.018473162570231884,80.0,0.049,-0.161,1.0
F50,4,1,0.037730388540133386,0.24047189093318838,0.6412989206971963,0.9798556490454774,0.34336236278211446,0.21083551942378093,-0.06334612255330854,-0.5109438303831216,0.01933557228261848,0.029263687697504284,0.049196166355888304,0.02035987261418692,78.5,0.048,-0.147,50.0
F50,4,2,0.029374318627191448,0.2479158028250634,0.6497643281537846,0.9798460639222935,0.3913403632399973,0.24934826417667091,-0.06525667982505634,-0.6870608043712463,0.01458435121170599,0.022290162988292995,0.03479936106371243,0.0198178222678595,82.0,0.046,-0.124,50.0
F50,4,3,0.03366715735684995,0.23657225053627817,0.6589490384244543,0.9789217425967583,0.2794993745286978,0.26131333309678395,-0.07003063253133558,-0.6142436518738832,0.02205468075296538,0.03140147970046223,0.03663336985828823,0.01988533721491668,79.0,0.048,-0.124,50.0
F50,4,4,0.01837257947274469,0.2508564151336203,0.6695084852318313,0.9806202288752237,0.3370414741061553,0.2307829847216532,-0.06387126597554293,-0.6703035196565058,0.02010876476258535,0.02670290846184501,0.04064158439643926,0.019477090210363632,81.0,0.045,-0.142,50.0
F50,4,5,0.019868441008857707,0.24916589528532357,0.644799603028887,0.9795408968544554,0.29515851538929533,0.22521494902095535,-0.05391335153234241,-0.6270351361456102,0.018640826913167017,0.025894877600890993,0.024081838306577116,0.021383195523969896,80.0,0.048,-0.142,50.0
F50,4,6,0.032818436971981384,0.2431459006459524,0.6881138768511599,0.9818098031231681,0.3412277459954586,0.2410376070045896,-0.07879732992846396,-0.5269221323567711,0.016621639949383003,0.0321636497417839,0.04226224416902306,0.020149836869846807,81.5,0.045,-0.13,50.0
F50,4,7,0.041114231927981824,0.23289290214493727,0.6759931905332741,0.9795520257455064,0.3755228889447605,0.2064789998489894,-0.05155520635416124,-0.5905056187332667,0.021273984288026807,0.02703173801131751,0.027174949168572105,0.020231793595753503,78.5,0.046,-0.147,50.0
F100,4,1,0.019830854736622612,0.24219588766717265,0.6541925638586401,0.9796775663892926,0.3806283675503835,0.2230419463615587,-0.06987669407141985,-0.6946008635690898,0.025183572199827975,0.027867223641087444,0.031022763795000026,0.018986621409886446,80.5,0.048,-0.142,100.0
F100,4,2,0.03806502729131517,0.2316778558142276,0.6647354600307498,0.9803010877830955,0.30779176224595695,0.23038752886616878,-0.07510899617191476,-0.5685053497489423,0.019569341236034703,0.029606361413475422,0.04135129176395414,0.021035699527942743,80.5,0.047,-0.142,100.0
F100,4,3,0.03268660040161842,0.24748458079959654,0.6607973422564335,0.9810569243909386,0.3647905507794637,0.2260454274669472,-0.07032298806358989,-0.7124461137686624,0.016493214720640057,0.03198921097584767,0.03874242815092733,0.021197574110236015,80.5,0.048,-0.131,100.0
F100,4,4,0.03330484504659958,0.23999159152165908,0.6701849163704926,0.9795589706924447,0.3824350019165614,0.22404128173147625,-0.05927792894605057,-0.7264431646621927,0.021208119222646864,0.028761129571952655,0.02493014518665746,0.02044747492183042,79.5,0.046,-0.131,100.0
F100,4,5,0.02973127467411485,0.25567593508137215,0.7030978266899199,0.9799877371496082,0.4068257575142521,0.22653239830626834,-0.07840656690762511,-0.5939132100719314,0.014709367303083781,0.02437109103404976,0.024001657765668098,0.01953252082707894,81.0,0.047,-0.12,100.0
F100,4,6,0.03545951241436521,0.22881084001722277,0.6762555529324478,0.9797783135353002,0.37445098763120704,0.2219129893360653,-0.05144262768921319,-0.7217394709334636,0.022843328869604558,0.029795223303862348,0.02299942225275704,0.02005634993427054,79.5,0.047,-0.138,100.0
F100,4,7,0.016589243386571587,0.25433241713523874,0.6733097116950245,0.9800860497067966,0.43489534380230305,0.20643728393752847,-0.05364954221898604,-0.7794583460421329,0.019333751252680765,0.020606526301285715,0.032343949711372375,0.019844578947273796,80.5,0.047,-0.138,100.0
F100,4,8,0.024450340801930294,0.2375217857776848,0.6623704056921901,0.980022292360303,0.393931725818288,0.221212865562383,-0.05928090997534984,-0.7477716062557812,0.02245823005097456,0.02714833299387607,0.0385186041995283,0.020912533699037974,80.0,0.049,-0.132,100.0
F200,4,1,0.03490846193601894,0.251132268908052,0.6655220454538754,0.9795283782523228,0.48256174082601866,0.173634758381124,-0.05767860491323747,-0.6673644387617181,0.017840021766148902,0.02179489534915254,0.02941690418439459,0.02019475342071424,79.5,0.054,-0.168,200.0
F200,4,2,0.03446574712797593,0.24379496509958984,0.6493742000682586,0.9804068544659147,0.3789591757530191,0.26245808705171614,-0.08761397080058671,-0.6563721936350523,0.01764937421860909,0.028537577509384085,0.058194339512713716,0.020566124550169713,80.5,0.052,-0.12,200.0
F200,4,3,0.03648664950866634,0.23783940372942763,0.6424881803986613,0.97998335960789,0.4400602067552327,0.27796568806076166,-0.08908878506065751,-0.7714276302600492,0.01882167612040185,0.028089215851057017,0.044457123856333915,0.020669164006615354,81.0,0.051,-0.108,200.0
F200,4,4,0.03608901512846987,0.2356715156905699,0.6763968301207597,0.9794651329621499,0.3777390970494949,0.2743859504537248,-0.08747965045865817,-0.7503786401835671,0.022921140826205784,0.027102309112744083,0.029241295229723074,0.020622961051120003,79.5,0.049,-0.108,200.0
F200,4,5,0.021773579537635538,0.2444833151850989,0.6600998166188238,0.9801953890602186,0.40828548435583756,0.24601865423079922,-0.07194644276126681,-0.7811901992099318,0.024286557890312706,0.0328906161820423,0.035459936282660996,0.02052178696223406,80.0,0.07,-0.112,200.0
F200,4,6,0.02653931216376218,0.241954429274227,0.6957983958674434,0.9799602712886516,0.3616953513096666,0.2604694214846184,-0.08612274020109578,-0.7111251419148927,0.018414630639793445,0.0258540553239812,0.024018144689839375,0.019996124547370923,81.0,0.049,-0.112,200.0
F200,4,7,0.03763179150092937,0.23163541967118145,0.6708654897193511,0.9808977690290861,0.365770846607247,0.26643519879486455,-0.07979505944183872,-0.745024275105258,0.019135639037740636,0.03662762977436016,0.03440360295065441,0.02161250652808597,80.0,0.048,-0.111,200.0
F200,4,8,0.03305304718726857,0.2335667325309114,0.6820221133299006,0.9794175215266109,0.43807128660649786,0.23202953295966713,-0.0623489045883267,-0.7948017201470817,0.02562479860716661,0.025358454881178123,0.020741951466030424,0.019565406789778365,80.0,0.047,-0.124,200.0
F200,4,9,0.035573132589067614,0.24155678647797707,0.6685352535716029,0.980620758765286,0.40679633194495834,0.226328150512348,-0.07946460419975511,-0.7143427379087257,0.018189132963552256,0.02846884264618972,0.03753269863798296,0.022602919724388985,80.0,0.049,-0.124,200.0
F350,4,1,0.03373826853397929,0.23397403995847188,0.6766634849982677,0.9793801998436494,0.47820171922373744,0.2129958468834582,-0.07222573258703566,-0.8157494511197264,0.02325505507524409,0.03035247695313569,0.021397409190078785,0.020131584015554288,80.0,0.035,-0.152,350.0
F350,4,2,0.047495412874954554,0.2180520589455369,0.679383631059767,0.9805206969461695,0.43314251019890176,0.24713581993496234,-0.06742907487384679,-0.8467047002428026,0.024500024706430226,0.02785324315842728,0.024732421724972357,0.022409198991202323,79.0,0.033,-0.135,350.0
F350,4,3,0.028286856079487943,0.23624661799700034,0.6816007452187779,0.9805957878290057,0.5106508685373925,0.25460025705678485,-0.06455937182177394,-0.9658392817583639,0.020974392374968814,0.021945931802237435,0.02623208433558492,0.022151921236029458,80.5,0.033,-0.145,350.0
F350,4,4,0.037675022227244344,0.22849927177668306,0.6748942750020629,0.9804967338864953,0.44816670115247564,0.21059021537573022,-0.05993076024847583,-0.8149105870057559,0.022556653098055133,0.028491280420931298,0.031107871769500382,0.021250547142205818,80.0,0.034,-0.16,350.0
F350,4,5,0.03951682994356379,0.23485585741413814,0.6824390426600928,0.9801790975133746,0.5215115099763229,0.20440831810639343,-0.059846650489839934,-0.7750880638199533,0.02061546261239723,0.024118547063539657,0.02468623264735441,0.02139269750682339,79.0,0.034,-0.16,350.0
F350,4,6,0.03909392185869082,0.232364733063308,0.6346549258576952,0.9805747225927762,0.44046881250276704,0.25972782650589715,-0.07250187216830066,-0.8319158262138513,0.020038023354526237,0.03392886725552057,0.04934152509692911,0.02101843551069196,80.0,0.036,-0.149,350.0
F350,4,7,0.03611891934110908,0.2266410389797994,0.6622854219377556,0.9808438174146986,0.46343496322255845,0.2564605451255899,-0.07168788678186915,-0.9002628008557789,0.022216712029778624,0.026816399835007255,0.03462162552353192,0.02247882830622988,81.0,0.033,-0.149,350.0
F350,4,8,0.040664476009196496,0.22624819216373213,0.6900456703664515,0.9808169445038589,0.3823638690897485,0.26107682873716764,-0.08154797002432385,-0.7712631568775401,0.024723851325791902,0.027367744264693107,0.03465803820914171,0.021539487212164792,79.5,0.033,-0.141,350.0
F350,4,9,0.03679395757211088,0.23123216739472746,0.664466983882279,0.9800296538739557,0.4566594956971522,0.2242409866290218,-0.06831665639161054,-0.8141710695782484,0.023071995238496207,0.028297096220726105,0.029030582623133537,0.02004903119755071,80.5,0.032,-0.162,350.0
F500,4,1,0.044598734488011764,0.22339907201109807,0.6767752004893304,0.9800228762181021,0.5012760644383445,0.16362934082225145,-0.06160733765589145,-0.5567711517119552,0.022872042226105685,0.025001599967071096,0.033470479850054365,0.02231854210571861,78.0,0.038,-0.219,500.0
F500,4,2,0.04115517425312817,0.22815128232507093,0.6398596777421335,0.9818084744087869,0.4406281429405696,0.29035019818559055,-0.0906199896967557,-0.8485264016218855,0.020938789352136444,0.035901481611454955,0.06036219380799137,0.022719784820936333,79.5,0.039,-0.145,500.0
F500,4,3,0.044714343922022906,0.22387713997492167,0.6987190051913132,0.9811518580090278,0.45539358341906505,0.24792676498167068,-0.08466650188283843,-0.8184484510479011,0.022984111682565006,0.026724182652074234,0.03028744908418998,0.021367276476025283,80.0,0.036,-0.149,500.0
F500,4,4,0.043164604739651356,0.22144542894273495,0.6764448055366085,0.9812073116871078,0.4719370347322781,0.22911030397203053,-0.06940941535422301,-0.8912979484058251,0.025702624990135196,0.02494718138110167,0.027454412112698258,0.023369300358946337,79.5,0.035,-0.15,500.0
F500,4,5,0.045036272180004375,0.21630309963356983,0.6821114503103141,0.9807098857132328,0.4630717855145589,0.2395211173760764,-0.0690389653726452,-0.8626087823425005,0.02308344754412827,0.026598067517832846,0.02563162830846605,0.021434441080689037,79.5,0.034,-0.152,500.0
F500,4,6,0.043584428926294945,0.205534097132189,0.6729694556433314,0.9811881173024481,0.4790515110037415,0.259607463173901,-0.07592476591254557,-0.7495820943000407,0.021604640535046155,0.04217193278075588,0.036364863440455884,0.02332655546256055,78.5,0.036,-0.152,500.0
F500,4,7,0.042006477170681684,0.23447456338126596,0.6669762811016784,0.9811256212478502,0.5161664325040691,0.2329148667111815,-0.07424961384299669,-0.8893181314892499,0.021864724850542475,0.02558247937208471,0.05417173323147992,0.022329857568286652,80.0,0.038,-0.151,500.0
F500,4,8,0.04374432864165977,0.21677539179704894,0.6673227463213468,0.9810379270019807,0.47217530221016285,0.23886458646684108,-0.07319555146947387,-0.8669999812341518,0.022423186806020977,0.026743115185565988,0.03672314095357529,0.02222766133808808,80.0,0.035,-0.151,500.0
F500,4,9,0.043469661935187885,0.21416291507028581,0.6769368943183295,0.9807433517185998,0.5229691667727584,0.23891858306702363,-0.07745064569292388,-0.9541697549624704,0.033641805274807715,0.023968027541582778,0.028366998983329256,0.022908090944813334,80.0,0.037,-0.138,500.0
F1000,4,1,0.03954399610470299,0.17503360187492567,0.6665946196792829,0.9795464655536732,0.5931806109547112,0.14822656409616813,-0.05059793043273985,-0.46108356837158554,0.019508699134088404,0.051613320564711164,0.024699245381995798,0.022011612562567305,78.0,0.042,-0.303,1000.0
F1000,4,2,0.050275726955665366,0.20585814618343085,0.6764826503652198,0.9777467126737902,0.5567065699796908,0.27773992316939244,-0.08692651612114394,-0.9899999999999999,0.028076293883355852,0.029626465107082996,0.026532179391352485,0.022721988703392745,79.0,0.038,-0.125,1000.0
F1000,4,3,0.040640242104881256,0.22574082283860056,0.6765893109126538,0.9809742760614448,0.49118497301960024,0.2893031559672966,-0.08834196449074522,-0.9654945370782101,0.030143654622035894,0.023448383168846103,0.03643166532192815,0.02265856618540201,79.0,0.04,-0.128,1000.0
F1000,4,4,0.04266023655193202,0.20965046691783343,0.6685150271591266,0.9800499688240514,0.5221399088494373,0.28768248566177046,-0.08927390425250939,-0.9899999999999999,0.024948920084626264,0.03268488750946226,0.043480504853581285,0.022817765618753285,80.5,0.04,-0.134,1000.0
F1000,4,5,0.046621054140158685,0.2076375260799394,0.6810793746137638,0.9811154283335343,0.49214728341836406,0.2708332677151441,-0.08121018487269474,-0.9406635633158048,0.023547590828964276,0.02978943149918051,0.026772502154030365,0.022919528736257824,79.0,0.04,-0.134,1000.0
F1000,4,6,0.04611418519964813,0.19605678303596968,0.6439518602137597,0.982593082595195,0.3651275963216078,0.3601478814042527,-0.09426266400709989,-0.9042131697095839,0.02192092132427974,0.042714809322571747,0.043747847631425016,0.024278419810683682,79.5,0.043,-0.129,1000.0
F1000,4,7,0.052903239265842464,0.21882513824727423,0.677174359140666,0.9807380861808296,0.46698562848619796,0.314127476695568,-0.1070764272670831,-0.8804484490081209,0.02621699547250658,0.03025601828642385,0.0341185252607439,0.02170727248820612,79.0,0.036,-0.118,1000.0
F1000,4,8,0.0458008102899705,0.21061663321588378,0.6875079156015571,0.9829419132802104,0.48413044614170686,0.35394607209044304,-0.10936397544194269,-0.9899999999999999,0.022784464824764226,0.03619510779404529,0.04369371874649631,0.025311852081242283,80.0,0.037,-0.116,1000.0
F1000,4,9,0.04971561888511079,0.22095943049113237,0.6822931367499433,0.9816279151800157,0.4175091548117975,0.312515819721878,-0.10707733651237598,-0.887643279117504,0.028629405655068423,0.026420067740410134,0.03316451602944546,0.02370477212066657,80.0,0.036,-0.118,1000.0
F5000,4,1,0.03692686765981733,0.1152852244361656,0.6622789568644788,0.9829842423437287,0.44550181357259105,0.5259642463101456,-0.05840852158020498,-0.5357230174468512,0.015421226576388848,0.04161854171831592,0.03678676623066388,0.026593812828330295,77.5,0.059,-0.317,5000.0
F5000,4,2,0.05078578516597093,0.1923054294577617,0.6810877722529567,0.9836539316108344,0.39459963587119284,0.5230895076577163,-0.16841562517917022,-0.8570165321032633,0.022913613463413137,0.048412387712420867,0.054029387681295366,0.024536127205692638,80.0,0.058,-0.127,5000.0
F5000,4,3,0.055247286430940054,0.18624672159419836,0.7009891240463477,0.982312797901878,0.3291442012847763,0.5971782667266371,-0.17783654473975902,-0.9899999999999999,0.022876630402071156,0.05212530686444887,0.04734207504413057,0.024756697437167064,80.0,0.056,-0.106,5000.0
F5000,4,4,0.05641422417022249,0.17200154434547757,0.6789778669207696,0.977931260490488,0.30467802992185783,0.6344965555740951,-0.14923231316958063,-0.9899999999999999,0.022090214458781045,0.04702756066306513,0.03653539808617186,0.027345304333645133,80.0,0.056,-0.106,5000.0
F5000,4,5,0.05423835792107605,0.18324331406718247,0.7000352249684542,0.9822629004043907,0.3204499955822579,0.5845070309937964,-0.165883739083812,-0.9899999999999951,0.02277692123105303,0.0469416364950622,0.02876737433446299,0.02470695971919007,80.0,0.056,-0.102,5000.0
F5000,4,6,0.06504368326797834,0.18296058740154492,0.6968521085317664,0.9738557007013151,0.40926921668037486,0.520361757993428,-0.14332035105283028,-0.9899999999999999,0.028100362696191098,0.04092180027878122,0.03276894410456793,0.023698563001298023,79.0,0.053,-0.104,5000.0
F5000,4,7,0.0680562545516487,0.21829170890103583,0.6868928173439207,0.9782820252563268,0.46853526242713645,0.4249115932320651,-0.1533348049259285,-0.9899999999999999,0.030554559000330175,0.03411186265711697,0.047647950719859104,0.023979467994146166,79.5,0.054,-0.104,5000.0
F5000,4,8,0.054614591792001656,0.17260339460205487,0.6844830491561485,0.984158262500432,0.3328506865039273,0.6103478435787408,-0.148010597493436,-0.9899999999999999,0.022297506725945965,0.04462669580107895,0.04457831816842693,0.02672199772228138,79.0,0.054,-0.104,5000.0
F12500,4,1,0.06048248064668107,0.16822820705670213,0.6595770598635231,0.9849843049254543,0.3264449612657861,0.6758494404750662,-0.04771192567872953,-0.7929391399420281,0.022756691158707855,0.0529108668391588,0.031210765859586008,0.028208711879439748,80.0,0.035,-0.16,12500.0
F12500,4,2,1.529280765812329e-33,0.21545451968791557,0.5928063325805698,0.9899999999999999,0.5896789265141402,0.0979542805947336,-0.13189084823055397,-0.9818171220093909,0.09899999999999999,0.012443526896958799,0.046558763730376346,0.04623989360597176,77.5,0.068,-0.078,12500.0
F12500,4,3,0.09582967482691031,0.17202963442821434,0.5701199156255943,0.989999999999998,0.408364509358334,0.5527390351114138,-0.2511486768915247,-0.6233538856850516,0.024345228224037008,0.04282278218730687,0.04646484330946277,0.052400589545957804,90.5,0.044,-0.048,12500.0
F12500,4,4,0.048151309577513755,0.1481836960499578,0.5965488289042684,0.9899999999999999,0.36865383200444735,0.6627889074899366,-0.52211355558646,-0.7811808714788373,0.0190638092020455,0.05003870609215846,0.06717189571883019,0.032160671469087,79.0,0.041,-0.011,12500.0
F12500,4,5,0.11273290792852755,0.16789901571808247,0.6541050590146281,0.9899999999999999,0.12178436721679498,0.8994884305061693,-0.5511655115649919,-0.8417079650420185,0.01731305510224958,0.05322331215303489,0.09839575448255129,0.03726997847945341,83.5,0.04,-0.012,12500.0
F12500,4,6,0.08724723632978439,0.15456050695126528,0.6117367979663646,0.9643417335332033,0.2798394100376424,0.757321510025164,-0.40712603628776606,-0.9899999999999999,0.04415252184791262,0.062181072292256175,0.0790991323531611,0.06716688491360923,84.0,0.038,-0.016,12500.0
F12500,4,7,0.049236860073267344,0.14111081975830023,0.6043304666152126,0.9345571031246855,0.2526025366149766,0.7905453769630917,-0.30648954320841254,-0.9899999999999946,0.021562485124343122,0.05443572533922536,0.0516855129525303,0.0668674419019788,83.0,0.038,-0.018,12500.0
F12500,4,8,0.06592178030843511,0.19400095538961246,0.5733336049519284,0.9496944194389648,0.45904124577826805,0.5693968684448749,-0.3237113849258493,-0.9899999875825983,0.02761442447125981,0.06347840320617,0.06647155131573869,0.06948796224270332,81.5,0.04,-0.02,12500.0
F12500,4,9,0.09775142242522783,0.20280414355383508,0.6241184291352398,0.9833840888991794,0.47178007440078623,0.5288267784635007,-0.3835604622197755,-0.9899999842182728,0.03140933278413729,0.05505163180542308,0.0707501824236737,0.05287931397037929,82.0,0.038,-0.02,12500.0
