time_s,s1_flow_ml_min,s1_temp_c,s2_flow_ml_min,s2_temp_c,s3_flow_ml_min,s3_temp_c,s4_flow_ml_min,s4_temp_c
0.0,-0.000,30.8,0.001,30.8,0.004,30.8,-0.002,30.8
0.5,0.005,30.8,0.005,30.8,0.006,30.8,0.002,30.8
1.0,0.010,30.9,0.011,30.9,0.010,30.9,0.006,30.9
1.5,0.015,30.9,0.015,30.9,0.013,30.9,0.015,30.9
2.0,0.021,30.9,0.020,30.9,0.014,30.9,0.018,30.9
2.5,0.012,30.9,0.013,30.9,0.011,30.9,0.012,30.9
3.0,0.011,30.9,0.013,30.9,0.012,30.9,0.011,30.9
3.5,0.015,30.9,0.014,30.8,0.017,30.9,0.012,30.9
4.0,0.016,30.9,0.016,30.9,0.016,30.9,0.014,30.9
4.5,0.012,30.9,0.012,30.9,0.012,30.9,0.013,30.9
5.0,0.009,30.9,0.010,30.9,0.010,30.9,0.012,30.9
5.5,0.012,30.9,0.013,30.9,0.013,30.9,0.013,30.9
6.0,0.015,30.9,0.014,30.9,0.014,30.9,0.015,31.0
6.5,0.017,30.9,0.017,30.9,0.014,30.9,0.017,30.9
7.0,0.016,30.9,0.016,30.9,0.014,30.9,0.016,30.9
7.5,0.016,30.9,0.016,30.9,0.015,30.9,0.017,30.9
8.0,0.018,30.9,0.019,30.9,0.016,30.9,0.019,30.9
8.5,0.021,30.9,0.022,30.9,0.017,30.9,0.022,30.9
9.0,0.028,30.9,0.028,30.9,0.026,30.9,0.029,30.9
9.5,0.029,30.9,0.029,30.9,0.029,31.0,0.030,30.9
10.0,0.032,30.9,0.033,30.9,0.030,31.0,0.031,30.9
10.5,0.034,30.9,0.033,30.9,0.032,30.9,0.033,30.9
11.0,0.032,30.9,0.031,30.9,0.032,30.9,0.033,30.9
11.5,0.030,30.9,0.030,30.9,0.030,30.8,0.030,30.8
12.0,0.033,30.8,0.033,30.8,0.035,30.8,0.033,30.8
12.5,0.036,30.8,0.036,30.8,0.034,30.9,0.036,30.9
13.0,0.037,30.9,0.038,30.9,0.034,30.8,0.037,30.9
13.5,0.035,30.8,0.035,30.8,0.036,30.8,0.038,30.8
14.0,0.033,30.8,0.034,30.8,0.036,30.8,0.034,30.8
14.5,0.032,30.8,0.031,30.8,0.034,30.8,0.033,30.8
15.0,0.030,30.8,0.030,30.8,0.031,30.8,0.031,30.8
15.5,0.029,30.8,0.030,30.8,0.030,30.8,0.028,30.8
16.0,0.028,30.8,0.027,30.8,0.029,30.8,0.027,30.9
16.5,0.026,30.8,0.025,30.8,0.026,30.9,0.026,30.8
17.0,0.026,30.8,0.027,30.8,0.026,30.8,0.026,30.8
17.5,0.029,30.8,0.029,30.9,0.033,30.9,0.028,30.8
18.0,0.033,30.8,0.034,30.8,0.032,30.9,0.034,30.8
18.5,0.035,30.8,0.037,30.8,0.035,30.8,0.032,30.9
19.0,0.035,30.8,0.035,30.8,0.037,30.8,0.035,30.8
19.5,0.035,30.8,0.035,30.8,0.037,30.9,0.035,30.8
20.0,0.033,30.8,0.033,30.8,0.036,30.9,0.032,30.8
20.5,0.030,30.8,0.030,30.8,0.029,30.8,0.031,30.8
21.0,0.029,30.8,0.030,30.8,0.027,30.9,0.029,30.8
21.5,0.033,30.8,0.035,30.8,0.030,30.8,0.032,30.9
22.0,0.033,30.8,0.032,30.9,0.030,30.9,0.035,30.8
22.5,0.034,30.9,0.033,30.9,0.034,30.8,0.036,30.9
23.0,0.034,30.8,0.033,30.8,0.033,30.8,0.033,30.8
23.5,0.035,30.8,0.034,30.8,0.035,30.8,0.032,30.8
24.0,0.035,30.8,0.035,30.8,0.033,30.9,0.031,30.8
24.5,0.034,30.8,0.035,30.8,0.033,30.8,0.034,30.8
25.0,0.033,30.8,0.033,30.8,0.034,30.8,0.033,30.8
25.5,0.030,30.8,0.029,30.8,0.031,30.8,0.031,30.8
26.0,0.027,30.9,0.028,30.8,0.028,30.9,0.028,30.9
26.5,0.025,30.9,0.026,30.9,0.025,30.9,0.025,30.9
27.0,0.029,30.9,0.029,30.9,0.027,30.9,0.023,30.8
27.5,0.034,30.9,0.034,30.9,0.034,30.9,0.033,30.9
28.0,0.034,30.9,0.033,30.9,0.035,30.8,0.034,30.9
28.5,0.032,30.9,0.032,30.9,0.033,30.9,0.030,30.9
29.0,0.031,30.9,0.031,30.9,0.031,30.9,0.029,30.9
29.5,0.031,30.9,0.030,30.9,0.031,30.9,0.030,30.9
30.0,0.029,30.9,0.029,30.9,0.029,30.9,0.030,30.9
30.5,0.030,30.9,0.030,30.9,0.029,30.9,0.028,30.9
31.0,0.031,30.9,0.031,30.9,0.032,30.9,0.030,30.9
31.5,0.031,30.9,0.030,30.9,0.033,30.9,0.029,30.9
32.0,0.029,30.9,0.030,30.9,0.030,30.9,0.030,30.9
32.5,0.029,30.9,0.029,30.9,0.028,30.9,0.030,30.9
33.0,0.029,30.9,0.028,30.9,0.028,30.9,0.030,30.9
33.5,0.029,30.9,0.028,30.9,0.029,30.9,0.030,30.9
34.0,0.028,30.9,0.028,30.9,0.029,30.9,0.028,31.0
34.5,0.025,31.0,0.025,31.0,0.024,31.0,0.025,31.0
35.0,0.025,31.0,0.028,31.0,0.025,31.0,0.024,31.0
35.5,0.026,31.0,0.027,30.9,0.026,31.0,0.028,31.0
36.0,0.029,31.0,0.029,31.0,0.028,31.0,0.028,31.0
36.5,0.030,31.0,0.029,31.0,0.029,31.0,0.031,31.0
37.0,0.036,31.0,0.036,31.0,0.036,31.0,0.034,31.0
37.5,0.036,31.0,0.035,31.0,0.036,31.0,0.034,31.0
38.0,0.037,31.0,0.035,30.9,0.041,31.0,0.036,31.0
38.5,0.037,31.0,0.037,31.0,0.041,31.0,0.036,31.0
39.0,0.035,31.0,0.037,30.9,0.036,30.9,0.038,31.0
39.5,0.033,31.0,0.034,31.0,0.032,31.0,0.036,30.9
40.0,0.030,30.9,0.030,30.9,0.030,30.9,0.030,31.0
40.5,0.031,31.0,0.032,30.9,0.028,30.9,0.030,31.0
41.0,0.035,31.0,0.036,31.0,0.033,31.0,0.037,31.0
41.5,0.036,31.0,0.036,30.9,0.036,30.9,0.039,31.0
42.0,0.035,30.9,0.035,30.9,0.036,30.9,0.038,31.0
42.5,0.033,31.0,0.033,31.0,0.035,31.0,0.033,31.0
43.0,0.033,31.0,0.036,31.0,0.033,31.0,0.032,31.0
43.5,0.030,31.0,0.029,31.0,0.030,31.0,0.029,31.0
44.0,0.030,31.0,0.030,31.0,0.028,31.0,0.033,31.0
44.5,0.028,31.0,0.028,31.0,0.028,31.0,0.031,31.0
45.0,0.028,31.0,0.028,31.0,0.026,31.0,0.030,31.0
45.5,0.029,31.0,0.030,31.0,0.026,31.0,0.030,31.0
46.0,0.027,31.0,0.027,31.0,0.027,31.0,0.028,31.0
46.5,0.029,31.0,0.029,31.0,0.031,31.0,0.027,31.0
47.0,0.031,31.0,0.033,31.0,0.032,31.1,0.030,31.0
47.5,0.033,31.0,0.035,31.0,0.035,31.0,0.032,31.0
48.0,0.033,31.0,0.033,31.0,0.037,31.0,0.033,31.0
48.5,0.029,31.0,0.029,31.1,0.036,31.0,0.030,31.0
49.0,0.028,31.0,0.027,31.0,0.028,31.0,0.028,31.0
49.5,0.028,31.0,0.029,31.0,0.028,31.0,0.028,31.0
50.0,0.032,31.0,0.032,31.1,0.032,31.0,0.028,31.0
50.5,0.032,31.1,0.032,31.1,0.030,31.1,0.032,31.0
51.0,0.028,31.0,0.029,31.1,0.030,31.1,0.028,31.0
51.5,0.031,31.1,0.031,31.1,0.028,31.0,0.029,31.0
52.0,0.031,31.1,0.032,31.0,0.030,31.1,0.030,31.1
52.5,0.029,31.1,0.029,31.1,0.030,31.1,0.030,31.0
53.0,0.028,31.1,0.027,31.1,0.027,31.0,0.029,31.1
53.5,0.026,31.1,0.025,31.1,0.024,31.1,0.025,31.1
54.0,0.025,31.1,0.024,31.1,0.026,31.1,0.026,31.1
54.5,0.025,31.1,0.025,31.1,0.023,31.1,0.024,31.1
55.0,0.028,31.1,0.029,31.1,0.025,31.1,0.027,31.1
55.5,0.026,31.1,0.026,31.1,0.028,31.1,0.027,31.1
56.0,0.031,31.1,0.032,31.1,0.029,31.1,0.033,31.1
56.5,0.035,31.1,0.038,31.1,0.031,31.1,0.034,31.1
57.0,0.036,31.1,0.037,31.1,0.034,31.1,0.036,31.1
57.5,0.036,31.1,0.036,31.1,0.035,31.1,0.035,31.1
58.0,0.031,31.1,0.031,31.1,0.032,31.1,0.034,31.1
58.5,0.026,31.1,0.027,31.1,0.028,31.1,0.030,31.1
59.0,0.027,31.1,0.027,31.1,0.028,31.1,0.026,31.1
59.5,0.032,31.1,0.031,31.1,0.030,31.1,0.035,31.1
60.0,0.031,31.1,0.033,31.1,0.030,31.1,0.034,31.1
60.5,0.029,31.1,0.030,31.1,0.026,31.1,0.034,31.1
61.0,0.031,31.1,0.030,31.1,0.030,31.1,0.034,31.1
61.5,0.030,31.1,0.029,31.1,0.030,31.1,0.028,31.1
62.0,0.029,31.1,0.029,31.1,0.028,31.1,0.029,31.1
62.5,0.026,31.1,0.025,31.1,0.027,31.1,0.026,31.2
63.0,0.024,31.1,0.022,31.1,0.023,31.1,0.025,31.1
63.5,0.022,31.2,0.022,31.1,0.024,31.2,0.023,31.1
64.0,0.022,31.2,0.021,31.2,0.020,31.2,0.023,31.1
64.5,0.025,31.2,0.023,31.2,0.024,31.2,0.023,31.2
65.0,0.027,31.2,0.028,31.2,0.030,31.2,0.022,31.2
65.5,0.030,31.2,0.030,31.2,0.030,31.2,0.030,31.2
66.0,0.030,31.2,0.031,31.2,0.030,31.2,0.032,31.2
66.5,0.029,31.2,0.030,31.2,0.029,31.2,0.034,31.2
67.0,0.028,31.2,0.027,31.2,0.028,31.2,0.028,31.2
67.5,0.025,31.2,0.025,31.2,0.027,31.2,0.025,31.2
68.0,0.022,31.2,0.023,31.2,0.023,31.2,0.023,31.2
68.5,0.023,31.2,0.024,31.2,0.024,31.2,0.024,31.2
69.0,0.028,31.2,0.029,31.2,0.024,31.2,0.027,31.2
69.5,0.029,31.2,0.030,31.2,0.026,31.2,0.029,31.2
70.0,0.026,31.2,0.027,31.2,0.025,31.2,0.032,31.2
70.5,0.023,31.3,0.023,31.3,0.025,31.2,0.034,31.2
71.0,0.024,31.3,0.023,31.3,0.024,31.2,0.028,31.2
71.5,0.021,31.3,0.020,31.2,0.021,31.3,0.024,31.2
72.0,0.021,31.3,0.020,31.3,0.020,31.2,0.022,31.3
72.5,0.018,31.3,0.018,31.3,0.018,31.2,0.018,31.3
73.0,0.017,31.3,0.016,31.3,0.016,31.3,0.016,31.3
73.5,0.018,31.3,0.018,31.3,0.016,31.3,0.020,31.4
74.0,0.019,31.3,0.019,31.4,0.018,31.3,0.021,31.4
74.5,0.021,31.4,0.021,31.4,0.018,31.3,0.024,31.4
75.0,0.023,31.3,0.022,31.3,0.022,31.3,0.025,31.4
75.5,0.021,31.4,0.022,31.4,0.024,31.3,0.021,31.4
76.0,0.019,31.4,0.020,31.4,0.020,31.4,0.020,31.4
76.5,0.018,31.4,0.019,31.4,0.018,31.4,0.018,31.4
77.0,0.016,31.4,0.018,31.4,0.017,31.4,0.016,31.4
77.5,0.016,31.4,0.017,31.4,0.018,31.4,0.015,31.4
78.0,0.017,31.4,0.019,31.4,0.019,31.4,0.016,31.4
78.5,0.017,31.4,0.017,31.4,0.016,31.4,0.018,31.4
79.0,0.016,31.4,0.016,31.4,0.017,31.4,0.018,31.4
79.5,0.015,31.4,0.016,31.4,0.015,31.4,0.016,31.4
80.0,0.014,31.4,0.013,31.4,0.015,31.5,0.015,31.4
80.5,0.014,31.5,0.015,31.5,0.016,31.5,0.015,31.5
81.0,0.013,31.5,0.014,31.5,0.013,31.5,0.014,31.5
81.5,0.010,31.5,0.010,31.5,0.011,31.5,0.009,31.5
82.0,0.008,31.5,0.008,31.5,0.009,31.5,0.012,31.5
82.5,0.010,31.5,0.008,31.5,0.012,31.5,0.010,31.5
83.0,0.013,31.6,0.012,31.6,0.013,31.6,0.013,31.6
83.5,0.012,31.5,0.014,31.5,0.012,31.5,0.011,31.5
84.0,0.011,31.6,0.012,31.6,0.010,31.6,0.011,31.5
84.5,0.013,31.6,0.013,31.6,0.013,31.6,0.013,31.6
85.0,0.013,31.6,0.014,31.6,0.014,31.6,0.014,31.6
85.5,0.013,31.6,0.014,31.6,0.012,31.6,0.013,31.6
86.0,0.012,31.6,0.012,31.6,0.012,31.6,0.015,31.6
86.5,0.009,31.6,0.008,31.6,0.009,31.6,0.009,31.6
87.0,0.009,31.6,0.008,31.6,0.007,31.6,0.010,31.6
87.5,0.011,31.6,0.010,31.6,0.007,31.6,0.012,31.6
88.0,0.011,31.7,0.011,31.7,0.010,31.7,0.010,31.6
88.5,0.008,31.7,0.009,31.7,0.009,31.6,0.008,31.7
89.0,0.006,31.7,0.007,31.7,0.008,31.7,0.006,31.7
89.5,0.006,31.7,0.005,31.7,0.006,31.7,0.006,31.7
90.0,0.004,31.7,0.004,31.7,0.004,31.7,0.006,31.7
90.5,-0.000,31.7,-0.001,31.7,0.000,31.7,0.004,31.7
91.0,-0.013,31.7,-0.012,31.7,-0.014,31.7,0.004,31.7
91.5,-0.045,31.8,-0.044,31.8,-0.041,31.8,-0.033,31.7
92.0,-0.095,31.8,-0.092,31.8,-0.088,31.8,-0.078,31.8
92.5,-0.137,31.8,-0.138,31.8,-0.137,31.8,-0.121,31.8
93.0,-0.138,31.7,-0.139,31.7,-0.140,31.7,-0.140,31.7
93.5,-0.100,31.6,-0.102,31.6,-0.110,31.6,-0.104,31.6
94.0,-0.062,31.6,-0.061,31.6,-0.090,31.6,-0.067,31.6
94.5,-0.041,31.6,-0.041,31.6,-0.041,31.6,-0.043,31.6
95.0,-0.027,31.7,-0.027,31.7,-0.027,31.7,-0.034,31.6
95.5,-0.022,31.8,-0.022,31.8,-0.021,31.8,-0.033,31.7
96.0,-0.023,31.8,-0.023,31.8,-0.022,31.8,-0.026,31.8
96.5,-0.019,31.8,-0.019,31.8,-0.018,31.8,-0.026,31.8
97.0,-0.013,31.9,-0.012,31.8,-0.018,31.8,-0.013,31.9
97.5,-0.014,31.9,-0.014,31.9,-0.016,31.9,-0.013,31.9
98.0,-0.015,32.0,-0.015,32.0,-0.014,32.0,-0.014,31.9
98.5,-0.014,32.0,-0.015,32.0,-0.013,32.0,-0.013,32.0
99.0,-0.006,32.0,-0.006,32.0,-0.007,32.0,-0.008,32.0
99.5,-0.003,32.0,-0.003,32.0,-0.003,32.0,-0.004,32.1
100.0,-0.004,32.1,-0.004,32.1,-0.004,32.1,-0.004,32.1
100.5,-0.008,32.1,-0.007,32.1,-0.009,32.1,-0.007,32.0
101.0,-0.015,32.1,-0.015,32.1,-0.014,32.1,-0.010,32.0
101.5,-0.022,32.1,-0.023,32.1,-0.019,32.1,-0.022,32.1
102.0,-0.017,32.1,-0.018,32.1,-0.018,32.1,-0.018,32.1
102.5,-0.015,32.1,-0.013,32.1,-0.014,32.2,-0.014,32.2
103.0,-0.020,32.2,-0.020,32.2,-0.018,32.1,-0.019,32.2
103.5,-0.022,32.2,-0.022,32.2,-0.021,32.2,-0.019,32.2
104.0,-0.024,32.2,-0.023,32.2,-0.022,32.2,-0.023,32.2
104.5,-0.022,32.2,-0.021,32.2,-0.021,32.2,-0.023,32.2
105.0,-0.023,32.2,-0.024,32.2,-0.023,32.2,-0.024,32.2
105.5,-0.022,32.3,-0.023,32.3,-0.022,32.2,-0.023,32.2
106.0,-0.019,32.3,-0.018,32.2,-0.021,32.3,-0.019,32.3
106.5,-0.013,32.3,-0.014,32.3,-0.012,32.3,-0.013,32.3
107.0,-0.006,32.3,-0.006,32.3,-0.008,32.3,-0.008,32.3
107.5,0.004,32.3,0.002,32.3,0.003,32.3,-0.001,32.3
108.0,0.011,32.3,0.011,32.3,0.011,32.3,0.010,32.3
108.5,0.009,32.3,0.009,32.3,0.009,32.3,0.010,32.3
109.0,-0.000,32.3,0.001,32.3,0.001,32.3,0.001,32.3
109.5,-0.009,32.3,-0.010,32.2,-0.007,32.3,-0.008,32.3
110.0,-0.010,32.3,-0.009,32.3,-0.011,32.3,-0.009,32.3
110.5,-0.008,32.3,-0.008,32.3,-0.008,32.3,-0.008,32.3
111.0,-0.006,32.3,-0.005,32.3,-0.007,32.3,-0.008,32.3
111.5,-0.004,32.3,-0.003,32.3,-0.005,32.3,-0.004,32.3
112.0,-0.001,32.3,-0.000,32.3,-0.003,32.3,-0.001,32.3
112.5,0.004,32.3,0.006,32.3,0.003,32.3,0.004,32.3
113.0,0.007,32.3,0.006,32.3,0.006,32.3,0.008,32.3
113.5,0.006,32.3,0.007,32.4,0.008,32.4,0.007,32.3
114.0,0.007,32.3,0.007,32.4,0.010,32.4,0.006,32.4
114.5,0.008,32.3,0.009,32.3,0.008,32.3,0.011,32.4
115.0,0.010,32.3,0.010,32.3,0.009,32.3,0.011,32.3
115.5,0.012,32.3,0.013,32.3,0.012,32.3,0.013,32.3
116.0,0.015,32.3,0.015,32.3,0.015,32.3,0.014,32.3
116.5,0.017,32.3,0.017,32.3,0.019,32.3,0.016,32.3
117.0,0.017,32.2,0.017,32.2,0.020,32.3,0.018,32.2
117.5,0.018,32.2,0.018,32.3,0.018,32.3,0.020,32.3
118.0,0.018,32.3,0.018,32.3,0.018,32.2,0.019,32.3
118.5,0.015,32.2,0.016,32.2,0.016,32.2,0.015,32.2
119.0,0.019,32.2,0.020,32.2,0.018,32.2,0.017,32.2
119.5,0.021,32.2,0.023,32.2,0.022,32.2,0.021,32.2
120.0,0.024,32.2,0.024,32.2,0.023,32.2,0.023,32.2
120.5,0.025,32.2,0.026,32.2,0.024,32.2,0.025,32.2
121.0,0.026,32.1,0.027,32.2,0.027,32.1,0.026,32.2
121.5,0.027,32.1,0.026,32.2,0.026,32.1,0.027,32.1
122.0,0.027,32.1,0.027,32.1,0.026,32.1,0.027,32.1
122.5,0.025,32.1,0.026,32.1,0.025,32.1,0.026,32.1
123.0,0.022,32.1,0.023,32.1,0.023,32.1,0.024,32.1
123.5,0.023,32.1,0.023,32.1,0.025,32.1,0.023,32.1
124.0,0.026,32.1,0.024,32.1,0.027,32.1,0.026,32.1
124.5,0.031,32.1,0.030,32.1,0.029,32.1,0.032,32.1
125.0,0.035,32.1,0.035,32.1,0.033,32.1,0.038,32.1
125.5,0.033,32.0,0.036,32.0,0.033,32.0,0.032,32.1
126.0,0.031,32.0,0.030,32.0,0.031,32.0,0.033,32.0
126.5,0.029,32.0,0.030,32.0,0.029,32.0,0.030,32.0
127.0,0.028,32.0,0.027,32.0,0.028,32.0,0.026,32.0
127.5,0.026,32.0,0.025,31.9,0.028,32.0,0.027,32.0
128.0,0.028,31.9,0.026,31.9,0.029,32.0,0.029,32.0
128.5,0.032,32.0,0.030,32.0,0.034,32.0,0.032,32.0
129.0,0.033,32.0,0.033,32.0,0.033,32.0,0.033,32.0
129.5,0.033,31.9,0.032,31.9,0.033,31.9,0.034,31.9
130.0,0.032,31.9,0.030,31.9,0.031,31.9,0.033,31.9
130.5,0.031,31.9,0.033,31.9,0.030,31.9,0.031,31.9
131.0,0.028,31.9,0.031,31.9,0.027,31.9,0.029,31.9
131.5,0.026,31.9,0.027,31.9,0.026,31.9,0.025,31.9
132.0,0.025,31.9,0.025,31.9,0.026,31.9,0.025,31.9
132.5,0.023,31.9,0.024,31.9,0.024,31.9,0.024,31.9
133.0,0.021,31.9,0.022,32.0,0.022,31.9,0.021,31.9
133.5,0.020,32.0,0.021,32.0,0.022,31.9,0.019,32.0
134.0,0.024,32.0,0.025,32.0,0.023,32.0,0.024,32.0
134.5,0.030,32.0,0.030,32.0,0.027,32.0,0.030,32.0
135.0,0.031,31.9,0.031,32.0,0.031,31.9,0.030,31.9
135.5,0.031,32.0,0.030,32.0,0.033,32.0,0.031,32.0
136.0,0.028,31.9,0.028,31.9,0.032,32.0,0.028,31.9
136.5,0.027,31.9,0.027,31.9,0.027,31.9,0.026,31.9
137.0,0.026,31.9,0.026,31.9,0.024,31.9,0.023,32.0
137.5,0.026,31.9,0.025,31.9,0.025,31.9,0.027,32.0
138.0,0.026,31.9,0.026,31.9,0.027,32.0,0.027,32.0
138.5,0.029,31.9,0.027,31.9,0.030,31.9,0.028,31.9
139.0,0.029,32.0,0.030,31.9,0.031,31.9,0.027,31.9
139.5,0.029,31.9,0.028,31.9,0.035,31.9,0.028,31.9
140.0,0.027,31.9,0.026,31.9,0.030,31.9,0.025,32.0
140.5,0.026,31.9,0.026,32.0,0.026,31.9,0.024,32.0
141.0,0.025,31.9,0.027,31.9,0.030,31.9,0.024,32.0
141.5,0.025,32.0,0.026,32.0,0.025,32.0,0.023,31.9
142.0,0.023,32.0,0.024,32.0,0.023,32.0,0.022,32.0
142.5,0.023,32.0,0.024,32.0,0.021,31.9,0.022,32.0
143.0,0.025,32.0,0.025,32.0,0.026,32.0,0.025,32.0
143.5,0.028,32.0,0.029,32.0,0.028,32.0,0.027,32.0
144.0,0.031,32.0,0.031,32.0,0.028,32.0,0.034,32.0
144.5,0.030,32.0,0.031,32.0,0.032,32.0,0.030,32.0
145.0,0.030,31.9,0.029,32.0,0.031,31.9,0.031,32.0
145.5,0.029,31.9,0.028,31.9,0.031,31.9,0.029,31.9
146.0,0.027,31.9,0.027,31.9,0.026,31.9,0.026,31.9
146.5,0.025,31.9,0.024,31.9,0.025,31.9,0.025,31.9
147.0,0.027,32.0,0.026,32.0,0.028,32.0,0.027,32.0
147.5,0.031,32.0,0.028,32.0,0.029,32.0,0.032,31.9
148.0,0.031,32.0,0.031,32.0,0.031,31.9,0.031,31.9
148.5,0.031,32.0,0.030,32.0,0.030,32.0,0.033,32.0
149.0,0.030,32.0,0.031,31.9,0.029,31.9,0.031,31.9
149.5,0.027,31.9,0.027,32.0,0.027,31.9,0.029,31.9
150.0,0.027,31.9,0.026,31.9,0.026,31.9,0.030,31.9
150.5,0.026,31.9,0.027,31.9,0.028,31.9,0.028,31.9
151.0,0.026,32.0,0.027,32.0,0.027,32.0,0.025,31.9
151.5,0.024,32.0,0.026,32.0,0.024,32.0,0.024,32.0
152.0,0.025,32.0,0.025,32.0,0.024,32.0,0.023,32.0
152.5,0.024,32.0,0.024,32.0,0.024,31.9,0.024,32.0
153.0,0.027,32.0,0.028,32.0,0.024,32.0,0.025,32.0
153.5,0.029,32.0,0.029,32.0,0.029,32.0,0.029,32.0
154.0,0.029,32.0,0.029,32.0,0.029,32.0,0.027,32.0
154.5,0.028,32.0,0.030,32.0,0.028,32.0,0.028,32.0
155.0,0.027,32.0,0.027,32.0,0.028,32.0,0.027,32.0
155.5,0.025,32.0,0.025,32.0,0.025,32.0,0.025,32.0
156.0,0.029,32.0,0.029,32.0,0.027,32.0,0.030,32.0
156.5,0.032,32.0,0.031,32.0,0.034,32.0,0.032,32.0
157.0,0.032,32.0,0.032,32.0,0.035,32.0,0.034,31.9
157.5,0.033,32.0,0.033,32.0,0.032,32.0,0.036,31.9
158.0,0.031,32.0,0.030,31.9,0.031,32.0,0.032,32.0
158.5,0.029,32.0,0.029,32.0,0.029,31.9,0.028,32.0
159.0,0.030,31.9,0.029,31.9,0.032,31.9,0.033,31.9
159.5,0.029,31.9,0.030,31.9,0.033,31.9,0.031,31.9
160.0,0.029,32.0,0.030,32.0,0.029,31.9,0.030,32.0
160.5,0.027,32.0,0.029,32.0,0.026,32.0,0.026,32.0
161.0,0.026,32.0,0.026,32.0,0.025,32.0,0.026,32.0
161.5,0.026,32.0,0.027,32.0,0.025,32.0,0.029,31.9
162.0,0.025,32.0,0.026,32.0,0.024,32.0,0.026,32.0
162.5,0.026,32.0,0.026,32.0,0.026,32.0,0.027,32.0
163.0,0.027,32.0,0.026,32.0,0.028,32.0,0.027,32.0
163.5,0.027,32.0,0.027,32.0,0.028,32.0,0.028,32.0
164.0,0.027,32.0,0.026,32.0,0.026,32.0,0.028,32.0
164.5,0.026,32.0,0.024,32.0,0.029,32.0,0.026,32.0
165.0,0.025,32.0,0.026,32.0,0.026,32.0,0.026,32.1
165.5,0.030,32.0,0.033,32.0,0.029,32.0,0.027,32.0
166.0,0.033,32.0,0.034,32.0,0.032,32.0,0.032,32.0
166.5,0.034,32.0,0.033,32.0,0.034,32.0,0.033,32.0
167.0,0.034,32.0,0.034,32.0,0.032,32.0,0.033,32.0
167.5,0.032,32.0,0.034,32.0,0.032,31.9,0.034,32.0
168.0,0.030,32.0,0.031,32.0,0.031,32.0,0.030,32.0
168.5,0.028,32.0,0.029,32.0,0.031,32.0,0.029,32.0
169.0,0.027,32.0,0.026,32.0,0.028,32.0,0.028,32.0
169.5,0.025,32.0,0.024,32.0,0.024,32.0,0.026,32.0
170.0,0.024,32.0,0.024,32.0,0.023,32.0,0.025,31.9
170.5,0.027,32.0,0.028,32.0,0.029,32.0,0.024,32.0
171.0,0.027,32.0,0.027,32.0,0.027,32.0,0.026,32.0
171.5,0.026,32.0,0.026,32.0,0.024,32.0,0.024,32.0
172.0,0.028,32.0,0.028,32.0,0.026,32.0,0.030,32.0
172.5,0.029,32.0,0.030,32.0,0.027,32.0,0.029,32.0
173.0,0.028,32.0,0.030,32.1,0.029,32.0,0.029,32.0
173.5,0.026,32.0,0.027,32.0,0.025,32.0,0.028,32.0
174.0,0.022,32.0,0.021,32.0,0.025,32.0,0.024,32.0
174.5,0.022,32.0,0.023,32.1,0.024,32.0,0.024,32.0
175.0,0.024,32.1,0.025,32.0,0.025,32.1,0.023,32.0
175.5,0.025,32.1,0.025,32.1,0.026,32.1,0.026,32.1
176.0,0.026,32.1,0.027,32.1,0.029,32.1,0.025,32.1
176.5,0.028,32.1,0.028,32.1,0.027,32.0,0.028,32.1
177.0,0.026,32.1,0.026,32.1,0.028,32.1,0.027,32.1
177.5,0.025,32.1,0.022,32.1,0.027,32.1,0.024,32.1
178.0,0.023,32.1,0.022,32.1,0.024,32.1,0.023,32.1
178.5,0.021,32.1,0.021,32.1,0.023,32.1,0.021,32.1
179.0,0.020,32.1,0.021,32.1,0.021,32.0,0.020,32.1
179.5,0.018,32.1,0.018,32.1,0.019,32.1,0.019,32.1
180.0,0.020,32.1,0.021,32.1,0.020,32.1,0.019,32.1
180.5,0.021,32.1,0.022,32.1,0.021,32.1,0.021,32.1
181.0,0.021,32.2,0.021,32.2,0.020,32.2,0.022,32.1
181.5,0.023,32.2,0.025,32.2,0.024,32.2,0.022,32.2
182.0,0.024,32.2,0.023,32.1,0.025,32.2,0.022,32.2
182.5,0.026,32.1,0.026,32.2,0.023,32.1,0.027,32.1
183.0,0.024,32.2,0.024,32.1,0.024,32.1,0.026,32.2
183.5,0.022,32.2,0.023,32.2,0.024,32.1,0.024,32.1
184.0,0.022,32.1,0.022,32.1,0.023,32.2,0.022,32.1
184.5,0.023,32.2,0.023,32.2,0.022,32.1,0.022,32.2
185.0,0.025,32.2,0.026,32.2,0.026,32.2,0.024,32.2
185.5,0.025,32.2,0.026,32.2,0.024,32.2,0.025,32.2
186.0,0.024,32.2,0.024,32.2,0.025,32.2,0.023,32.2
186.5,0.022,32.2,0.023,32.2,0.021,32.2,0.024,32.3
187.0,0.019,32.2,0.020,32.1,0.018,32.1,0.021,32.2
187.5,0.017,32.2,0.018,32.2,0.017,32.2,0.018,32.2
188.0,0.015,32.2,0.017,32.2,0.020,32.2,0.015,32.2
188.5,0.013,32.2,0.015,32.2,0.014,32.2,0.013,32.2
189.0,0.014,32.2,0.015,32.3,0.013,32.3,0.012,32.2
189.5,0.016,32.2,0.016,32.2,0.015,32.2,0.014,32.2
190.0,0.013,32.3,0.014,32.3,0.013,32.3,0.013,32.3
190.5,0.013,32.3,0.013,32.3,0.014,32.2,0.012,32.3
191.0,0.014,32.3,0.013,32.3,0.012,32.3,0.015,32.3
191.5,0.014,32.3,0.014,32.4,0.014,32.3,0.016,32.3
192.0,0.012,32.3,0.013,32.3,0.013,32.4,0.009,32.4
192.5,0.010,32.3,0.011,32.3,0.013,32.3,0.012,32.3
193.0,0.009,32.4,0.009,32.4,0.010,32.4,0.009,32.3
193.5,0.010,32.4,0.009,32.4,0.012,32.4,0.008,32.4
194.0,0.012,32.4,0.011,32.4,0.013,32.4,0.012,32.4
194.5,0.012,32.4,0.013,32.4,0.012,32.4,0.013,32.4
195.0,0.010,32.4,0.012,32.4,0.012,32.4,0.012,32.4
195.5,0.007,32.4,0.006,32.4,0.012,32.4,0.008,32.4
196.0,0.007,32.4,0.007,32.4,0.008,32.4,0.009,32.5
196.5,0.008,32.4,0.007,32.4,0.008,32.4,0.008,32.4
197.0,0.008,32.4,0.008,32.4,0.007,32.4,0.008,32.5
197.5,0.006,32.5,0.006,32.5,0.007,32.5,0.006,32.5
198.0,0.004,32.5,0.005,32.5,0.004,32.5,0.003,32.5
198.5,0.007,32.5,0.006,32.5,0.004,32.5,0.006,32.5
199.0,0.008,32.5,0.008,32.5,0.006,32.5,0.009,32.6
199.5,0.007,32.5,0.006,32.5,0.008,32.5,0.008,32.6
200.0,0.006,32.6,0.006,32.6,0.006,32.6,0.006,32.6
200.5,0.008,32.5,0.007,32.6,0.008,32.5,0.009,32.5
201.0,0.009,32.6,0.008,32.6,0.011,32.6,0.012,32.5
201.5,0.009,32.6,0.008,32.6,0.012,32.5,0.010,32.5
202.0,0.007,32.6,0.009,32.6,0.009,32.6,0.010,32.5
202.5,0.003,32.6,0.002,32.6,0.004,32.6,0.002,32.6
203.0,0.002,32.6,0.002,32.6,0.002,32.6,0.000,32.6
203.5,0.002,32.6,0.002,32.6,0.001,32.6,0.002,32.6
204.0,-0.003,32.6,-0.002,32.6,0.002,32.6,-0.000,32.6
204.5,-0.018,32.7,-0.018,32.7,-0.006,32.6,-0.015,32.7
205.0,-0.049,32.7,-0.049,32.7,-0.045,32.7,-0.037,32.7
205.5,-0.088,32.7,-0.087,32.7,-0.081,32.7,-0.071,32.7
206.0,-0.123,32.7,-0.123,32.7,-0.118,32.7,-0.118,32.7
206.5,-0.135,32.6,-0.135,32.6,-0.134,32.6,-0.133,32.6
207.0,-0.119,32.5,-0.121,32.6,-0.122,32.5,-0.132,32.6
207.5,-0.081,32.5,-0.081,32.5,-0.089,32.5,-0.097,32.5
208.0,-0.049,32.5,-0.050,32.5,-0.055,32.5,-0.050,32.5
208.5,-0.029,32.5,-0.028,32.5,-0.032,32.5,-0.029,32.6
209.0,-0.018,32.6,-0.017,32.6,-0.017,32.6,-0.020,32.6
209.5,-0.016,32.7,-0.017,32.7,-0.016,32.6,-0.016,32.7
210.0,-0.019,32.7,-0.019,32.7,-0.017,32.7,-0.018,32.7
210.5,-0.020,32.8,-0.021,32.8,-0.019,32.7,-0.020,32.8
211.0,-0.024,32.8,-0.023,32.8,-0.023,32.8,-0.022,32.9
211.5,-0.026,32.8,-0.026,32.8,-0.025,32.8,-0.027,32.8
212.0,-0.026,32.9,-0.026,32.9,-0.026,32.9,-0.026,32.9
212.5,-0.022,32.9,-0.022,32.9,-0.024,32.9,-0.023,32.9
213.0,-0.020,32.9,-0.019,32.9,-0.020,32.9,-0.020,32.9
213.5,-0.017,32.9,-0.017,32.9,-0.018,32.9,-0.018,32.9
214.0,-0.017,33.0,-0.017,33.0,-0.018,32.9,-0.018,33.0
214.5,-0.021,33.0,-0.021,33.0,-0.020,33.0,-0.021,33.0
215.0,-0.027,33.0,-0.025,33.0,-0.026,33.0,-0.025,33.0
215.5,-0.026,33.0,-0.026,33.0,-0.027,33.0,-0.025,33.1
216.0,-0.023,33.0,-0.024,33.0,-0.025,33.0,-0.023,33.1
216.5,-0.024,33.1,-0.023,33.1,-0.026,33.1,-0.024,33.1
217.0,-0.026,33.1,-0.027,33.1,-0.027,33.0,-0.026,33.1
217.5,-0.023,33.1,-0.024,33.1,-0.023,33.1,-0.023,33.1
218.0,-0.022,33.1,-0.021,33.1,-0.020,33.0,-0.022,33.1
218.5,-0.015,33.1,-0.015,33.1,-0.015,33.1,-0.019,33.1
219.0,-0.011,33.1,-0.010,33.1,-0.008,33.1,-0.013,33.1
219.5,-0.016,33.2,-0.015,33.1,-0.014,33.1,-0.016,33.2
220.0,-0.019,33.2,-0.019,33.2,-0.018,33.2,-0.019,33.2
220.5,-0.021,33.2,-0.020,33.2,-0.021,33.2,-0.021,33.2
221.0,-0.019,33.2,-0.019,33.2,-0.018,33.2,-0.020,33.2
221.5,-0.014,33.2,-0.015,33.2,-0.015,33.2,-0.016,33.2
222.0,-0.010,33.2,-0.010,33.2,-0.011,33.2,-0.010,33.2
222.5,-0.005,33.2,-0.005,33.2,-0.005,33.2,-0.006,33.2
223.0,0.001,33.2,0.002,33.2,0.001,33.2,-0.000,33.2
223.5,0.007,33.2,0.008,33.2,0.003,33.2,0.006,33.2
224.0,0.009,33.2,0.010,33.2,0.009,33.2,0.009,33.2
224.5,0.009,33.2,0.010,33.2,0.010,33.2,0.009,33.2
225.0,0.009,33.2,0.009,33.2,0.009,33.2,0.010,33.2
225.5,0.008,33.2,0.008,33.2,0.007,33.2,0.010,33.2
226.0,0.007,33.2,0.007,33.2,0.006,33.1,0.008,33.2
226.5,0.006,33.2,0.006,33.2,0.007,33.2,0.009,33.2
227.0,0.005,33.2,0.005,33.2,0.006,33.2,0.007,33.1
227.5,0.006,33.2,0.007,33.2,0.007,33.2,0.007,33.2
228.0,0.009,33.1,0.010,33.1,0.010,33.1,0.008,33.1
228.5,0.011,33.2,0.013,33.2,0.012,33.1,0.009,33.2
229.0,0.012,33.1,0.013,33.1,0.012,33.2,0.012,33.2
229.5,0.014,33.1,0.014,33.1,0.015,33.2,0.012,33.2
230.0,0.017,33.1,0.016,33.1,0.016,33.1,0.016,33.1
230.5,0.019,33.1,0.018,33.1,0.019,33.1,0.020,33.1
231.0,0.025,33.1,0.025,33.1,0.025,33.1,0.022,33.1
231.5,0.026,33.1,0.027,33.1,0.026,33.0,0.026,33.0
232.0,0.027,33.0,0.027,33.1,0.026,33.1,0.027,33.0
232.5,0.025,33.0,0.025,33.0,0.026,33.0,0.026,33.0
233.0,0.025,32.9,0.025,33.0,0.022,32.9,0.025,33.0
233.5,0.025,33.0,0.025,32.9,0.023,32.9,0.025,33.0
234.0,0.024,32.9,0.025,32.9,0.026,32.9,0.024,32.9
234.5,0.027,32.9,0.030,32.9,0.027,32.9,0.026,32.9
235.0,0.030,32.9,0.031,32.9,0.034,32.9,0.028,32.9
235.5,0.032,32.9,0.031,32.9,0.034,32.9,0.031,32.9
236.0,0.032,32.9,0.035,32.9,0.033,32.9,0.030,32.9
236.5,0.031,32.8,0.031,32.8,0.031,32.8,0.032,32.8
237.0,0.030,32.8,0.030,32.8,0.029,32.8,0.030,32.8
237.5,0.025,32.8,0.025,32.8,0.025,32.8,0.027,32.7
238.0,0.023,32.8,0.023,32.8,0.026,32.8,0.024,32.8
238.5,0.019,32.8,0.020,32.8,0.019,32.8,0.019,32.7
239.0,0.017,32.8,0.018,32.8,0.016,32.7,0.019,32.8
239.5,0.018,32.8,0.017,32.8,0.016,32.8,0.019,32.8
240.0,0.022,32.8,0.022,32.8,0.020,32.8,0.023,32.8
240.5,0.031,32.8,0.029,32.8,0.027,32.8,0.028,32.8
241.0,0.032,32.8,0.033,32.8,0.031,32.8,0.030,32.8
241.5,0.031,32.8,0.031,32.8,0.029,32.8,0.033,32.8
242.0,0.028,32.8,0.029,32.8,0.029,32.7,0.030,32.7
242.5,0.026,32.8,0.026,32.8,0.027,32.8,0.025,32.7
243.0,0.025,32.8,0.025,32.8,0.026,32.8,0.025,32.8
243.5,0.023,32.8,0.023,32.8,0.024,32.7,0.024,32.8
244.0,0.027,32.8,0.027,32.8,0.027,32.7,0.024,32.8
244.5,0.029,32.7,0.028,32.7,0.027,32.7,0.029,32.7
245.0,0.030,32.7,0.028,32.7,0.029,32.7,0.030,32.8
245.5,0.030,32.7,0.029,32.7,0.032,32.7,0.030,32.7
246.0,0.029,32.7,0.029,32.7,0.030,32.7,0.029,32.7
246.5,0.026,32.7,0.028,32.7,0.026,32.7,0.028,32.7
247.0,0.024,32.7,0.024,32.7,0.024,32.7,0.026,32.7
247.5,0.022,32.7,0.022,32.7,0.022,32.7,0.023,32.7
248.0,0.020,32.7,0.018,32.7,0.019,32.7,0.019,32.7
248.5,0.017,32.7,0.016,32.7,0.018,32.7,0.017,32.7
249.0,0.020,32.7,0.021,32.7,0.022,32.7,0.021,32.7
249.5,0.029,32.8,0.029,32.8,0.029,32.7,0.027,32.7
250.0,0.032,32.7,0.031,32.7,0.037,32.7,0.031,32.7
250.5,0.030,32.7,0.030,32.7,0.030,32.7,0.028,32.7
251.0,0.028,32.7,0.027,32.8,0.029,32.7,0.029,32.7
251.5,0.027,32.7,0.026,32.7,0.031,32.7,0.028,32.7
252.0,0.026,32.7,0.026,32.7,0.027,32.7,0.025,32.7
252.5,0.025,32.7,0.026,32.7,0.026,32.7,0.028,32.7
253.0,0.025,32.7,0.025,32.7,0.024,32.7,0.022,32.7
253.5,0.029,32.7,0.027,32.7,0.024,32.7,0.026,32.7
254.0,0.029,32.7,0.028,32.7,0.031,32.7,0.030,32.7
254.5,0.028,32.7,0.028,32.7,0.029,32.7,0.030,32.7
255.0,0.028,32.7,0.028,32.7,0.028,32.7,0.026,32.7
255.5,0.027,32.7,0.029,32.7,0.028,32.7,0.027,32.6
256.0,0.026,32.7,0.027,32.7,0.025,32.7,0.027,32.6
256.5,0.024,32.7,0.024,32.7,0.024,32.7,0.026,32.7
257.0,0.023,32.7,0.023,32.7,0.020,32.6,0.023,32.7
257.5,0.022,32.7,0.022,32.7,0.021,32.7,0.022,32.7
258.0,0.019,32.7,0.020,32.7,0.019,32.7,0.018,32.7
258.5,0.016,32.7,0.016,32.7,0.015,32.7,0.018,32.7
259.0,0.022,32.7,0.022,32.7,0.019,32.7,0.019,32.7
259.5,0.027,32.7,0.025,32.7,0.026,32.7,0.027,32.7
260.0,0.026,32.7,0.027,32.7,0.026,32.7,0.026,32.8
260.5,0.025,32.7,0.026,32.7,0.025,32.7,0.023,32.7
261.0,0.026,32.7,0.026,32.7,0.026,32.7,0.025,32.7
261.5,0.026,32.7,0.027,32.7,0.027,32.7,0.025,32.7
262.0,0.024,32.7,0.025,32.7,0.025,32.8,0.024,32.7
262.5,0.028,32.7,0.029,32.7,0.029,32.7,0.027,32.7
263.0,0.030,32.7,0.031,32.7,0.028,32.7,0.026,32.7
263.5,0.029,32.7,0.029,32.7,0.028,32.7,0.028,32.7
264.0,0.028,32.7,0.028,32.7,0.027,32.7,0.028,32.7
264.5,0.029,32.7,0.028,32.7,0.027,32.7,0.029,32.7
265.0,0.028,32.7,0.028,32.7,0.026,32.7,0.029,32.7
265.5,0.026,32.7,0.027,32.7,0.026,32.7,0.025,32.7
266.0,0.026,32.7,0.027,32.7,0.028,32.7,0.025,32.7
266.5,0.026,32.7,0.025,32.7,0.027,32.7,0.027,32.7
267.0,0.026,32.7,0.027,32.7,0.025,32.7,0.027,32.7
267.5,0.026,32.7,0.025,32.7,0.030,32.7,0.025,32.7
268.0,0.026,32.7,0.028,32.7,0.028,32.7,0.026,32.7
268.5,0.027,32.7,0.027,32.7,0.026,32.7,0.028,32.7
269.0,0.026,32.7,0.027,32.7,0.026,32.8,0.028,32.7
269.5,0.028,32.7,0.028,32.7,0.026,32.7,0.030,32.7
270.0,0.027,32.7,0.026,32.7,0.026,32.7,0.026,32.7
270.5,0.027,32.7,0.029,32.7,0.030,32.7,0.024,32.7
271.0,0.026,32.7,0.027,32.7,0.026,32.7,0.024,32.7
271.5,0.025,32.7,0.025,32.7,0.026,32.7,0.023,32.7
272.0,0.030,32.7,0.029,32.7,0.031,32.7,0.030,32.7
272.5,0.032,32.7,0.031,32.7,0.032,32.7,0.034,32.7
273.0,0.033,32.7,0.031,32.7,0.031,32.7,0.036,32.7
273.5,0.032,32.6,0.035,32.6,0.032,32.7,0.032,32.7
274.0,0.032,32.6,0.034,32.7,0.028,32.6,0.034,32.7
274.5,0.031,32.7,0.029,32.6,0.028,32.6,0.031,32.7
275.0,0.029,32.6,0.028,32.7,0.030,32.7,0.029,32.6
275.5,0.028,32.6,0.027,32.6,0.029,32.6,0.030,32.6
276.0,0.027,32.6,0.028,32.6,0.028,32.7,0.027,32.6
276.5,0.027,32.6,0.029,32.6,0.027,32.7,0.032,32.7
277.0,0.028,32.6,0.028,32.7,0.029,32.6,0.029,32.6
277.5,0.027,32.6,0.025,32.6,0.028,32.6,0.029,32.6
278.0,0.029,32.6,0.028,32.6,0.026,32.6,0.031,32.6
278.5,0.028,32.7,0.030,32.7,0.029,32.7,0.029,32.7
279.0,0.026,32.7,0.027,32.7,0.027,32.6,0.026,32.7
279.5,0.025,32.6,0.025,32.6,0.024,32.7,0.027,32.6
280.0,0.024,32.6,0.023,32.7,0.025,32.7,0.027,32.7
280.5,0.022,32.7,0.023,32.7,0.020,32.7,0.022,32.7
281.0,0.027,32.7,0.027,32.7,0.025,32.7,0.023,32.7
281.5,0.027,32.7,0.028,32.7,0.028,32.7,0.027,32.7
282.0,0.027,32.7,0.027,32.7,0.026,32.7,0.027,32.6
282.5,0.026,32.7,0.027,32.7,0.026,32.7,0.026,32.6
283.0,0.026,32.7,0.026,32.7,0.025,32.7,0.025,32.6
283.5,0.026,32.7,0.026,32.7,0.026,32.7,0.025,32.7
284.0,0.023,32.7,0.024,32.7,0.023,32.7,0.028,32.7
284.5,0.021,32.7,0.021,32.7,0.024,32.7,0.023,32.7
285.0,0.021,32.7,0.020,32.7,0.022,32.7,0.019,32.7
285.5,0.021,32.7,0.022,32.7,0.020,32.7,0.021,32.7
286.0,0.022,32.7,0.023,32.7,0.021,32.7,0.020,32.7
286.5,0.025,32.7,0.026,32.7,0.025,32.7,0.023,32.7
287.0,0.023,32.7,0.026,32.7,0.022,32.7,0.023,32.7
287.5,0.024,32.8,0.024,32.8,0.024,32.7,0.024,32.8
288.0,0.027,32.7,0.028,32.7,0.027,32.7,0.026,32.7
288.5,0.029,32.7,0.030,32.7,0.027,32.7,0.031,32.7
289.0,0.030,32.7,0.030,32.7,0.030,32.7,0.030,32.7
289.5,0.026,32.7,0.026,32.7,0.027,32.7,0.030,32.7
290.0,0.025,32.7,0.024,32.7,0.027,32.6,0.029,32.7
290.5,0.025,32.7,0.024,32.7,0.025,32.7,0.024,32.7
291.0,0.030,32.7,0.029,32.7,0.030,32.7,0.027,32.7
291.5,0.032,32.7,0.032,32.7,0.029,32.7,0.032,32.7
292.0,0.032,32.7,0.031,32.7,0.033,32.7,0.030,32.7
292.5,0.029,32.7,0.029,32.7,0.035,32.7,0.028,32.7
293.0,0.025,32.7,0.026,32.7,0.031,32.7,0.025,32.7
293.5,0.021,32.7,0.021,32.7,0.024,32.7,0.023,32.7
294.0,0.019,32.7,0.018,32.7,0.019,32.7,0.024,32.7
294.5,0.016,32.7,0.016,32.7,0.016,32.7,0.017,32.7
295.0,0.014,32.7,0.015,32.7,0.014,32.7,0.012,32.7
295.5,0.014,32.7,0.014,32.7,0.013,32.8,0.012,32.7
296.0,0.015,32.8,0.016,32.8,0.018,32.7,0.014,32.8
296.5,0.013,32.8,0.012,32.8,0.014,32.8,0.015,32.8
297.0,0.014,32.8,0.014,32.8,0.013,32.8,0.017,32.8
297.5,0.017,32.8,0.017,32.8,0.017,32.8,0.021,32.8
298.0,0.019,32.8,0.017,32.8,0.020,32.8,0.022,32.8
298.5,0.018,32.8,0.018,32.8,0.019,32.8,0.019,32.8
299.0,0.015,32.9,0.015,32.8,0.015,32.9,0.014,32.9
299.5,0.012,32.9,0.012,32.9,0.014,32.9,0.012,32.8
300.0,0.014,32.9,0.013,32.9,0.014,32.9,0.015,32.9
300.5,0.016,32.9,0.015,32.9,0.017,32.9,0.014,32.9
301.0,0.018,32.9,0.019,32.9,0.016,32.9,0.019,32.9
301.5,0.016,32.9,0.016,32.9,0.015,32.9,0.018,32.9
302.0,0.013,32.9,0.014,32.9,0.014,32.9,0.012,32.9
302.5,0.013,32.9,0.013,32.9,0.014,32.9,0.013,32.9
303.0,0.012,32.9,0.011,32.9,0.015,32.9,0.012,32.9
303.5,0.010,32.9,0.010,32.9,0.014,32.9,0.010,32.9
304.0,0.008,32.9,0.008,32.9,0.007,32.9,0.008,33.0
304.5,0.006,33.0,0.006,33.0,0.006,32.9,0.008,32.9
305.0,0.007,33.0,0.007,33.0,0.008,33.0,0.005,32.9
305.5,0.008,33.0,0.009,33.0,0.008,33.0,0.009,33.0
306.0,0.008,33.0,0.008,33.0,0.006,33.0,0.009,33.0
306.5,0.010,33.0,0.007,33.0,0.008,33.0,0.008,33.0
307.0,0.010,33.0,0.010,33.1,0.011,33.0,0.008,33.1
307.5,0.012,33.0,0.013,33.0,0.011,33.0,0.010,33.0
308.0,0.012,33.0,0.011,33.0,0.011,33.1,0.012,33.0
308.5,0.010,33.0,0.010,33.1,0.010,33.1,0.011,33.0
309.0,0.007,33.0,0.008,33.1,0.010,33.1,0.009,33.0
309.5,0.008,33.1,0.008,33.1,0.008,33.1,0.010,33.0
310.0,0.010,33.1,0.009,33.1,0.010,33.1,0.011,33.1
310.5,0.008,33.1,0.007,33.1,0.009,33.1,0.007,33.1
311.0,0.007,33.1,0.005,33.1,0.006,33.1,0.008,33.1
311.5,0.009,33.1,0.009,33.1,0.008,33.1,0.009,33.1
312.0,0.010,33.1,0.010,33.1,0.008,33.1,0.009,33.1
312.5,0.008,33.1,0.008,33.1,0.010,33.1,0.009,33.1
313.0,0.006,33.1,0.007,33.1,0.008,33.1,0.008,33.1
313.5,0.003,33.1,0.004,33.1,0.005,33.1,0.005,33.1
314.0,0.003,33.1,0.002,33.1,0.002,33.1,0.003,33.1
314.5,0.005,33.2,0.005,33.1,0.003,33.2,0.005,33.2
315.0,0.005,33.2,0.005,33.2,0.005,33.1,0.004,33.2
315.5,0.004,33.2,0.004,33.2,0.003,33.1,0.004,33.2
316.0,0.001,33.2,0.000,33.2,0.004,33.1,0.001,33.2
316.5,-0.015,33.2,-0.015,33.2,-0.013,33.2,-0.013,33.2
317.0,-0.050,33.2,-0.048,33.2,-0.041,33.2,-0.045,33.2
317.5,-0.108,33.2,-0.106,33.2,-0.082,33.2,-0.095,33.2
318.0,-0.153,33.2,-0.148,33.2,-0.151,33.2,-0.122,33.2
318.5,-0.152,33.1,-0.151,33.1,-0.152,33.1,-0.155,33.1
319.0,-0.113,33.0,-0.113,33.0,-0.118,33.0,-0.129,33.0
319.5,-0.064,32.9,-0.065,33.0,-0.082,32.9,-0.067,32.9
320.0,-0.036,33.0,-0.036,33.0,-0.039,33.0,-0.038,33.0
320.5,-0.023,33.0,-0.023,33.0,-0.024,33.0,-0.025,33.0
321.0,-0.014,33.1,-0.015,33.1,-0.015,33.1,-0.014,33.1
321.5,-0.008,33.2,-0.007,33.2,-0.008,33.1,-0.007,33.2
322.0,-0.005,33.2,-0.005,33.2,-0.005,33.2,-0.004,33.3
322.5,-0.004,33.3,-0.004,33.3,-0.004,33.2,-0.004,33.2
323.0,-0.007,33.3,-0.007,33.3,-0.006,33.2,-0.005,33.3
323.5,-0.012,33.3,-0.012,33.3,-0.010,33.3,-0.010,33.4
324.0,-0.014,33.4,-0.014,33.4,-0.013,33.4,-0.013,33.4
324.5,-0.017,33.4,-0.017,33.4,-0.017,33.4,-0.017,33.4
325.0,-0.021,33.4,-0.020,33.4,-0.021,33.4,-0.019,33.4
325.5,-0.024,33.5,-0.024,33.5,-0.023,33.5,-0.023,33.4
326.0,-0.028,33.5,-0.027,33.5,-0.025,33.5,-0.028,33.5
326.5,-0.030,33.5,-0.030,33.5,-0.030,33.5,-0.029,33.5
327.0,-0.031,33.5,-0.030,33.5,-0.031,33.6,-0.030,33.5
327.5,-0.032,33.5,-0.032,33.5,-0.033,33.5,-0.032,33.5
328.0,-0.030,33.5,-0.030,33.5,-0.034,33.5,-0.030,33.5
328.5,-0.026,33.6,-0.025,33.6,-0.029,33.5,-0.026,33.5
329.0,-0.016,33.6,-0.015,33.6,-0.016,33.5,-0.018,33.6
329.5,-0.014,33.6,-0.014,33.6,-0.013,33.6,-0.015,33.6
330.0,-0.012,33.6,-0.013,33.6,-0.012,33.6,-0.013,33.6
330.5,-0.010,33.6,-0.010,33.6,-0.010,33.6,-0.010,33.6
331.0,-0.010,33.6,-0.009,33.6,-0.010,33.6,-0.010,33.6
331.5,-0.007,33.6,-0.008,33.6,-0.008,33.6,-0.008,33.6
332.0,-0.006,33.6,-0.006,33.6,-0.006,33.6,-0.007,33.7
332.5,-0.007,33.7,-0.008,33.7,-0.007,33.6,-0.008,33.6
333.0,-0.010,33.7,-0.010,33.7,-0.010,33.7,-0.007,33.6
333.5,-0.010,33.7,-0.009,33.7,-0.010,33.7,-0.009,33.7
334.0,-0.012,33.7,-0.012,33.7,-0.012,33.7,-0.011,33.7
334.5,-0.013,33.7,-0.013,33.7,-0.013,33.7,-0.012,33.7
335.0,-0.012,33.7,-0.011,33.7,-0.014,33.7,-0.012,33.7
335.5,-0.010,33.7,-0.010,33.7,-0.010,33.7,-0.010,33.7
336.0,-0.007,33.7,-0.007,33.7,-0.008,33.7,-0.010,33.7
336.5,-0.009,33.7,-0.009,33.7,-0.008,33.7,-0.008,33.7
337.0,-0.011,33.7,-0.011,33.7,-0.012,33.7,-0.010,33.7
337.5,-0.006,33.7,-0.008,33.7,-0.006,33.7,-0.006,33.8
338.0,0.002,33.7,0.000,33.7,-0.001,33.7,0.001,33.8
338.5,0.010,33.7,0.010,33.7,0.007,33.7,0.008,33.7
339.0,0.013,33.7,0.014,33.7,0.014,33.7,0.012,33.7
339.5,0.013,33.7,0.013,33.7,0.012,33.7,0.010,33.6
340.0,0.010,33.7,0.010,33.7,0.011,33.7,0.012,33.7
340.5,0.010,33.7,0.010,33.7,0.010,33.7,0.010,33.7
341.0,0.011,33.7,0.010,33.7,0.010,33.7,0.014,33.7
341.5,0.013,33.6,0.015,33.7,0.014,33.6,0.013,33.7
342.0,0.017,33.6,0.018,33.6,0.018,33.6,0.016,33.6
342.5,0.020,33.6,0.020,33.6,0.018,33.6,0.020,33.6
343.0,0.021,33.6,0.020,33.6,0.020,33.6,0.020,33.6
343.5,0.022,33.5,0.022,33.6,0.021,33.6,0.024,33.5
344.0,0.023,33.5,0.022,33.5,0.023,33.5,0.022,33.5
344.5,0.021,33.5,0.020,33.5,0.022,33.5,0.022,33.5
345.0,0.017,33.5,0.018,33.5,0.018,33.5,0.019,33.5
345.5,0.014,33.5,0.015,33.5,0.016,33.5,0.017,33.5
346.0,0.014,33.5,0.015,33.5,0.016,33.5,0.014,33.5
346.5,0.022,33.5,0.020,33.5,0.024,33.5,0.018,33.5
347.0,0.028,33.5,0.025,33.5,0.034,33.5,0.024,33.5
347.5,0.030,33.4,0.031,33.4,0.033,33.5,0.028,33.4
348.0,0.031,33.4,0.031,33.4,0.032,33.4,0.033,33.4
348.5,0.033,33.3,0.032,33.4,0.033,33.4,0.035,33.4
349.0,0.029,33.3,0.029,33.3,0.030,33.3,0.031,33.4
349.5,0.023,33.3,0.024,33.3,0.026,33.3,0.025,33.3
350.0,0.021,33.3,0.021,33.3,0.023,33.3,0.023,33.3
350.5,0.026,33.3,0.026,33.3,0.024,33.3,0.028,33.3
351.0,0.028,33.3,0.028,33.3,0.026,33.3,0.031,33.3
351.5,0.030,33.3,0.031,33.3,0.028,33.3,0.030,33.3
352.0,0.029,33.3,0.031,33.3,0.031,33.3,0.029,33.3
352.5,0.028,33.2,0.028,33.3,0.027,33.2,0.028,33.3
353.0,0.026,33.2,0.026,33.2,0.027,33.3,0.026,33.2
353.5,0.025,33.2,0.025,33.2,0.026,33.3,0.024,33.2
354.0,0.024,33.2,0.024,33.2,0.022,33.2,0.023,33.2
354.5,0.022,33.2,0.022,33.2,0.020,33.2,0.025,33.2
355.0,0.020,33.2,0.020,33.2,0.019,33.2,0.020,33.2
355.5,0.025,33.2,0.025,33.2,0.023,33.2,0.026,33.2
356.0,0.031,33.2,0.032,33.2,0.027,33.3,0.028,33.2
356.5,0.032,33.2,0.032,33.3,0.029,33.3,0.032,33.2
357.0,0.031,33.2,0.029,33.2,0.031,33.2,0.033,33.2
357.5,0.029,33.2,0.027,33.2,0.030,33.2,0.033,33.3
358.0,0.027,33.2,0.027,33.2,0.026,33.2,0.028,33.2
358.5,0.027,33.2,0.025,33.2,0.026,33.2,0.028,33.1
359.0,0.026,33.2,0.026,33.2,0.024,33.2,0.027,33.1
359.5,0.025,33.2,0.026,33.2,0.026,33.2,0.024,33.2
360.0,0.028,33.2,0.028,33.2,0.028,33.1,0.026,33.2
360.5,0.029,33.1,0.028,33.1,0.027,33.1,0.027,33.2
361.0,0.028,33.1,0.029,33.1,0.029,33.1,0.028,33.1
361.5,0.027,33.1,0.027,33.1,0.026,33.1,0.031,33.2
362.0,0.026,33.1,0.026,33.2,0.026,33.1,0.029,33.1
362.5,0.024,33.1,0.024,33.1,0.024,33.2,0.024,33.1
363.0,0.022,33.1,0.024,33.1,0.023,33.1,0.022,33.1
363.5,0.020,33.2,0.021,33.1,0.020,33.2,0.022,33.1
364.0,0.018,33.1,0.018,33.1,0.017,33.1,0.020,33.2
364.5,0.021,33.2,0.021,33.2,0.019,33.2,0.020,33.2
365.0,0.023,33.2,0.023,33.2,0.022,33.2,0.022,33.2
365.5,0.027,33.2,0.027,33.2,0.025,33.2,0.024,33.2
366.0,0.028,33.2,0.028,33.2,0.026,33.2,0.027,33.2
366.5,0.027,33.2,0.028,33.2,0.028,33.2,0.026,33.2
367.0,0.025,33.1,0.026,33.1,0.027,33.2,0.026,33.1
367.5,0.025,33.1,0.025,33.1,0.024,33.1,0.025,33.1
368.0,0.025,33.1,0.024,33.1,0.024,33.1,0.025,33.1
368.5,0.024,33.2,0.023,33.2,0.024,33.1,0.025,33.2
369.0,0.026,33.1,0.026,33.1,0.025,33.1,0.027,33.2
369.5,0.027,33.1,0.027,33.1,0.026,33.1,0.034,33.1
370.0,0.026,33.1,0.025,33.1,0.027,33.1,0.029,33.1
370.5,0.027,33.1,0.028,33.1,0.027,33.1,0.028,33.1
371.0,0.026,33.1,0.026,33.1,0.025,33.1,0.029,33.1
371.5,0.026,33.1,0.026,33.1,0.025,33.1,0.031,33.1
372.0,0.026,33.1,0.025,33.1,0.025,33.1,0.027,33.1
372.5,0.025,33.1,0.025,33.1,0.024,33.1,0.027,33.1
373.0,0.025,33.1,0.025,33.1,0.025,33.1,0.027,33.1
373.5,0.025,33.1,0.024,33.1,0.023,33.1,0.026,33.1
374.0,0.024,33.1,0.026,33.1,0.023,33.1,0.022,33.1
374.5,0.024,33.1,0.023,33.1,0.024,33.1,0.023,33.2
375.0,0.027,33.1,0.027,33.1,0.027,33.1,0.026,33.1
375.5,0.029,33.1,0.030,33.1,0.029,33.1,0.027,33.1
376.0,0.029,33.1,0.029,33.1,0.029,33.1,0.028,33.1
376.5,0.029,33.1,0.028,33.1,0.029,33.0,0.034,33.1
377.0,0.029,33.1,0.033,33.1,0.031,33.1,0.028,33.1
377.5,0.028,33.0,0.029,33.0,0.029,33.1,0.027,33.1
378.0,0.027,33.1,0.026,33.1,0.028,33.1,0.030,33.0
378.5,0.029,33.1,0.026,33.1,0.030,33.1,0.028,33.1
379.0,0.031,33.1,0.029,33.0,0.033,33.0,0.029,33.0
379.5,0.030,33.0,0.030,33.0,0.030,33.0,0.032,33.0
380.0,0.025,33.0,0.024,33.0,0.029,33.0,0.026,33.1
380.5,0.026,33.0,0.026,33.0,0.030,33.0,0.025,33.0
381.0,0.026,33.1,0.026,33.1,0.026,33.0,0.027,33.1
381.5,0.025,33.0,0.025,33.1,0.024,33.0,0.026,33.0
382.0,0.022,33.1,0.023,33.1,0.023,33.0,0.023,33.0
382.5,0.022,33.1,0.024,33.1,0.021,33.1,0.023,33.1
383.0,0.022,33.1,0.023,33.0,0.024,33.1,0.023,33.0
383.5,0.025,33.1,0.025,33.1,0.025,33.1,0.022,33.1
384.0,0.025,33.1,0.024,33.1,0.025,33.1,0.024,33.1
384.5,0.025,33.1,0.025,33.1,0.025,33.1,0.025,33.1
385.0,0.027,33.1,0.028,33.1,0.027,33.1,0.026,33.0
385.5,0.030,33.0,0.029,33.1,0.032,33.0,0.028,33.0
386.0,0.031,33.1,0.031,33.1,0.035,33.0,0.032,33.1
386.5,0.029,33.1,0.030,33.1,0.030,33.0,0.030,33.1
387.0,0.025,33.0,0.025,33.0,0.025,33.0,0.028,33.0
387.5,0.025,33.0,0.025,33.0,0.026,33.1,0.024,33.0
388.0,0.029,33.0,0.029,33.1,0.029,33.1,0.025,33.0
388.5,0.031,33.0,0.030,33.0,0.030,33.1,0.030,33.0
389.0,0.030,33.0,0.030,33.0,0.032,33.1,0.031,33.0
389.5,0.028,33.0,0.028,33.0,0.030,33.0,0.030,33.0
390.0,0.028,33.0,0.031,33.1,0.028,33.0,0.027,33.0
390.5,0.025,33.0,0.025,33.0,0.026,33.0,0.026,33.0
391.0,0.025,33.0,0.026,33.0,0.025,33.0,0.024,33.0
391.5,0.025,33.0,0.024,33.0,0.024,33.0,0.027,33.1
392.0,0.025,33.1,0.025,33.0,0.024,33.0,0.029,33.1
392.5,0.024,33.0,0.024,33.0,0.024,33.0,0.025,33.0
393.0,0.024,33.1,0.025,33.1,0.026,33.0,0.026,33.1
393.5,0.023,33.0,0.023,33.0,0.024,33.0,0.023,33.0
394.0,0.025,33.0,0.026,33.1,0.024,33.0,0.027,33.0
394.5,0.027,33.1,0.026,33.1,0.024,33.0,0.027,33.1
395.0,0.029,33.0,0.030,33.0,0.030,33.1,0.029,33.1
395.5,0.028,33.0,0.028,33.0,0.029,33.0,0.027,33.0
396.0,0.025,33.0,0.026,33.0,0.026,33.0,0.028,33.0
396.5,0.022,33.1,0.022,33.0,0.022,33.0,0.020,33.1
397.0,0.026,33.0,0.026,33.0,0.024,33.1,0.022,33.1
397.5,0.029,33.1,0.028,33.1,0.028,33.1,0.029,33.0
398.0,0.029,33.1,0.031,33.1,0.029,33.1,0.029,33.1
398.5,0.028,33.1,0.029,33.0,0.031,33.0,0.030,33.1
399.0,0.026,33.1,0.025,33.1,0.025,33.0,0.027,33.1
399.5,0.027,33.1,0.026,33.1,0.027,33.1,0.027,33.1
400.0,0.026,33.1,0.027,33.1,0.026,33.0,0.025,33.1
400.5,0.024,33.1,0.023,33.1,0.024,33.0,0.023,33.1
401.0,0.022,33.1,0.022,33.1,0.023,33.1,0.021,33.0
401.5,0.019,33.1,0.019,33.1,0.019,33.1,0.019,33.0
402.0,0.019,33.1,0.022,33.1,0.019,33.1,0.019,33.1
402.5,0.020,33.1,0.019,33.1,0.021,33.1,0.025,33.1
403.0,0.020,33.1,0.021,33.1,0.019,33.1,0.020,33.1
403.5,0.023,33.1,0.022,33.1,0.024,33.1,0.021,33.1
404.0,0.022,33.1,0.022,33.1,0.022,33.1,0.020,33.1
404.5,0.022,33.1,0.022,33.1,0.025,33.1,0.021,33.1
405.0,0.020,33.1,0.021,33.1,0.021,33.1,0.021,33.1
405.5,0.019,33.1,0.018,33.1,0.020,33.2,0.019,33.1
406.0,0.018,33.1,0.020,33.1,0.019,33.1,0.018,33.1
406.5,0.020,33.1,0.020,33.1,0.021,33.1,0.021,33.1
407.0,0.020,33.1,0.020,33.2,0.021,33.1,0.021,33.2
407.5,0.017,33.2,0.017,33.1,0.018,33.2,0.021,33.1
408.0,0.016,33.1,0.017,33.1,0.019,33.2,0.016,33.1
408.5,0.017,33.2,0.017,33.2,0.015,33.2,0.017,33.2
409.0,0.018,33.2,0.018,33.2,0.016,33.2,0.019,33.2
409.5,0.017,33.2,0.017,33.2,0.016,33.2,0.016,33.2
410.0,0.014,33.2,0.015,33.2,0.014,33.2,0.015,33.2
410.5,0.014,33.2,0.014,33.2,0.014,33.2,0.013,33.2
411.0,0.011,33.2,0.011,33.2,0.013,33.2,0.010,33.2
411.5,0.014,33.3,0.012,33.2,0.009,33.2,0.015,33.2
412.0,0.015,33.3,0.014,33.2,0.017,33.3,0.015,33.3
412.5,0.014,33.3,0.014,33.3,0.015,33.3,0.013,33.3
413.0,0.016,33.2,0.016,33.2,0.016,33.2,0.016,33.2
413.5,0.015,33.3,0.015,33.3,0.013,33.3,0.018,33.3
414.0,0.016,33.3,0.014,33.3,0.019,33.2,0.016,33.3
414.5,0.016,33.3,0.018,33.3,0.016,33.2,0.018,33.3
415.0,0.014,33.3,0.015,33.3,0.016,33.3,0.016,33.3
415.5,0.013,33.3,0.013,33.3,0.013,33.3,0.014,33.2
416.0,0.012,33.3,0.012,33.3,0.012,33.3,0.014,33.3
416.5,0.015,33.3,0.016,33.3,0.012,33.3,0.016,33.3
417.0,0.016,33.3,0.016,33.3,0.016,33.3,0.015,33.3
417.5,0.012,33.3,0.014,33.3,0.012,33.3,0.014,33.3
418.0,0.012,33.3,0.013,33.3,0.011,33.3,0.010,33.4
418.5,0.012,33.4,0.012,33.4,0.011,33.4,0.013,33.3
419.0,0.012,33.4,0.012,33.4,0.012,33.4,0.012,33.4
419.5,0.011,33.4,0.011,33.4,0.011,33.4,0.010,33.4
420.0,0.006,33.3,0.006,33.3,0.007,33.3,0.006,33.4
420.5,0.006,33.4,0.007,33.4,0.006,33.4,0.007,33.4
421.0,0.007,33.4,0.007,33.4,0.007,33.4,0.008,33.4
421.5,0.010,33.4,0.010,33.4,0.010,33.4,0.009,33.4
422.0,0.007,33.4,0.008,33.4,0.007,33.4,0.012,33.5
422.5,0.008,33.4,0.008,33.4,0.005,33.4,0.011,33.4
423.0,0.011,33.4,0.011,33.4,0.012,33.4,0.011,33.4
423.5,0.012,33.5,0.014,33.4,0.012,33.5,0.011,33.4
424.0,0.009,33.5,0.011,33.4,0.010,33.5,0.011,33.4
424.5,0.006,33.5,0.004,33.5,0.005,33.4,0.008,33.5
425.0,0.002,33.5,0.001,33.5,0.004,33.5,0.004,33.5
425.5,0.002,33.5,0.003,33.5,0.003,33.5,0.003,33.5
426.0,-0.003,33.5,-0.002,33.5,-0.003,33.5,-0.000,33.5
426.5,-0.022,33.5,-0.019,33.5,-0.016,33.5,-0.021,33.5
427.0,-0.055,33.6,-0.052,33.6,-0.024,33.5,-0.052,33.5
427.5,-0.080,33.6,-0.080,33.6,-0.071,33.6,-0.074,33.5
428.0,-0.100,33.6,-0.099,33.6,-0.100,33.6,-0.091,33.6
428.5,-0.107,33.5,-0.107,33.6,-0.107,33.5,-0.105,33.6
429.0,-0.103,33.5,-0.103,33.5,-0.103,33.5,-0.105,33.5
429.5,-0.084,33.5,-0.086,33.5,-0.089,33.5,-0.086,33.5
430.0,-0.061,33.5,-0.062,33.5,-0.067,33.5,-0.061,33.5
430.5,-0.045,33.5,-0.045,33.5,-0.048,33.5,-0.047,33.5
431.0,-0.032,33.5,-0.032,33.5,-0.039,33.6,-0.033,33.5
431.5,-0.024,33.6,-0.023,33.6,-0.026,33.6,-0.025,33.6
432.0,-0.021,33.6,-0.021,33.6,-0.025,33.6,-0.019,33.6
432.5,-0.022,33.7,-0.023,33.7,-0.022,33.6,-0.022,33.7
433.0,-0.021,33.7,-0.020,33.7,-0.021,33.7,-0.021,33.7
433.5,-0.022,33.7,-0.022,33.7,-0.020,33.7,-0.021,33.7
434.0,-0.025,33.8,-0.024,33.8,-0.023,33.7,-0.025,33.8
434.5,-0.030,33.8,-0.030,33.8,-0.030,33.8,-0.028,33.8
435.0,-0.029,33.8,-0.029,33.8,-0.029,33.8,-0.029,33.8
435.5,-0.021,33.8,-0.020,33.8,-0.022,33.8,-0.023,33.8
436.0,-0.016,33.9,-0.016,33.9,-0.017,33.9,-0.018,33.9
436.5,-0.009,33.9,-0.010,33.9,-0.013,33.9,-0.011,33.9
437.0,-0.002,33.9,-0.002,33.9,-0.008,33.9,-0.002,33.9
437.5,0.003,33.9,0.003,33.9,0.002,33.9,0.000,33.9
438.0,0.000,33.9,0.003,33.9,0.000,33.9,0.004,33.9
438.5,-0.006,33.9,-0.004,33.9,-0.005,33.9,-0.004,33.9
439.0,-0.010,33.9,-0.010,33.9,-0.010,33.9,-0.009,33.9
439.5,-0.013,33.9,-0.012,33.9,-0.014,34.0,-0.013,34.0
440.0,-0.013,34.0,-0.014,34.0,-0.013,33.9,-0.014,34.0
440.5,-0.012,34.0,-0.012,34.0,-0.010,34.0,-0.012,34.0
441.0,-0.015,34.0,-0.014,34.0,-0.014,34.0,-0.013,34.0
441.5,-0.020,34.0,-0.018,34.0,-0.019,34.0,-0.019,34.0
442.0,-0.028,34.0,-0.027,34.0,-0.023,34.0,-0.025,34.0
442.5,-0.029,34.0,-0.029,34.0,-0.026,34.0,-0.026,34.0
443.0,-0.025,34.0,-0.025,34.1,-0.024,34.1,-0.028,34.0
443.5,-0.021,34.0,-0.022,34.0,-0.024,34.0,-0.021,34.0
444.0,-0.016,34.0,-0.015,34.0,-0.019,34.0,-0.017,34.0
444.5,-0.014,34.1,-0.013,34.1,-0.016,34.0,-0.015,34.1
445.0,-0.014,34.1,-0.013,34.1,-0.015,34.1,-0.013,34.1
445.5,-0.010,34.1,-0.010,34.1,-0.012,34.1,-0.010,34.1
446.0,-0.009,34.1,-0.009,34.1,-0.008,34.1,-0.011,34.1
446.5,-0.006,34.1,-0.006,34.1,-0.007,34.1,-0.008,34.1
447.0,-0.006,34.1,-0.007,34.1,-0.005,34.2,-0.007,34.1
447.5,-0.006,34.1,-0.005,34.1,-0.004,34.1,-0.005,34.1
448.0,-0.006,34.1,-0.006,34.1,-0.004,34.1,-0.005,34.1
448.5,-0.005,34.1,-0.006,34.1,-0.005,34.1,-0.006,34.1
449.0,-0.004,34.1,-0.004,34.1,-0.006,34.2,-0.004,34.1
449.5,-0.004,34.1,-0.003,34.1,-0.005,34.2,-0.003,34.1
450.0,-0.002,34.1,0.000,34.1,-0.003,34.1,-0.001,34.1
450.5,0.001,34.1,0.000,34.1,0.001,34.2,0.000,34.1
451.0,0.003,34.1,0.003,34.1,0.002,34.1,0.001,34.1
451.5,0.005,34.1,0.006,34.1,0.005,34.1,0.002,34.1
452.0,0.007,34.1,0.006,34.1,0.006,34.1,0.005,34.1
452.5,0.008,34.1,0.010,34.1,0.008,34.1,0.008,34.1
453.0,0.010,34.1,0.009,34.0,0.009,34.1,0.010,34.1
453.5,0.016,34.1,0.017,34.1,0.014,34.0,0.016,34.1
454.0,0.021,34.0,0.021,34.0,0.020,34.0,0.020,34.0
454.5,0.023,34.0,0.022,34.0,0.023,34.0,0.021,34.0
455.0,0.023,34.0,0.023,34.0,0.023,34.0,0.022,34.0
455.5,0.023,33.9,0.021,33.9,0.022,34.0,0.022,33.9
456.0,0.020,33.9,0.021,33.9,0.021,33.9,0.019,33.9
456.5,0.019,33.9,0.019,33.9,0.019,33.9,0.018,33.9
457.0,0.020,33.9,0.019,33.9,0.018,33.8,0.019,33.9
457.5,0.023,33.8,0.022,33.8,0.021,33.9,0.022,33.8
458.0,0.024,33.8,0.024,33.8,0.022,33.9,0.024,33.8
458.5,0.025,33.8,0.025,33.8,0.025,33.8,0.025,33.8
459.0,0.025,33.8,0.027,33.8,0.026,33.8,0.026,33.8
459.5,0.023,33.7,0.023,33.7,0.024,33.7,0.022,33.7
460.0,0.023,33.7,0.022,33.7,0.022,33.7,0.022,33.7
460.5,0.021,33.7,0.019,33.7,0.020,33.7,0.024,33.7
461.0,0.019,33.7,0.016,33.7,0.020,33.7,0.019,33.7
461.5,0.017,33.7,0.016,33.7,0.018,33.8,0.016,33.7
462.0,0.022,33.7,0.022,33.7,0.020,33.7,0.022,33.7
462.5,0.028,33.7,0.027,33.7,0.027,33.7,0.027,33.7
463.0,0.028,33.7,0.029,33.7,0.029,33.7,0.029,33.7
463.5,0.029,33.7,0.029,33.7,0.027,33.7,0.032,33.7
464.0,0.027,33.6,0.027,33.6,0.028,33.6,0.027,33.6
464.5,0.027,33.6,0.026,33.6,0.028,33.6,0.026,33.6
465.0,0.027,33.6,0.027,33.6,0.028,33.6,0.026,33.6
465.5,0.026,33.6,0.027,33.6,0.026,33.6,0.024,33.6
466.0,0.027,33.6,0.028,33.6,0.026,33.5,0.025,33.6
466.5,0.029,33.6,0.029,33.6,0.029,33.5,0.026,33.5
467.0,0.031,33.6,0.031,33.6,0.030,33.6,0.028,33.5
467.5,0.032,33.5,0.035,33.5,0.033,33.6,0.034,33.6
468.0,0.032,33.5,0.031,33.5,0.029,33.5,0.034,33.5
468.5,0.030,33.5,0.030,33.5,0.030,33.5,0.029,33.5
469.0,0.027,33.5,0.029,33.5,0.027,33.5,0.027,33.5
469.5,0.025,33.5,0.026,33.5,0.025,33.5,0.026,33.5
470.0,0.023,33.5,0.024,33.5,0.023,33.5,0.025,33.5
470.5,0.021,33.5,0.025,33.5,0.025,33.5,0.022,33.5
471.0,0.018,33.5,0.019,33.5,0.021,33.5,0.020,33.5
471.5,0.024,33.5,0.023,33.5,0.025,33.5,0.021,33.5
472.0,0.028,33.5,0.029,33.5,0.029,33.5,0.026,33.5
472.5,0.027,33.5,0.029,33.5,0.028,33.5,0.028,33.5
473.0,0.027,33.5,0.026,33.5,0.026,33.5,0.026,33.5
473.5,0.026,33.5,0.027,33.5,0.025,33.5,0.024,33.5
474.0,0.025,33.5,0.025,33.5,0.025,33.5,0.025,33.5
474.5,0.025,33.5,0.025,33.5,0.025,33.5,0.025,33.4
475.0,0.023,33.5,0.024,33.5,0.025,33.4,0.024,33.5
475.5,0.022,33.5,0.023,33.5,0.022,33.4,0.024,33.4
476.0,0.024,33.4,0.025,33.4,0.021,33.4,0.024,33.4
476.5,0.027,33.5,0.027,33.5,0.025,33.4,0.023,33.5
477.0,0.027,33.5,0.028,33.5,0.026,33.4,0.026,33.5
477.5,0.025,33.4,0.026,33.4,0.025,33.4,0.026,33.5
478.0,0.024,33.4,0.024,33.4,0.027,33.4,0.023,33.4
478.5,0.022,33.4,0.022,33.4,0.023,33.4,0.023,33.5
479.0,0.023,33.5,0.023,33.5,0.021,33.5,0.021,33.5
479.5,0.022,33.5,0.021,33.5,0.024,33.5,0.023,33.5
480.0,0.021,33.5,0.020,33.4,0.023,33.5,0.021,33.4
480.5,0.017,33.4,0.018,33.4,0.015,33.4,0.015,33.4
481.0,0.020,33.5,0.021,33.5,0.021,33.5,0.021,33.5
481.5,0.025,33.5,0.024,33.5,0.025,33.5,0.023,33.5
482.0,0.025,33.5,0.027,33.5,0.025,33.5,0.025,33.5
482.5,0.025,33.5,0.025,33.4,0.027,33.5,0.026,33.5
483.0,0.026,33.4,0.025,33.4,0.027,33.4,0.025,33.5
483.5,0.027,33.5,0.028,33.5,0.027,33.4,0.027,33.4
484.0,0.025,33.4,0.025,33.4,0.023,33.4,0.025,33.4
484.5,0.021,33.4,0.021,33.4,0.021,33.4,0.021,33.5
485.0,0.022,33.4,0.023,33.4,0.023,33.4,0.021,33.4
485.5,0.028,33.4,0.028,33.4,0.030,33.4,0.026,33.4
486.0,0.031,33.4,0.033,33.4,0.034,33.4,0.031,33.4
486.5,0.030,33.4,0.031,33.4,0.029,33.4,0.032,33.4
487.0,0.029,33.4,0.028,33.4,0.026,33.4,0.029,33.4
487.5,0.027,33.4,0.028,33.4,0.026,33.4,0.029,33.4
488.0,0.026,33.4,0.028,33.3,0.029,33.3,0.026,33.4
488.5,0.026,33.4,0.025,33.4,0.026,33.3,0.029,33.4
489.0,0.025,33.4,0.023,33.3,0.027,33.3,0.026,33.4
489.5,0.023,33.3,0.022,33.4,0.026,33.3,0.024,33.4
490.0,0.022,33.4,0.023,33.4,0.023,33.4,0.022,33.3
490.5,0.024,33.4,0.024,33.4,0.026,33.4,0.023,33.3
491.0,0.027,33.4,0.025,33.4,0.030,33.4,0.027,33.3
491.5,0.028,33.4,0.029,33.4,0.028,33.4,0.028,33.3
492.0,0.028,33.3,0.029,33.3,0.028,33.3,0.027,33.3
492.5,0.029,33.3,0.029,33.3,0.026,33.3,0.029,33.3
493.0,0.029,33.3,0.029,33.4,0.029,33.4,0.030,33.3
493.5,0.027,33.3,0.028,33.3,0.028,33.3,0.029,33.3
494.0,0.024,33.3,0.024,33.3,0.025,33.3,0.025,33.3
494.5,0.026,33.3,0.025,33.3,0.027,33.3,0.024,33.3
495.0,0.029,33.3,0.029,33.3,0.029,33.3,0.030,33.3
495.5,0.031,33.3,0.032,33.3,0.028,33.3,0.032,33.3
496.0,0.030,33.3,0.030,33.3,0.029,33.3,0.030,33.3
496.5,0.029,33.3,0.031,33.3,0.028,33.3,0.029,33.3
497.0,0.029,33.3,0.028,33.3,0.027,33.3,0.029,33.3
497.5,0.027,33.3,0.027,33.3,0.028,33.3,0.029,33.3
498.0,0.025,33.3,0.024,33.3,0.025,33.3,0.024,33.3
498.5,0.024,33.3,0.025,33.3,0.024,33.3,0.025,33.3
499.0,0.023,33.3,0.022,33.3,0.024,33.3,0.023,33.3
499.5,0.025,33.3,0.027,33.3,0.028,33.3,0.024,33.3
500.0,0.026,33.3,0.025,33.3,0.027,33.3,0.026,33.3
500.5,0.028,33.3,0.027,33.3,0.029,33.3,0.028,33.3
501.0,0.029,33.3,0.029,33.3,0.028,33.3,0.028,33.3
501.5,0.028,33.3,0.028,33.3,0.027,33.3,0.026,33.3
502.0,0.027,33.3,0.027,33.3,0.029,33.2,0.028,33.3
502.5,0.026,33.3,0.026,33.3,0.027,33.2,0.028,33.3
503.0,0.024,33.3,0.024,33.3,0.023,33.3,0.027,33.2
503.5,0.022,33.3,0.023,33.3,0.021,33.3,0.026,33.3
504.0,0.027,33.3,0.028,33.3,0.028,33.3,0.025,33.3
504.5,0.029,33.3,0.029,33.3,0.030,33.3,0.028,33.3
505.0,0.029,33.3,0.029,33.3,0.030,33.3,0.032,33.2
505.5,0.030,33.2,0.029,33.2,0.028,33.2,0.030,33.3
506.0,0.027,33.3,0.028,33.3,0.026,33.3,0.028,33.3
506.5,0.026,33.2,0.026,33.2,0.027,33.2,0.026,33.2
507.0,0.025,33.2,0.026,33.2,0.026,33.2,0.024,33.2
507.5,0.023,33.2,0.023,33.2,0.023,33.2,0.022,33.2
508.0,0.022,33.2,0.021,33.3,0.023,33.2,0.023,33.2
508.5,0.020,33.2,0.020,33.2,0.024,33.2,0.020,33.3
509.0,0.020,33.3,0.022,33.2,0.022,33.3,0.020,33.3
509.5,0.021,33.3,0.021,33.3,0.022,33.2,0.020,33.3
510.0,0.020,33.3,0.019,33.3,0.020,33.3,0.019,33.3
510.5,0.024,33.3,0.023,33.3,0.026,33.3,0.023,33.3
511.0,0.023,33.3,0.023,33.3,0.022,33.3,0.024,33.3
511.5,0.023,33.3,0.023,33.3,0.022,33.3,0.024,33.3
512.0,0.023,33.3,0.024,33.3,0.023,33.3,0.024,33.3
512.5,0.022,33.3,0.022,33.3,0.020,33.3,0.023,33.3
513.0,0.023,33.3,0.023,33.3,0.020,33.3,0.024,33.3
513.5,0.025,33.3,0.023,33.3,0.024,33.3,0.028,33.3
514.0,0.025,33.3,0.024,33.3,0.024,33.3,0.024,33.3
514.5,0.025,33.3,0.025,33.3,0.026,33.3,0.024,33.3
515.0,0.025,33.3,0.024,33.3,0.027,33.3,0.024,33.3
515.5,0.022,33.3,0.023,33.3,0.023,33.2,0.024,33.3
516.0,0.021,33.3,0.020,33.3,0.020,33.3,0.022,33.3
516.5,0.019,33.3,0.019,33.3,0.019,33.2,0.023,33.3
517.0,0.017,33.3,0.018,33.3,0.018,33.3,0.018,33.3
517.5,0.017,33.3,0.016,33.3,0.018,33.3,0.019,33.3
518.0,0.016,33.3,0.015,33.3,0.018,33.3,0.018,33.3
518.5,0.018,33.3,0.017,33.3,0.017,33.3,0.018,33.3
519.0,0.018,33.3,0.018,33.3,0.018,33.3,0.018,33.3
519.5,0.016,33.3,0.016,33.3,0.018,33.3,0.017,33.3
520.0,0.018,33.3,0.020,33.3,0.018,33.3,0.018,33.4
520.5,0.018,33.3,0.018,33.3,0.017,33.3,0.020,33.3
521.0,0.019,33.3,0.017,33.3,0.019,33.3,0.019,33.4
521.5,0.018,33.4,0.019,33.4,0.018,33.4,0.017,33.4
522.0,0.015,33.4,0.016,33.4,0.015,33.3,0.017,33.3
522.5,0.015,33.4,0.014,33.4,0.016,33.3,0.015,33.3
523.0,0.015,33.4,0.016,33.3,0.015,33.4,0.016,33.3
523.5,0.017,33.4,0.017,33.4,0.014,33.4,0.018,33.4
524.0,0.018,33.4,0.017,33.4,0.019,33.3,0.017,33.4
524.5,0.015,33.4,0.014,33.4,0.016,33.3,0.016,33.4
525.0,0.013,33.4,0.014,33.4,0.015,33.3,0.013,33.4
525.5,0.011,33.4,0.011,33.4,0.011,33.3,0.011,33.4
526.0,0.011,33.4,0.013,33.4,0.010,33.4,0.014,33.4
526.5,0.008,33.4,0.008,33.4,0.008,33.4,0.008,33.4
527.0,0.008,33.4,0.007,33.4,0.009,33.4,0.006,33.4
527.5,0.010,33.4,0.009,33.4,0.008,33.4,0.008,33.4
528.0,0.010,33.4,0.010,33.4,0.009,33.4,0.009,33.4
528.5,0.009,33.4,0.011,33.5,0.008,33.4,0.009,33.5
529.0,0.010,33.5,0.010,33.5,0.009,33.4,0.009,33.5
529.5,0.011,33.5,0.011,33.5,0.011,33.4,0.010,33.5
530.0,0.010,33.5,0.013,33.5,0.013,33.5,0.011,33.5
530.5,0.011,33.5,0.010,33.5,0.014,33.4,0.012,33.4
531.0,0.008,33.5,0.008,33.5,0.013,33.4,0.010,33.5
531.5,0.006,33.5,0.007,33.5,0.007,33.5,0.005,33.6
532.0,0.010,33.5,0.011,33.5,0.013,33.5,0.006,33.5
532.5,0.010,33.5,0.012,33.5,0.010,33.5,0.008,33.5
533.0,0.009,33.5,0.010,33.5,0.010,33.5,0.008,33.5
533.5,0.009,33.5,0.008,33.5,0.012,33.5,0.009,33.5
534.0,0.008,33.5,0.007,33.5,0.010,33.5,0.007,33.5
534.5,0.008,33.5,0.009,33.5,0.006,33.5,0.007,33.5
535.0,0.008,33.5,0.008,33.5,0.006,33.5,0.008,33.5
535.5,0.006,33.5,0.006,33.5,0.005,33.5,0.006,33.5
536.0,0.004,33.6,0.004,33.5,0.005,33.6,0.005,33.5
536.5,0.004,33.6,0.003,33.6,0.004,33.6,0.008,33.6
537.0,0.005,33.5,0.005,33.5,0.004,33.6,0.006,33.6
537.5,0.005,33.5,0.006,33.6,0.005,33.6,0.004,33.5
538.0,0.004,33.6,0.004,33.6,0.006,33.6,0.004,33.5
538.5,0.003,33.6,0.004,33.6,0.005,33.6,0.003,33.6
539.0,0.002,33.6,0.002,33.6,0.003,33.6,0.003,33.6
539.5,-0.001,33.6,-0.001,33.6,0.001,33.6,0.002,33.6
540.0,-0.011,33.6,-0.008,33.6,-0.007,33.6,-0.008,33.6
540.5,-0.039,33.6,-0.034,33.6,-0.033,33.6,-0.034,33.6
541.0,-0.083,33.6,-0.084,33.6,-0.058,33.7,-0.081,33.6
541.5,-0.128,33.6,-0.127,33.6,-0.120,33.6,-0.122,33.6
542.0,-0.152,33.5,-0.152,33.5,-0.152,33.6,-0.149,33.6
542.5,-0.135,33.4,-0.136,33.4,-0.154,33.6,-0.139,33.4
543.0,-0.090,33.4,-0.088,33.4,-0.103,33.4,-0.103,33.4
543.5,-0.050,33.4,-0.051,33.4,-0.067,33.3,-0.054,33.4
544.0,-0.025,33.4,-0.025,33.4,-0.030,33.4,-0.034,33.4
544.5,-0.011,33.5,-0.011,33.5,-0.016,33.4,-0.012,33.5
545.0,-0.004,33.5,-0.004,33.5,-0.012,33.5,-0.006,33.5
545.5,-0.003,33.6,-0.002,33.6,-0.003,33.6,-0.002,33.6
546.0,-0.004,33.6,-0.004,33.6,-0.005,33.7,-0.005,33.6
546.5,-0.002,33.7,-0.003,33.7,-0.002,33.7,-0.003,33.6
547.0,-0.004,33.7,-0.005,33.7,-0.003,33.7,-0.004,33.7
547.5,-0.008,33.7,-0.008,33.7,-0.005,33.7,-0.006,33.7
548.0,-0.014,33.7,-0.013,33.7,-0.012,33.7,-0.011,33.7
548.5,-0.019,33.8,-0.019,33.7,-0.019,33.8,-0.019,33.7
549.0,-0.023,33.8,-0.023,33.8,-0.024,33.8,-0.022,33.8
549.5,-0.025,33.8,-0.025,33.8,-0.026,33.8,-0.025,33.8
550.0,-0.026,33.8,-0.026,33.8,-0.026,33.8,-0.025,33.8
550.5,-0.027,33.8,-0.026,33.8,-0.026,33.8,-0.026,33.8
551.0,-0.027,33.9,-0.026,33.8,-0.027,33.9,-0.026,33.8
551.5,-0.026,33.9,-0.026,33.9,-0.027,33.9,-0.027,33.9
552.0,-0.028,33.9,-0.027,33.9,-0.029,33.9,-0.027,33.9
552.5,-0.026,33.9,-0.026,33.9,-0.027,33.9,-0.025,33.9
553.0,-0.025,33.9,-0.026,33.8,-0.026,33.9,-0.024,33.9
553.5,-0.022,33.9,-0.023,33.9,-0.022,33.9,-0.021,33.9
554.0,-0.018,33.9,-0.017,33.9,-0.020,34.0,-0.019,34.0
554.5,-0.015,33.9,-0.014,33.9,-0.015,33.9,-0.016,33.9
555.0,-0.012,34.0,-0.012,33.9,-0.012,33.9,-0.012,33.9
555.5,-0.013,34.0,-0.013,34.0,-0.012,34.0,-0.011,34.0
556.0,-0.016,34.0,-0.015,34.0,-0.013,34.0,-0.016,34.0
556.5,-0.018,34.0,-0.018,34.0,-0.019,34.0,-0.018,33.9
557.0,-0.018,34.0,-0.018,34.0,-0.016,34.0,-0.017,34.0
557.5,-0.018,34.0,-0.019,34.0,-0.016,34.0,-0.016,34.0
558.0,-0.017,34.0,-0.016,34.0,-0.019,34.0,-0.018,34.0
558.5,-0.017,34.0,-0.017,34.0,-0.019,34.0,-0.017,34.0
559.0,-0.016,34.0,-0.016,34.0,-0.018,34.0,-0.016,34.0
559.5,-0.014,34.0,-0.014,34.0,-0.014,34.0,-0.014,34.0
560.0,-0.011,34.0,-0.010,34.0,-0.011,34.0,-0.012,34.0
560.5,-0.006,34.0,-0.006,34.0,-0.007,34.0,-0.007,34.0
561.0,-0.004,34.0,-0.002,34.0,-0.002,34.0,-0.002,34.0
561.5,-0.002,34.0,-0.001,34.0,0.001,34.1,-0.002,34.0
562.0,0.008,34.0,0.008,34.0,0.006,34.0,0.008,34.1
562.5,0.011,34.0,0.011,34.0,0.010,34.0,0.012,34.0
563.0,0.014,34.0,0.013,34.0,0.010,34.0,0.014,34.0
563.5,0.014,34.0,0.014,34.0,0.014,34.0,0.013,34.0
564.0,0.013,33.9,0.012,33.9,0.014,33.9,0.013,33.9
564.5,0.011,33.9,0.011,33.9,0.012,33.9,0.011,33.9
565.0,0.010,33.9,0.011,33.9,0.010,33.9,0.011,33.9
565.5,0.007,33.9,0.006,33.9,0.006,33.8,0.008,33.9
566.0,0.006,33.8,0.005,33.9,0.006,33.8,0.007,33.9
566.5,0.010,33.9,0.011,33.9,0.010,33.9,0.007,33.9
567.0,0.012,33.9,0.013,33.9,0.014,33.9,0.014,33.9
567.5,0.013,33.9,0.016,33.8,0.015,33.9,0.014,33.9
568.0,0.015,33.8,0.014,33.8,0.016,33.8,0.017,33.8
568.5,0.018,33.8,0.018,33.8,0.020,33.8,0.021,33.8
569.0,0.023,33.8,0.023,33.8,0.023,33.8,0.024,33.8
569.5,0.025,33.7,0.026,33.7,0.022,33.8,0.026,33.8
570.0,0.027,33.7,0.027,33.7,0.026,33.7,0.027,33.7
570.5,0.028,33.7,0.028,33.7,0.026,33.7,0.026,33.7
571.0,0.026,33.6,0.026,33.6,0.027,33.7,0.026,33.6
571.5,0.024,33.6,0.024,33.6,0.024,33.7,0.024,33.6
572.0,0.022,33.6,0.023,33.6,0.022,33.7,0.023,33.6
572.5,0.021,33.6,0.021,33.6,0.020,33.6,0.021,33.6
573.0,0.024,33.6,0.025,33.5,0.022,33.6,0.022,33.6
573.5,0.026,33.5,0.027,33.5,0.026,33.5,0.025,33.5
574.0,0.026,33.5,0.026,33.5,0.027,33.5,0.025,33.5
574.5,0.025,33.5,0.026,33.5,0.026,33.5,0.025,33.5
575.0,0.023,33.5,0.023,33.5,0.024,33.5,0.022,33.5
575.5,0.022,33.5,0.022,33.5,0.021,33.5,0.022,33.5
576.0,0.022,33.5,0.022,33.5,0.020,33.5,0.022,33.5
576.5,0.020,33.5,0.020,33.5,0.021,33.5,0.018,33.4
577.0,0.018,33.4,0.018,33.4,0.019,33.4,0.018,33.5
577.5,0.022,33.5,0.022,33.4,0.019,33.4,0.023,33.5
578.0,0.026,33.4,0.027,33.4,0.027,33.5,0.027,33.4
578.5,0.026,33.4,0.028,33.4,0.026,33.4,0.026,33.5
579.0,0.026,33.4,0.025,33.4,0.026,33.4,0.026,33.4
579.5,0.025,33.4,0.027,33.4,0.025,33.4,0.024,33.4
580.0,0.024,33.4,0.024,33.4,0.027,33.4,0.026,33.4
580.5,0.024,33.4,0.023,33.4,0.022,33.4,0.024,33.4
581.0,0.022,33.4,0.022,33.4,0.022,33.4,0.023,33.4
581.5,0.021,33.4,0.022,33.4,0.023,33.3,0.022,33.4
582.0,0.024,33.4,0.025,33.4,0.021,33.4,0.026,33.3
582.5,0.026,33.3,0.026,33.3,0.025,33.3,0.025,33.3
583.0,0.028,33.4,0.029,33.4,0.026,33.3,0.028,33.3
583.5,0.026,33.3,0.027,33.4,0.029,33.3,0.026,33.3
584.0,0.025,33.3,0.025,33.3,0.025,33.4,0.025,33.3
584.5,0.023,33.3,0.024,33.3,0.023,33.3,0.024,33.3
585.0,0.022,33.3,0.023,33.3,0.022,33.3,0.020,33.3
585.5,0.020,33.3,0.018,33.3,0.020,33.3,0.020,33.3
586.0,0.017,33.3,0.019,33.3,0.017,33.3,0.019,33.2
586.5,0.016,33.3,0.017,33.3,0.015,33.3,0.018,33.3
587.0,0.020,33.3,0.020,33.3,0.019,33.3,0.018,33.3
587.5,0.025,33.3,0.024,33.3,0.027,33.3,0.020,33.3
588.0,0.026,33.3,0.027,33.3,0.027,33.3,0.025,33.3
588.5,0.025,33.3,0.025,33.3,0.024,33.3,0.026,33.3
589.0,0.024,33.3,0.024,33.3,0.024,33.3,0.026,33.3
589.5,0.024,33.3,0.024,33.3,0.025,33.3,0.022,33.2
590.0,0.024,33.3,0.025,33.3,0.025,33.3,0.022,33.2
590.5,0.022,33.3,0.022,33.3,0.022,33.3,0.025,33.3
591.0,0.022,33.2,0.021,33.3,0.021,33.2,0.024,33.3
591.5,0.026,33.3,0.026,33.3,0.025,33.2,0.025,33.3
592.0,0.028,33.2,0.027,33.3,0.030,33.2,0.028,33.2
592.5,0.028,33.2,0.028,33.2,0.031,33.2,0.029,33.2
593.0,0.027,33.2,0.028,33.2,0.027,33.2,0.030,33.2
593.5,0.027,33.2,0.027,33.2,0.027,33.2,0.026,33.3
594.0,0.025,33.2,0.026,33.2,0.026,33.2,0.026,33.2
594.5,0.024,33.2,0.026,33.2,0.023,33.2,0.025,33.1
595.0,0.022,33.2,0.026,33.2,0.022,33.2,0.024,33.1
595.5,0.019,33.2,0.020,33.2,0.019,33.2,0.024,33.1
596.0,0.019,33.2,0.018,33.2,0.019,33.2,0.022,33.1
596.5,0.023,33.2,0.025,33.2,0.022,33.2,0.023,33.2
597.0,0.028,33.2,0.027,33.2,0.026,33.1,0.028,33.2
597.5,0.029,33.2,0.029,33.2,0.027,33.2,0.031,33.2
598.0,0.029,33.2,0.029,33.2,0.025,33.2,0.029,33.2
598.5,0.029,33.1,0.029,33.1,0.028,33.1,0.030,33.2
599.0,0.029,33.1,0.029,33.1,0.026,33.2,0.032,33.1
599.5,0.028,33.1,0.029,33.1,0.032,33.1,0.027,33.1
600.0,0.026,33.1,0.028,33.1,0.030,33.1,0.026,33.0
600.5,0.026,33.1,0.026,33.1,0.025,33.1,0.026,33.1
601.0,0.029,33.1,0.028,33.1,0.027,33.2,0.028,33.1
601.5,0.030,33.1,0.028,33.1,0.030,33.1,0.028,33.1
602.0,0.029,33.0,0.030,33.0,0.028,33.0,0.029,33.1
602.5,0.028,33.0,0.028,33.0,0.028,33.1,0.032,33.0
603.0,0.027,33.1,0.027,33.1,0.031,33.0,0.027,33.0
603.5,0.024,33.0,0.024,33.0,0.030,33.0,0.026,33.0
604.0,0.025,33.0,0.024,33.1,0.025,33.1,0.026,33.0
604.5,0.024,33.0,0.025,33.0,0.024,33.0,0.025,33.0
605.0,0.023,33.0,0.023,33.1,0.022,33.0,0.022,33.0
605.5,0.022,33.0,0.021,33.0,0.023,33.1,0.022,33.0
606.0,0.025,33.0,0.022,33.0,0.025,33.0,0.026,33.0
606.5,0.028,33.0,0.029,33.0,0.029,33.0,0.028,33.0
607.0,0.029,33.0,0.030,33.0,0.030,33.0,0.030,33.0
607.5,0.027,33.0,0.027,33.0,0.029,33.0,0.028,33.0
608.0,0.026,33.0,0.025,33.0,0.026,33.0,0.026,33.0
608.5,0.026,33.0,0.028,33.0,0.026,33.0,0.026,33.0
609.0,0.026,33.0,0.026,33.0,0.027,33.0,0.029,33.0
609.5,0.025,33.0,0.024,33.0,0.024,32.9,0.026,33.0
610.0,0.029,33.0,0.029,33.0,0.028,33.0,0.027,33.0
610.5,0.032,33.0,0.033,33.0,0.029,33.0,0.029,33.0
611.0,0.031,33.0,0.031,33.0,0.029,33.0,0.033,32.9
611.5,0.031,32.9,0.030,33.0,0.029,32.9,0.034,32.9
612.0,0.027,32.9,0.030,33.0,0.028,33.0,0.029,33.0
612.5,0.026,32.9,0.027,32.9,0.027,32.9,0.026,33.0
613.0,0.025,32.9,0.024,32.9,0.030,32.9,0.025,32.9
613.5,0.022,32.9,0.021,32.9,0.026,32.9,0.024,32.9
614.0,0.021,32.9,0.021,32.9,0.024,33.0,0.021,32.9
614.5,0.020,32.9,0.020,32.9,0.022,33.0,0.022,32.9
615.0,0.022,33.0,0.020,33.0,0.021,33.0,0.023,32.9
615.5,0.023,33.0,0.023,33.0,0.022,32.9,0.023,33.0
616.0,0.025,33.0,0.025,33.0,0.024,32.9,0.025,33.0
616.5,0.027,33.0,0.029,33.0,0.027,32.9,0.027,33.0
617.0,0.027,33.0,0.028,33.0,0.027,32.9,0.027,33.0
617.5,0.026,32.9,0.027,32.9,0.028,33.0,0.026,33.0
618.0,0.026,32.9,0.026,32.9,0.026,33.0,0.027,32.9
618.5,0.024,32.9,0.022,32.9,0.024,32.9,0.025,32.9
619.0,0.022,32.9,0.021,32.9,0.022,32.9,0.022,32.9
619.5,0.025,32.9,0.025,32.9,0.021,32.9,0.025,32.9
620.0,0.029,32.9,0.029,32.9,0.024,32.9,0.029,32.9
620.5,0.029,32.9,0.028,32.9,0.029,32.9,0.032,33.0
621.0,0.026,32.9,0.026,32.9,0.028,32.9,0.032,32.9
621.5,0.024,32.9,0.025,32.9,0.025,32.9,0.026,32.8
622.0,0.024,32.9,0.025,32.9,0.026,32.9,0.024,32.9
622.5,0.021,32.9,0.021,32.9,0.023,32.9,0.023,32.9
623.0,0.021,32.9,0.021,32.9,0.023,32.9,0.020,32.9
623.5,0.020,32.9,0.020,32.9,0.019,32.9,0.022,32.9
624.0,0.020,32.9,0.020,32.9,0.019,32.9,0.018,32.9
624.5,0.023,32.9,0.022,32.9,0.023,32.9,0.019,32.9
625.0,0.022,32.9,0.024,32.9,0.023,32.9,0.021,32.9
625.5,0.023,32.9,0.024,32.9,0.024,32.9,0.022,32.9
626.0,0.024,32.9,0.025,32.9,0.024,32.9,0.022,32.9
626.5,0.023,32.9,0.023,32.9,0.024,32.9,0.022,32.9
627.0,0.024,32.9,0.021,32.9,0.025,32.9,0.023,32.9
627.5,0.023,32.9,0.022,32.9,0.021,32.9,0.026,32.9
628.0,0.019,32.9,0.019,32.9,0.022,32.9,0.018,32.9
628.5,0.019,32.9,0.019,32.9,0.019,32.9,0.018,32.9
629.0,0.022,32.9,0.022,32.9,0.020,32.8,0.021,32.9
629.5,0.022,32.9,0.024,32.9,0.022,32.9,0.023,32.9
630.0,0.020,32.9,0.020,32.9,0.022,32.9,0.022,32.9
630.5,0.018,32.9,0.017,32.9,0.018,32.9,0.020,32.9
631.0,0.018,32.9,0.018,32.9,0.019,32.9,0.018,32.9
631.5,0.016,32.9,0.016,32.9,0.019,32.9,0.016,32.9
632.0,0.015,32.9,0.015,32.9,0.014,32.9,0.016,32.9
632.5,0.013,32.9,0.013,32.9,0.012,32.9,0.015,32.9
633.0,0.012,32.9,0.011,32.9,0.012,32.9,0.013,32.9
633.5,0.011,33.0,0.011,32.9,0.012,32.9,0.011,33.0
634.0,0.011,33.0,0.011,33.0,0.012,32.9,0.010,33.0
634.5,0.012,33.0,0.011,33.0,0.010,33.0,0.011,33.0
635.0,0.013,33.0,0.014,33.0,0.012,33.0,0.014,33.0
635.5,0.014,33.0,0.014,33.0,0.014,33.0,0.015,33.0
636.0,0.016,32.9,0.015,33.0,0.014,32.9,0.017,32.9
636.5,0.014,33.0,0.015,33.0,0.014,32.9,0.018,33.0
637.0,0.013,33.0,0.013,33.0,0.013,33.0,0.015,33.0
637.5,0.012,33.0,0.013,33.0,0.012,33.0,0.012,33.0
638.0,0.015,33.0,0.017,33.0,0.013,33.0,0.012,33.0
638.5,0.016,33.0,0.016,33.0,0.016,33.0,0.015,33.0
639.0,0.015,33.0,0.015,33.0,0.017,33.0,0.015,33.0
639.5,0.013,33.0,0.013,33.0,0.014,33.0,0.014,33.0
640.0,0.011,33.0,0.012,33.0,0.011,33.0,0.010,33.0
640.5,0.012,33.0,0.012,33.0,0.014,33.0,0.012,33.0
641.0,0.011,33.0,0.010,33.0,0.010,33.0,0.011,33.0
641.5,0.009,33.0,0.011,33.0,0.010,33.0,0.011,33.0
642.0,0.007,33.0,0.006,33.0,0.008,33.0,0.007,33.0
642.5,0.004,33.0,0.005,33.0,0.005,33.0,0.004,33.0
643.0,0.007,33.0,0.008,33.0,0.008,33.0,0.009,33.0
643.5,0.011,33.0,0.010,33.0,0.011,33.0,0.012,33.0
644.0,0.011,33.0,0.010,33.0,0.010,33.0,0.012,33.0
644.5,0.010,33.0,0.010,33.0,0.010,33.1,0.010,33.1
645.0,0.009,33.0,0.010,33.0,0.008,33.0,0.009,33.0
645.5,0.009,33.0,0.010,33.0,0.009,33.0,0.009,33.1
646.0,0.009,33.0,0.009,33.0,0.009,33.0,0.009,33.0
646.5,0.010,33.0,0.009,33.0,0.010,33.0,0.009,33.0
647.0,0.008,33.0,0.006,33.0,0.009,33.0,0.008,33.0
647.5,0.010,33.0,0.009,33.0,0.008,33.0,0.008,33.0
648.0,0.011,33.1,0.010,33.1,0.008,33.1,0.010,33.1
648.5,0.011,33.1,0.010,33.0,0.009,33.1,0.009,33.1
649.0,0.009,33.1,0.009,33.1,0.010,33.0,0.009,33.1
649.5,0.007,33.1,0.008,33.1,0.009,33.0,0.006,33.1
650.0,0.005,33.0,0.006,33.0,0.007,33.0,0.006,33.0
650.5,0.005,33.1,0.005,33.1,0.005,33.1,0.004,33.1
651.0,0.005,33.0,0.007,33.1,0.004,33.0,0.006,33.0
651.5,0.003,33.1,0.004,33.1,0.008,33.0,0.004,33.0
652.0,-0.001,33.1,-0.000,33.1,0.001,33.1,0.003,33.1
652.5,-0.008,33.1,-0.007,33.1,-0.004,33.1,-0.007,33.1
653.0,-0.031,33.1,-0.029,33.1,-0.027,33.1,-0.024,33.1
653.5,-0.072,33.1,-0.072,33.1,-0.069,33.1,-0.065,33.1
654.0,-0.116,33.1,-0.113,33.1,-0.101,33.1,-0.115,33.2
654.5,-0.139,33.1,-0.138,33.1,-0.136,33.1,-0.140,33.1
655.0,-0.128,33.0,-0.128,33.0,-0.134,32.9,-0.132,33.0
655.5,-0.091,32.9,-0.091,32.9,-0.092,32.9,-0.105,32.9
656.0,-0.055,32.9,-0.056,32.9,-0.080,32.8,-0.057,32.9
656.5,-0.032,32.9,-0.032,32.9,-0.054,32.9,-0.033,32.9
657.0,-0.020,33.0,-0.019,33.0,-0.020,33.0,-0.020,33.0
657.5,-0.015,33.1,-0.016,33.0,-0.015,33.1,-0.015,33.0
658.0,-0.013,33.1,-0.013,33.1,-0.014,33.1,-0.014,33.1
658.5,-0.011,33.1,-0.011,33.1,-0.011,33.1,-0.014,33.1
659.0,-0.010,33.2,-0.009,33.2,-0.009,33.2,-0.010,33.2
659.5,-0.007,33.2,-0.007,33.2,-0.007,33.2,-0.007,33.2
660.0,-0.002,33.3,-0.003,33.3,-0.002,33.3,-0.003,33.3
660.5,0.002,33.3,0.002,33.3,0.001,33.3,0.001,33.2
661.0,0.000,33.2,-0.000,33.2,0.001,33.3,0.000,33.2
661.5,-0.009,33.3,-0.009,33.3,-0.007,33.3,-0.008,33.3
662.0,-0.018,33.3,-0.018,33.3,-0.014,33.3,-0.018,33.3
662.5,-0.017,33.3,-0.016,33.3,-0.016,33.3,-0.018,33.3
663.0,-0.018,33.3,-0.018,33.3,-0.017,33.3,-0.017,33.3
663.5,-0.019,33.4,-0.018,33.4,-0.020,33.4,-0.018,33.3
664.0,-0.022,33.4,-0.021,33.4,-0.020,33.3,-0.020,33.4
664.5,-0.024,33.4,-0.024,33.3,-0.022,33.4,-0.023,33.4
665.0,-0.026,33.4,-0.026,33.4,-0.026,33.4,-0.027,33.4
665.5,-0.026,33.4,-0.024,33.4,-0.027,33.4,-0.028,33.4
666.0,-0.029,33.4,-0.028,33.4,-0.029,33.4,-0.030,33.4
666.5,-0.027,33.4,-0.026,33.4,-0.026,33.4,-0.029,33.4
667.0,-0.021,33.4,-0.021,33.4,-0.023,33.4,-0.021,33.4
667.5,-0.015,33.4,-0.014,33.4,-0.016,33.4,-0.014,33.4
668.0,-0.011,33.4,-0.011,33.4,-0.011,33.4,-0.012,33.4
668.5,-0.013,33.4,-0.012,33.4,-0.013,33.4,-0.012,33.5
669.0,-0.014,33.4,-0.013,33.4,-0.013,33.4,-0.012,33.5
669.5,-0.014,33.5,-0.015,33.5,-0.016,33.5,-0.014,33.5
670.0,-0.017,33.4,-0.017,33.5,-0.016,33.4,-0.014,33.5
670.5,-0.021,33.5,-0.022,33.5,-0.019,33.5,-0.018,33.5
671.0,-0.021,33.4,-0.022,33.5,-0.021,33.5,-0.022,33.4
671.5,-0.015,33.5,-0.016,33.4,-0.016,33.5,-0.017,33.4
672.0,-0.010,33.5,-0.011,33.5,-0.009,33.5,-0.011,33.5
672.5,-0.008,33.5,-0.008,33.5,-0.007,33.5,-0.009,33.5
673.0,-0.007,33.5,-0.008,33.5,-0.009,33.4,-0.008,33.5
673.5,-0.005,33.5,-0.006,33.5,-0.007,33.5,-0.004,33.4
674.0,-0.005,33.5,-0.005,33.5,-0.005,33.5,-0.005,33.5
674.5,-0.003,33.5,-0.003,33.5,-0.005,33.5,-0.003,33.5
675.0,0.001,33.5,0.002,33.5,0.001,33.5,0.002,33.5
675.5,-0.000,33.5,0.002,33.4,0.001,33.5,0.002,33.5
676.0,0.002,33.5,0.003,33.4,0.001,33.5,0.002,33.5
676.5,0.005,33.4,0.006,33.4,0.006,33.5,0.006,33.4
677.0,0.007,33.4,0.007,33.4,0.008,33.5,0.005,33.4
677.5,0.008,33.4,0.007,33.4,0.010,33.5,0.007,33.4
678.0,0.008,33.4,0.009,33.4,0.009,33.4,0.006,33.4
678.5,0.011,33.4,0.010,33.4,0.009,33.4,0.012,33.4
679.0,0.013,33.4,0.014,33.4,0.013,33.4,0.014,33.4
679.5,0.015,33.4,0.017,33.4,0.015,33.3,0.015,33.4
680.0,0.019,33.3,0.017,33.3,0.018,33.3,0.017,33.3
680.5,0.021,33.3,0.021,33.3,0.020,33.3,0.023,33.3
681.0,0.020,33.3,0.022,33.3,0.019,33.3,0.024,33.3
681.5,0.021,33.2,0.022,33.2,0.022,33.2,0.021,33.3
682.0,0.021,33.2,0.021,33.2,0.024,33.2,0.021,33.2
682.5,0.022,33.2,0.021,33.2,0.024,33.2,0.022,33.2
683.0,0.020,33.1,0.019,33.1,0.021,33.1,0.021,33.1
683.5,0.017,33.1,0.018,33.1,0.018,33.1,0.017,33.1
684.0,0.016,33.1,0.017,33.1,0.016,33.2,0.016,33.1
684.5,0.024,33.1,0.026,33.1,0.024,33.2,0.019,33.1
685.0,0.029,33.1,0.031,33.1,0.028,33.1,0.027,33.1
685.5,0.028,33.0,0.028,33.0,0.030,33.1,0.030,33.0
686.0,0.027,33.0,0.026,33.0,0.030,33.0,0.028,33.0
686.5,0.025,33.0,0.024,33.0,0.027,33.0,0.026,33.0
687.0,0.023,33.0,0.024,33.0,0.025,33.0,0.023,33.0
687.5,0.023,32.9,0.023,33.0,0.023,32.9,0.022,33.0
688.0,0.023,32.9,0.024,32.9,0.022,33.0,0.024,32.9
688.5,0.025,32.9,0.025,32.9,0.025,32.9,0.026,32.9
689.0,0.026,32.9,0.027,32.9,0.026,32.9,0.026,32.9
689.5,0.026,32.9,0.027,32.8,0.026,32.9,0.025,32.8
690.0,0.025,32.9,0.028,32.9,0.025,32.9,0.024,32.9
690.5,0.023,32.9,0.023,32.9,0.022,32.9,0.023,32.9
691.0,0.023,32.8,0.023,32.8,0.022,32.8,0.022,32.8
691.5,0.021,32.8,0.023,32.8,0.021,32.8,0.022,32.8
692.0,0.019,32.8,0.020,32.8,0.019,32.8,0.020,32.8
692.5,0.018,32.8,0.019,32.8,0.018,32.8,0.020,32.8
693.0,0.016,32.8,0.015,32.8,0.017,32.8,0.014,32.8
693.5,0.025,32.8,0.020,32.8,0.025,32.8,0.018,32.8
694.0,0.029,32.8,0.029,32.8,0.028,32.8,0.026,32.8
694.5,0.030,32.8,0.029,32.8,0.030,32.8,0.027,32.8
695.0,0.030,32.8,0.029,32.8,0.033,32.8,0.031,32.8
695.5,0.029,32.7,0.029,32.7,0.032,32.7,0.030,32.8
696.0,0.028,32.7,0.028,32.7,0.028,32.7,0.029,32.7
696.5,0.027,32.7,0.025,32.7,0.027,32.7,0.027,32.7
697.0,0.026,32.7,0.025,32.7,0.025,32.7,0.026,32.7
697.5,0.024,32.7,0.025,32.7,0.024,32.7,0.024,32.6
698.0,0.026,32.7,0.028,32.7,0.025,32.7,0.025,32.7
698.5,0.028,32.7,0.029,32.7,0.026,32.7,0.030,32.7
699.0,0.027,32.6,0.027,32.6,0.029,32.7,0.026,32.6
699.5,0.027,32.6,0.028,32.6,0.028,32.7,0.028,32.6
700.0,0.026,32.7,0.026,32.7,0.028,32.7,0.026,32.7
700.5,0.025,32.6,0.026,32.6,0.028,32.7,0.026,32.6
701.0,0.023,32.6,0.023,32.6,0.026,32.6,0.025,32.7
701.5,0.022,32.6,0.021,32.6,0.022,32.6,0.021,32.6
702.0,0.021,32.6,0.021,32.6,0.022,32.6,0.020,32.6
702.5,0.020,32.6,0.020,32.6,0.021,32.6,0.021,32.6
703.0,0.022,32.6,0.021,32.6,0.022,32.7,0.023,32.6
703.5,0.025,32.6,0.025,32.6,0.028,32.7,0.025,32.6
704.0,0.025,32.6,0.024,32.6,0.027,32.6,0.025,32.6
704.5,0.024,32.6,0.023,32.6,0.023,32.6,0.025,32.6
705.0,0.022,32.6,0.021,32.6,0.023,32.6,0.021,32.6
705.5,0.023,32.6,0.023,32.6,0.020,32.7,0.023,32.6
706.0,0.022,32.6,0.024,32.6,0.022,32.6,0.022,32.6
706.5,0.021,32.6,0.021,32.6,0.021,32.6,0.023,32.6
707.0,0.022,32.6,0.022,32.6,0.021,32.6,0.021,32.6
707.5,0.024,32.6,0.024,32.6,0.025,32.6,0.022,32.6
708.0,0.026,32.6,0.025,32.6,0.026,32.6,0.025,32.6
708.5,0.026,32.6,0.027,32.5,0.025,32.6,0.028,32.6
709.0,0.025,32.6,0.026,32.6,0.024,32.6,0.025,32.6
709.5,0.026,32.5,0.026,32.6,0.024,32.6,0.024,32.6
710.0,0.024,32.5,0.023,32.5,0.026,32.6,0.023,32.5
710.5,0.022,32.5,0.022,32.5,0.025,32.5,0.023,32.5
711.0,0.021,32.5,0.023,32.5,0.021,32.5,0.024,32.5
711.5,0.020,32.5,0.022,32.5,0.019,32.5,0.022,32.5
712.0,0.020,32.5,0.022,32.5,0.022,32.5,0.022,32.5
712.5,0.022,32.5,0.021,32.5,0.026,32.6,0.023,32.5
713.0,0.025,32.5,0.024,32.5,0.027,32.5,0.023,32.5
713.5,0.026,32.5,0.026,32.5,0.026,32.5,0.025,32.5
714.0,0.028,32.5,0.029,32.5,0.026,32.5,0.032,32.5
714.5,0.029,32.5,0.028,32.4,0.026,32.5,0.029,32.5
715.0,0.028,32.5,0.026,32.4,0.028,32.5,0.028,32.5
715.5,0.024,32.5,0.024,32.5,0.023,32.5,0.024,32.5
716.0,0.019,32.5,0.020,32.5,0.020,32.4,0.019,32.5
716.5,0.024,32.5,0.023,32.5,0.024,32.5,0.024,32.5
717.0,0.027,32.5,0.028,32.5,0.029,32.4,0.025,32.5
717.5,0.026,32.5,0.025,32.5,0.025,32.5,0.027,32.4
718.0,0.027,32.5,0.029,32.4,0.026,32.5,0.024,32.5
718.5,0.028,32.5,0.027,32.5,0.029,32.5,0.028,32.5
719.0,0.026,32.4,0.026,32.5,0.026,32.5,0.027,32.4
719.5,0.025,32.4,0.024,32.4,0.026,32.4,0.024,32.4
720.0,0.024,32.4,0.023,32.4,0.025,32.5,0.024,32.4
720.5,0.022,32.4,0.021,32.4,0.024,32.4,0.024,32.4
721.0,0.022,32.4,0.023,32.4,0.022,32.4,0.020,32.4
721.5,0.022,32.4,0.023,32.4,0.021,32.4,0.023,32.4
722.0,0.025,32.4,0.025,32.4,0.023,32.4,0.025,32.4
722.5,0.028,32.4,0.027,32.4,0.031,32.3,0.028,32.4
723.0,0.029,32.4,0.029,32.4,0.030,32.4,0.029,32.4
723.5,0.032,32.4,0.033,32.4,0.032,32.4,0.031,32.4
724.0,0.032,32.4,0.032,32.4,0.033,32.4,0.034,32.4
724.5,0.029,32.4,0.029,32.4,0.029,32.4,0.029,32.4
725.0,0.025,32.3,0.026,32.4,0.027,32.4,0.028,32.3
725.5,0.021,32.3,0.021,32.3,0.024,32.3,0.020,32.3
726.0,0.026,32.4,0.027,32.3,0.028,32.3,0.021,32.4
726.5,0.030,32.3,0.032,32.3,0.030,32.3,0.028,32.4
727.0,0.029,32.3,0.030,32.3,0.029,32.3,0.030,32.4
727.5,0.028,32.3,0.028,32.3,0.029,32.3,0.031,32.3
728.0,0.027,32.3,0.027,32.3,0.026,32.3,0.027,32.3
728.5,0.025,32.3,0.026,32.3,0.029,32.3,0.024,32.3
729.0,0.024,32.3,0.023,32.3,0.025,32.3,0.025,32.3
729.5,0.024,32.3,0.025,32.3,0.022,32.4,0.024,32.3
730.0,0.023,32.3,0.023,32.3,0.022,32.3,0.020,32.3
730.5,0.023,32.3,0.023,32.3,0.023,32.3,0.020,32.3
731.0,0.025,32.3,0.025,32.3,0.027,32.3,0.023,32.3
731.5,0.027,32.3,0.026,32.3,0.027,32.3,0.031,32.3
732.0,0.028,32.3,0.028,32.3,0.029,32.3,0.029,32.3
732.5,0.027,32.3,0.029,32.3,0.027,32.3,0.028,32.3
733.0,0.027,32.3,0.026,32.3,0.026,32.3,0.029,32.3
733.5,0.024,32.3,0.025,32.3,0.030,32.3,0.026,32.3
734.0,0.023,32.3,0.024,32.3,0.023,32.2,0.024,32.3
734.5,0.021,32.3,0.022,32.3,0.023,32.3,0.022,32.3
735.0,0.022,32.3,0.022,32.3,0.022,32.3,0.022,32.3
735.5,0.025,32.3,0.027,32.3,0.025,32.3,0.025,32.3
736.0,0.027,32.3,0.026,32.3,0.026,32.3,0.026,32.3
736.5,0.025,32.3,0.025,32.3,0.026,32.3,0.025,32.3
737.0,0.024,32.3,0.023,32.3,0.024,32.3,0.025,32.3
737.5,0.023,32.3,0.023,32.3,0.025,32.3,0.027,32.3
738.0,0.022,32.3,0.022,32.3,0.022,32.3,0.025,32.3
738.5,0.020,32.3,0.019,32.3,0.021,32.3,0.018,32.3
739.0,0.017,32.3,0.018,32.3,0.016,32.3,0.017,32.3
739.5,0.016,32.3,0.016,32.3,0.017,32.3,0.014,32.3
740.0,0.020,32.3,0.023,32.3,0.020,32.3,0.016,32.3
740.5,0.020,32.3,0.021,32.3,0.019,32.3,0.023,32.3
741.0,0.018,32.3,0.018,32.3,0.017,32.3,0.020,32.4
741.5,0.020,32.3,0.021,32.3,0.019,32.3,0.020,32.4
742.0,0.021,32.3,0.021,32.3,0.023,32.3,0.020,32.4
742.5,0.020,32.4,0.019,32.4,0.018,32.4,0.021,32.4
743.0,0.020,32.3,0.020,32.3,0.019,32.3,0.022,32.4
743.5,0.018,32.3,0.020,32.3,0.019,32.3,0.019,32.4
744.0,0.017,32.3,0.018,32.3,0.016,32.3,0.016,32.4
744.5,0.021,32.3,0.019,32.3,0.020,32.3,0.020,32.4
745.0,0.021,32.4,0.020,32.4,0.022,32.4,0.023,32.4
745.5,0.019,32.3,0.019,32.3,0.021,32.4,0.020,32.4
746.0,0.014,32.3,0.013,32.3,0.013,32.3,0.017,32.3
746.5,0.014,32.3,0.012,32.3,0.014,32.3,0.015,32.4
747.0,0.016,32.4,0.017,32.4,0.016,32.4,0.016,32.4
747.5,0.015,32.4,0.017,32.4,0.015,32.4,0.017,32.4
748.0,0.014,32.4,0.013,32.3,0.014,32.4,0.013,32.4
748.5,0.009,32.4,0.009,32.4,0.012,32.4,0.010,32.4
749.0,0.011,32.4,0.011,32.4,0.011,32.4,0.012,32.4
749.5,0.015,32.4,0.016,32.4,0.014,32.4,0.014,32.4
750.0,0.013,32.4,0.014,32.4,0.016,32.4,0.013,32.4
750.5,0.012,32.4,0.014,32.4,0.013,32.4,0.012,32.4
751.0,0.014,32.4,0.014,32.4,0.012,32.4,0.015,32.4
751.5,0.013,32.4,0.012,32.4,0.012,32.4,0.014,32.4
752.0,0.014,32.4,0.014,32.4,0.013,32.4,0.014,32.4
752.5,0.015,32.4,0.015,32.4,0.016,32.4,0.016,32.5
753.0,0.013,32.4,0.013,32.4,0.014,32.5,0.015,32.4
753.5,0.013,32.4,0.011,32.4,0.014,32.4,0.013,32.4
754.0,0.015,32.4,0.016,32.4,0.015,32.4,0.014,32.5
754.5,0.015,32.4,0.015,32.4,0.016,32.4,0.014,32.4
755.0,0.007,32.4,0.006,32.4,0.012,32.4,0.006,32.4
755.5,0.003,32.4,0.004,32.4,0.002,32.5,0.006,32.4
756.0,0.007,32.4,0.005,32.4,0.007,32.4,0.007,32.4
756.5,0.009,32.4,0.009,32.4,0.007,32.4,0.009,32.4
757.0,0.009,32.4,0.008,32.4,0.010,32.4,0.010,32.5
757.5,0.007,32.5,0.006,32.4,0.009,32.5,0.007,32.4
758.0,0.005,32.4,0.004,32.5,0.006,32.5,0.006,32.4
758.5,0.003,32.4,0.003,32.4,0.005,32.5,0.001,32.4
759.0,0.005,32.5,0.005,32.5,0.004,32.5,0.003,32.5
759.5,0.006,32.5,0.006,32.5,0.005,32.4,0.007,32.5
760.0,0.003,32.5,0.003,32.5,0.003,32.5,0.006,32.5
760.5,0.005,32.5,0.004,32.5,0.004,32.5,0.004,32.5
761.0,0.009,32.5,0.008,32.5,0.009,32.5,0.010,32.5
761.5,0.010,32.5,0.010,32.5,0.010,32.5,0.011,32.5
762.0,0.007,32.5,0.006,32.5,0.008,32.5,0.009,32.5
762.5,0.003,32.5,0.004,32.5,0.004,32.5,0.005,32.5
763.0,-0.001,32.5,-0.000,32.5,-0.001,32.5,0.001,32.5
763.5,-0.003,32.5,-0.002,32.5,0.001,32.5,-0.002,32.5
764.0,-0.015,32.5,-0.015,32.5,-0.007,32.5,-0.013,32.5
764.5,-0.054,32.6,-0.050,32.6,-0.040,32.6,-0.046,32.6
765.0,-0.097,32.6,-0.095,32.6,-0.070,32.6,-0.086,32.5
765.5,-0.121,32.5,-0.121,32.5,-0.092,32.5,-0.115,32.5
766.0,-0.117,32.5,-0.116,32.5,-0.117,32.5,-0.117,32.5
766.5,-0.099,32.4,-0.099,32.4,-0.099,32.4,-0.104,32.4
767.0,-0.077,32.4,-0.078,32.4,-0.086,32.4,-0.079,32.4
767.5,-0.057,32.4,-0.057,32.4,-0.063,32.4,-0.059,32.4
768.0,-0.040,32.4,-0.042,32.4,-0.046,32.4,-0.043,32.4
768.5,-0.030,32.5,-0.032,32.4,-0.032,32.4,-0.029,32.4
769.0,-0.021,32.5,-0.020,32.5,-0.024,32.5,-0.021,32.5
769.5,-0.016,32.5,-0.017,32.5,-0.017,32.5,-0.015,32.5
770.0,-0.018,32.6,-0.019,32.6,-0.018,32.6,-0.018,32.6
770.5,-0.020,32.6,-0.020,32.6,-0.020,32.6,-0.022,32.6
771.0,-0.022,32.7,-0.022,32.6,-0.021,32.6,-0.022,32.6
771.5,-0.026,32.7,-0.026,32.6,-0.026,32.7,-0.024,32.7
772.0,-0.031,32.7,-0.032,32.7,-0.031,32.6,-0.030,32.7
772.5,-0.027,32.7,-0.028,32.7,-0.027,32.7,-0.027,32.7
773.0,-0.020,32.7,-0.020,32.7,-0.021,32.7,-0.020,32.7
773.5,-0.013,32.7,-0.014,32.8,-0.014,32.7,-0.013,32.7
774.0,-0.008,32.7,-0.009,32.8,-0.009,32.7,-0.007,32.7
774.5,-0.006,32.8,-0.006,32.8,-0.006,32.8,-0.006,32.8
775.0,-0.009,32.8,-0.009,32.8,-0.008,32.8,-0.006,32.8
775.5,-0.011,32.8,-0.011,32.8,-0.010,32.8,-0.009,32.8
776.0,-0.008,32.8,-0.007,32.8,-0.008,32.8,-0.009,32.8
776.5,-0.009,32.8,-0.009,32.8,-0.008,32.8,-0.008,32.8
777.0,-0.013,32.8,-0.013,32.8,-0.013,32.8,-0.012,32.8
777.5,-0.019,32.8,-0.019,32.8,-0.016,32.8,-0.017,32.8
778.0,-0.021,32.8,-0.020,32.8,-0.023,32.8,-0.020,32.8
778.5,-0.016,32.8,-0.017,32.8,-0.018,32.8,-0.017,32.8
779.0,-0.014,32.8,-0.015,32.9,-0.016,32.8,-0.014,32.8
779.5,-0.017,32.9,-0.016,32.9,-0.016,32.9,-0.017,32.8
780.0,-0.016,32.9,-0.015,32.9,-0.015,32.9,-0.017,32.9
780.5,-0.013,32.9,-0.014,32.9,-0.016,32.8,-0.014,32.9
781.0,-0.013,32.9,-0.013,32.9,-0.013,32.9,-0.012,32.9
781.5,-0.014,32.9,-0.013,32.9,-0.013,32.9,-0.013,32.9
782.0,-0.008,32.9,-0.008,32.9,-0.009,32.9,-0.009,32.9
782.5,-0.003,32.9,-0.003,32.9,-0.003,32.9,-0.002,32.9
783.0,0.002,32.9,-0.000,32.9,0.001,32.9,0.003,32.9
783.5,0.001,32.9,0.000,32.9,0.002,32.9,0.001,32.9
784.0,0.001,32.9,0.001,32.9,0.002,32.9,-0.000,32.9
784.5,0.004,32.9,0.004,32.9,0.003,32.8,0.002,32.8
785.0,0.004,32.9,0.005,32.9,0.004,32.9,0.002,32.8
785.5,0.003,32.9,0.003,32.9,0.004,32.9,0.001,32.8
786.0,0.003,32.8,0.004,32.8,0.002,32.8,0.001,32.8
786.5,0.007,32.8,0.006,32.8,0.006,32.8,0.006,32.8
787.0,0.010,32.8,0.010,32.8,0.010,32.8,0.011,32.8
787.5,0.010,32.8,0.011,32.8,0.010,32.8,0.011,32.8
788.0,0.008,32.8,0.009,32.8,0.009,32.8,0.009,32.8
788.5,0.004,32.8,0.005,32.8,0.004,32.8,0.006,32.8
789.0,0.004,32.8,0.004,32.8,0.002,32.8,0.005,32.8
789.5,0.007,32.8,0.006,32.8,0.005,32.8,0.006,32.8
790.0,0.008,32.7,0.008,32.8,0.007,32.8,0.006,32.8
790.5,0.006,32.8,0.006,32.7,0.005,32.8,0.005,32.8
791.0,0.007,32.8,0.006,32.7,0.007,32.8,0.007,32.8
791.5,0.016,32.7,0.017,32.7,0.012,32.8,0.014,32.7
792.0,0.021,32.7,0.022,32.7,0.022,32.7,0.020,32.7
792.5,0.022,32.7,0.021,32.7,0.022,32.7,0.022,32.7
793.0,0.021,32.6,0.021,32.6,0.024,32.7,0.021,32.6
793.5,0.020,32.6,0.020,32.6,0.022,32.6,0.020,32.6
794.0,0.020,32.6,0.020,32.6,0.020,32.6,0.021,32.6
794.5,0.022,32.6,0.021,32.6,0.024,32.6,0.023,32.6
795.0,0.024,32.5,0.024,32.5,0.024,32.5,0.023,32.6
795.5,0.024,32.5,0.024,32.5,0.025,32.5,0.024,32.5
796.0,0.027,32.5,0.027,32.5,0.027,32.5,0.028,32.5
796.5,0.028,32.5,0.030,32.5,0.030,32.5,0.028,32.4
797.0,0.028,32.4,0.029,32.4,0.030,32.5,0.028,32.4
797.5,0.026,32.4,0.025,32.4,0.024,32.4,0.024,32.4
798.0,0.023,32.4,0.023,32.4,0.025,32.4,0.023,32.4
798.5,0.021,32.4,0.022,32.4,0.021,32.3,0.020,32.4
799.0,0.017,32.4,0.018,32.3,0.019,32.4,0.019,32.4
799.5,0.016,32.4,0.017,32.3,0.016,32.4,0.015,32.4
800.0,0.023,32.4,0.023,32.4,0.019,32.4,0.024,32.4
800.5,0.027,32.3,0.026,32.3,0.027,32.3,0.027,32.4
801.0,0.028,32.4,0.027,32.3,0.028,32.4,0.028,32.3
801.5,0.028,32.3,0.029,32.4,0.026,32.3,0.027,32.3
802.0,0.028,32.3,0.029,32.3,0.027,32.3,0.028,32.3
802.5,0.026,32.3,0.028,32.3,0.027,32.3,0.026,32.3
803.0,0.026,32.3,0.026,32.3,0.024,32.3,0.026,32.3
803.5,0.025,32.3,0.025,32.3,0.024,32.2,0.024,32.2
804.0,0.023,32.2,0.021,32.3,0.026,32.3,0.022,32.2
804.5,0.025,32.2,0.023,32.3,0.022,32.2,0.023,32.3
805.0,0.026,32.2,0.027,32.2,0.028,32.2,0.027,32.2
805.5,0.028,32.2,0.028,32.2,0.029,32.2,0.029,32.2
806.0,0.026,32.2,0.029,32.2,0.028,32.2,0.026,32.2
806.5,0.025,32.2,0.026,32.2,0.025,32.2,0.026,32.2
807.0,0.023,32.2,0.023,32.2,0.024,32.2,0.024,32.1
807.5,0.021,32.2,0.022,32.2,0.021,32.2,0.021,32.2
808.0,0.021,32.2,0.022,32.2,0.024,32.2,0.020,32.3
808.5,0.020,32.2,0.021,32.2,0.022,32.2,0.020,32.2
809.0,0.020,32.2,0.019,32.2,0.019,32.2,0.020,32.2
809.5,0.021,32.2,0.021,32.2,0.021,32.2,0.021,32.1
810.0,0.024,32.2,0.024,32.2,0.025,32.3,0.025,32.2
810.5,0.025,32.2,0.025,32.2,0.026,32.2,0.025,32.2
811.0,0.026,32.2,0.027,32.2,0.024,32.2,0.024,32.2
811.5,0.025,32.1,0.027,32.1,0.026,32.1,0.024,32.2
812.0,0.023,32.1,0.026,32.2,0.022,32.1,0.023,32.1
812.5,0.021,32.1,0.021,32.1,0.022,32.1,0.020,32.1
813.0,0.020,32.2,0.021,32.2,0.020,32.2,0.021,32.1
813.5,0.021,32.1,0.022,32.2,0.023,32.1,0.022,32.2
814.0,0.026,32.1,0.025,32.1,0.027,32.1,0.022,32.2
814.5,0.027,32.1,0.028,32.1,0.026,32.1,0.026,32.1
815.0,0.027,32.1,0.028,32.1,0.026,32.1,0.027,32.1
815.5,0.026,32.1,0.026,32.1,0.026,32.1,0.026,32.1
816.0,0.024,32.1,0.025,32.1,0.024,32.1,0.025,32.1
816.5,0.023,32.1,0.024,32.1,0.023,32.1,0.023,32.1
817.0,0.023,32.1,0.024,32.1,0.022,32.1,0.021,32.1
817.5,0.023,32.1,0.024,32.1,0.024,32.1,0.022,32.1
818.0,0.023,32.1,0.024,32.1,0.025,32.1,0.022,32.0
818.5,0.023,32.1,0.023,32.1,0.021,32.1,0.023,32.1
819.0,0.023,32.1,0.023,32.1,0.023,32.1,0.025,32.1
819.5,0.023,32.1,0.023,32.1,0.023,32.1,0.024,32.0
820.0,0.023,32.1,0.023,32.0,0.027,32.0,0.023,32.1
820.5,0.025,32.1,0.024,32.0,0.027,32.0,0.023,32.1
821.0,0.025,32.1,0.024,32.1,0.026,32.0,0.024,32.1
821.5,0.024,32.0,0.025,32.1,0.024,32.0,0.025,32.0
822.0,0.023,32.0,0.022,32.0,0.024,32.0,0.023,32.0
822.5,0.021,32.0,0.021,32.0,0.023,32.0,0.023,32.1
823.0,0.023,32.0,0.021,32.0,0.026,32.0,0.023,32.0
823.5,0.027,32.0,0.026,32.0,0.026,32.0,0.029,32.0
824.0,0.030,32.0,0.030,32.0,0.030,32.0,0.030,32.0
824.5,0.029,32.0,0.029,32.0,0.029,32.0,0.029,32.0
825.0,0.028,32.0,0.029,32.0,0.028,32.0,0.028,32.0
825.5,0.026,32.0,0.028,32.0,0.026,32.0,0.024,32.0
826.0,0.026,32.0,0.028,32.0,0.025,32.0,0.025,31.9
826.5,0.025,32.0,0.025,32.0,0.023,32.0,0.028,31.9
827.0,0.024,32.0,0.025,32.0,0.022,32.0,0.024,32.0
827.5,0.022,32.0,0.023,32.0,0.021,32.0,0.023,32.0
828.0,0.023,32.0,0.024,31.9,0.022,32.0,0.026,31.9
828.5,0.027,32.0,0.027,32.0,0.028,32.0,0.027,32.0
829.0,0.030,32.0,0.028,32.0,0.027,31.9,0.033,32.0
829.5,0.029,31.9,0.029,31.9,0.031,31.9,0.035,32.0
830.0,0.028,31.9,0.029,31.9,0.031,31.9,0.030,31.9
830.5,0.025,31.9,0.025,31.9,0.028,31.9,0.024,31.9
831.0,0.023,31.9,0.022,31.9,0.026,31.9,0.022,31.9
831.5,0.020,31.9,0.021,31.9,0.020,32.0,0.020,31.9
832.0,0.019,31.9,0.018,31.9,0.020,32.0,0.018,31.9
832.5,0.022,31.9,0.021,31.9,0.022,32.0,0.022,31.9
833.0,0.025,32.0,0.023,32.0,0.025,32.0,0.024,31.9
833.5,0.026,31.9,0.025,32.0,0.027,31.9,0.026,32.0
834.0,0.026,31.9,0.026,31.9,0.027,31.9,0.026,32.0
834.5,0.026,31.9,0.025,31.9,0.026,32.0,0.026,31.9
835.0,0.024,31.9,0.025,31.9,0.024,31.9,0.025,31.9
835.5,0.023,31.9,0.025,31.9,0.022,31.9,0.025,31.9
836.0,0.023,31.9,0.023,31.9,0.023,31.9,0.025,31.9
836.5,0.022,31.9,0.023,31.9,0.024,31.9,0.022,31.9
837.0,0.021,31.9,0.021,31.9,0.022,31.9,0.021,31.9
837.5,0.022,31.9,0.023,31.9,0.021,31.9,0.022,31.9
838.0,0.027,31.9,0.027,31.9,0.025,31.9,0.026,31.9
838.5,0.029,31.9,0.030,31.9,0.029,31.9,0.032,31.9
839.0,0.029,31.9,0.029,31.9,0.031,32.0,0.030,31.9
839.5,0.029,31.9,0.028,31.9,0.030,31.9,0.032,31.9
840.0,0.028,31.9,0.027,31.9,0.030,31.9,0.027,31.9
840.5,0.028,31.9,0.030,31.9,0.031,31.9,0.027,31.9
841.0,0.027,31.9,0.028,31.8,0.027,31.8,0.027,31.9
841.5,0.029,31.9,0.030,31.9,0.027,31.8,0.027,31.9
842.0,0.032,31.8,0.032,31.8,0.031,31.8,0.031,31.9
842.5,0.032,31.8,0.032,31.8,0.031,31.8,0.034,31.8
843.0,0.032,31.8,0.032,31.8,0.031,31.8,0.034,31.8
843.5,0.030,31.8,0.032,31.8,0.030,31.8,0.036,31.9
844.0,0.026,31.8,0.026,31.8,0.027,31.8,0.030,31.8
844.5,0.024,31.8,0.024,31.8,0.024,31.8,0.022,31.8
845.0,0.022,31.8,0.022,31.8,0.023,31.8,0.022,31.8
845.5,0.020,31.8,0.021,31.8,0.021,31.8,0.023,31.8
846.0,0.019,31.8,0.019,31.8,0.019,31.8,0.021,31.8
846.5,0.019,31.8,0.018,31.9,0.021,31.8,0.017,31.8
847.0,0.021,31.9,0.019,31.9,0.023,31.8,0.020,31.8
847.5,0.023,31.9,0.021,31.9,0.024,31.9,0.020,31.9
848.0,0.024,31.9,0.024,31.9,0.026,31.9,0.021,31.9
848.5,0.023,31.9,0.025,31.9,0.024,31.8,0.022,31.9
849.0,0.023,31.9,0.024,31.9,0.023,31.9,0.023,31.9
849.5,0.022,31.9,0.023,31.9,0.022,31.9,0.022,31.8
850.0,0.022,31.8,0.021,31.8,0.024,31.9,0.023,31.8
850.5,0.020,31.9,0.020,31.9,0.021,31.8,0.023,31.9
851.0,0.021,31.9,0.022,31.8,0.020,31.9,0.024,31.9
851.5,0.023,31.9,0.021,31.8,0.022,31.9,0.028,31.9
852.0,0.021,31.9,0.022,31.9,0.023,31.9,0.024,31.8
852.5,0.019,31.9,0.019,31.8,0.020,31.9,0.019,31.9
853.0,0.018,31.9,0.018,31.9,0.018,31.9,0.016,31.9
853.5,0.018,31.9,0.018,31.9,0.016,31.9,0.017,31.9
854.0,0.017,31.9,0.017,31.9,0.016,31.9,0.017,31.9
854.5,0.015,31.9,0.016,31.9,0.014,31.9,0.017,31.9
855.0,0.013,31.9,0.015,31.9,0.014,31.9,0.018,31.9
855.5,0.011,31.9,0.012,31.9,0.012,31.9,0.015,31.9
856.0,0.014,31.9,0.014,31.9,0.014,31.9,0.014,32.0
856.5,0.016,31.9,0.016,31.9,0.018,31.9,0.016,32.0
857.0,0.013,31.9,0.014,32.0,0.015,31.9,0.016,32.0
857.5,0.014,32.0,0.015,32.0,0.015,32.0,0.016,31.9
858.0,0.015,32.0,0.015,32.0,0.015,32.0,0.015,32.0
858.5,0.018,32.0,0.018,32.0,0.015,32.0,0.019,32.0
859.0,0.017,32.0,0.018,32.0,0.018,32.0,0.018,32.0
859.5,0.017,32.0,0.016,32.0,0.017,32.0,0.015,32.0
860.0,0.015,32.0,0.015,32.0,0.017,32.0,0.016,32.0
860.5,0.015,32.0,0.016,32.0,0.018,32.0,0.017,32.0
861.0,0.017,32.0,0.015,32.0,0.017,32.0,0.016,31.9
861.5,0.014,32.0,0.013,32.0,0.014,32.0,0.016,32.0
862.0,0.010,32.0,0.010,32.0,0.011,32.0,0.016,32.0
862.5,0.011,32.0,0.012,32.0,0.009,32.0,0.012,32.0
863.0,0.013,32.0,0.014,32.0,0.010,32.0,0.012,32.0
863.5,0.013,32.0,0.013,32.0,0.014,32.0,0.012,32.0
864.0,0.011,32.0,0.011,32.0,0.014,32.0,0.010,32.0
864.5,0.010,32.0,0.009,32.0,0.014,32.0,0.009,32.0
865.0,0.008,32.0,0.008,32.0,0.009,32.1,0.008,32.0
865.5,0.010,32.0,0.009,32.1,0.009,32.1,0.009,32.0
866.0,0.010,32.1,0.011,32.1,0.012,32.1,0.010,32.0
866.5,0.008,32.0,0.008,32.0,0.008,32.1,0.010,32.0
867.0,0.009,32.1,0.012,32.1,0.010,32.1,0.010,32.0
867.5,0.010,32.1,0.011,32.1,0.012,32.1,0.010,32.1
868.0,0.012,32.1,0.013,32.1,0.013,32.1,0.013,32.1
868.5,0.013,32.1,0.013,32.1,0.013,32.1,0.016,32.1
869.0,0.010,32.1,0.010,32.1,0.011,32.1,0.013,32.1
869.5,0.008,32.1,0.008,32.1,0.010,32.1,0.008,32.1
870.0,0.009,32.1,0.008,32.1,0.011,32.1,0.008,32.1
870.5,0.008,32.1,0.007,32.1,0.008,32.1,0.009,32.1
871.0,0.007,32.1,0.005,32.1,0.007,32.1,0.008,32.1
871.5,0.005,32.1,0.005,32.1,0.007,32.1,0.005,32.2
872.0,0.003,32.1,0.004,32.1,0.005,32.1,0.003,32.1
872.5,0.004,32.1,0.004,32.2,0.003,32.2,0.005,32.1
873.0,0.006,32.1,0.008,32.2,0.004,32.2,0.006,32.2
873.5,0.006,32.2,0.007,32.2,0.007,32.2,0.008,32.2
874.0,0.005,32.2,0.005,32.2,0.007,32.2,0.006,32.2
874.5,0.003,32.2,0.003,32.2,0.008,32.2,0.004,32.2
875.0,0.002,32.2,0.001,32.2,0.002,32.2,0.004,32.2
875.5,-0.002,32.2,-0.003,32.2,-0.001,32.2,-0.002,32.2
876.0,-0.017,32.2,-0.017,32.2,-0.014,32.2,-0.016,32.2
876.5,-0.045,32.2,-0.044,32.2,-0.043,32.2,-0.033,32.2
877.0,-0.083,32.3,-0.082,32.3,-0.062,32.3,-0.082,32.3
877.5,-0.122,32.2,-0.121,32.2,-0.094,32.3,-0.122,32.3
878.0,-0.140,32.2,-0.140,32.2,-0.129,32.2,-0.139,32.2
878.5,-0.126,32.1,-0.129,32.1,-0.133,32.1,-0.130,32.1
