mean_fit_time,std_fit_time,mean_score_time,std_score_time,param_colsample_bytree,param_learning_rate,param_max_depth,param_reg_alpha,param_reg_lambda,param_subsample,params,split0_test_score,split1_test_score,split2_test_score,mean_test_score,std_test_score,rank_test_score
0.170973539352417,0.00911078967513814,0.0006690025329589844,0.0009461124553725493,0.5870727711973196,0.28539836866041823,10,7.848696955037492e-05,1.0748095940707634,0.5898830427398769,"OrderedDict({'colsample_bytree': 0.5870727711973196, 'learning_rate': 0.28539836866041823, 'max_depth': 10, 'reg_alpha': 7.848696955037492e-05, 'reg_lambda': 1.0748095940707634, 'subsample': 0.5898830427398769})",-1367.445556640625,-1685.005859375,-71.75444030761719,-1041.4019521077473,697.7933597292371,18
0.184327761332194,0.05351196945506496,0.0009097258249918619,0.001286546599744544,0.8861718488872989,0.5842928269761146,5,0.509733808604776,59.86200228570065,0.34361905859085,"OrderedDict({'colsample_bytree': 0.8861718488872989, 'learning_rate': 0.5842928269761146, 'max_depth': 5, 'reg_alpha': 0.509733808604776, 'reg_lambda': 59.86200228570065, 'subsample': 0.34361905859085})",-1335.919921875,-2298.168212890625,-719.0586547851562,-1451.0489298502605,649.7885632947782,25
0.18038352330525717,0.007597829596451309,0.0018399556477864583,0.001439808059888275,0.6113827586108063,0.6877728743793542,4,0.0003981042474885312,4.9158279814800046e-05,0.6175657406644093,"OrderedDict({'colsample_bytree': 0.6113827586108063, 'learning_rate': 0.6877728743793542, 'max_depth': 4, 'reg_alpha': 0.0003981042474885312, 'reg_lambda': 4.9158279814800046e-05, 'subsample': 0.6175657406644093})",-956.156982421875,-1467.77392578125,-552.9486694335938,-992.2931925455729,374.34892963158205,16
0.20434252421061197,0.0038358232826865165,0.002350489298502604,0.00048037446139752874,0.8686771918501544,0.022066991249460103,7,0.06555241362395212,0.050988349320080596,0.3668185274504954,"OrderedDict({'colsample_bytree': 0.8686771918501544, 'learning_rate': 0.022066991249460103, 'max_depth': 7, 'reg_alpha': 0.06555241362395212, 'reg_lambda': 0.050988349320080596, 'subsample': 0.3668185274504954})",-2524.451416015625,-1579.302734375,-940.3280029296875,-1681.3607177734375,650.7296524944271,27
0.048080126444498696,0.042379049548290054,0.0014115969340006511,0.0009981497643339998,0.8596874091250211,0.07517239253342656,7,0.019691535042645862,136.35424172019938,0.8019218058118858,"OrderedDict({'colsample_bytree': 0.8596874091250211, 'learning_rate': 0.07517239253342656, 'max_depth': 7, 'reg_alpha': 0.019691535042645862, 'reg_lambda': 136.35424172019938, 'subsample': 0.8019218058118858})",-829.7636108398438,-1126.3076171875,-322.9206237792969,-759.6639506022135,331.7058305873257,3
0.011137008666992188,0.0,0.0027219454447428384,0.0005055373989386703,0.8138196125898978,0.7563790218678241,4,1.35067776522188e-05,16.015078918709236,0.5608058445882804,"OrderedDict({'colsample_bytree': 0.8138196125898978, 'learning_rate': 0.7563790218678241, 'max_depth': 4, 'reg_alpha': 1.35067776522188e-05, 'reg_lambda': 16.015078918709236, 'subsample': 0.5608058445882804})",-843.0009765625,-2095.9501953125,-878.441650390625,-1272.4642740885417,582.4722065935285,22
0.008783340454101562,0.0,0.0,0.0,0.7319555509516213,0.35540927532494104,6,0.17617803914947217,0.21556441892068473,0.7162340245607869,"OrderedDict({'colsample_bytree': 0.7319555509516213, 'learning_rate': 0.35540927532494104, 'max_depth': 6, 'reg_alpha': 0.17617803914947217, 'reg_lambda': 0.21556441892068473, 'subsample': 0.7162340245607869})",-908.2573852539062,-1250.7332763671875,-191.84251403808594,-783.6110585530599,441.18396896418545,5
0.017883141835530598,0.0004712579621498098,0.001336495081583659,0.0004712579621498098,0.6803821473832188,0.6918603669668356,6,0.10615455213071195,0.0008251631794057066,0.33579418757393625,"OrderedDict({'colsample_bytree': 0.6803821473832188, 'learning_rate': 0.6918603669668356, 'max_depth': 6, 'reg_alpha': 0.10615455213071195, 'reg_lambda': 0.0008251631794057066, 'subsample': 0.33579418757393625})",-1605.9822998046875,-2204.59130859375,-244.92416381835938,-1351.8325907389324,819.9666194594708,24
0.009098052978515625,0.0,0.0,0.0,0.9688345904169497,0.2519085390684862,9,0.0003125550537556684,0.0026889509684762778,0.4479900010919373,"OrderedDict({'colsample_bytree': 0.9688345904169497, 'learning_rate': 0.2519085390684862, 'max_depth': 9, 'reg_alpha': 0.0003125550537556684, 'reg_lambda': 0.0026889509684762778, 'subsample': 0.4479900010919373})",-1101.6405029296875,-1750.8424072265625,-601.1621704101562,-1151.2150268554688,470.6622191468866,21
0.01040959358215332,0.0,0.0,0.0,0.30254121507832027,0.43217539671382244,8,3.367639130459833e-05,0.16142805944054853,0.4923003941847922,"OrderedDict({'colsample_bytree': 0.30254121507832027, 'learning_rate': 0.43217539671382244, 'max_depth': 8, 'reg_alpha': 3.367639130459833e-05, 'reg_lambda': 0.16142805944054853, 'subsample': 0.4923003941847922})",-1023.8352661132812,-1499.5963134765625,-415.02734375,-979.4863077799479,443.8825558653799,15
0.016489028930664062,0.0,0.0013535022735595703,0.0004939610645476781,0.3,1.0,10,0.206229201296579,1e-06,0.9118579013531343,"OrderedDict({'colsample_bytree': 0.3, 'learning_rate': 1.0, 'max_depth': 10, 'reg_alpha': 0.206229201296579, 'reg_lambda': 1e-06, 'subsample': 0.9118579013531343})",-3038.3076171875,-2895.923095703125,-1861.576904296875,-2598.6025390625,524.3875333604833,30
0.008048693339029947,0.00030570514119901806,0.0,0.0,0.8642304349031147,0.07353237572726302,7,0.019151360424730438,163.8436624017493,0.8006313883342417,"OrderedDict({'colsample_bytree': 0.8642304349031147, 'learning_rate': 0.07353237572726302, 'max_depth': 7, 'reg_alpha': 0.019151360424730438, 'reg_lambda': 163.8436624017493, 'subsample': 0.8006313883342417})",-819.7080688476562,-1110.0657958984375,-322.73492431640625,-750.8362630208334,325.09482674538305,2
0.01916217803955078,0.001672049774124188,0.0011823177337646484,0.001672049774124188,0.3,0.01,10,1e-06,1e-06,0.7630689832084634,"OrderedDict({'colsample_bytree': 0.3, 'learning_rate': 0.01, 'max_depth': 10, 'reg_alpha': 1e-06, 'reg_lambda': 1e-06, 'subsample': 0.7630689832084634})",-3148.921875,-1449.484619140625,-1737.5596923828125,-2111.988728841146,742.594359507283,29
0.019618511199951172,0.0,0.0,0.0,0.8841561065539927,0.06808273811430074,7,0.023906546942862796,400.99346881148745,0.7931714282687442,"OrderedDict({'colsample_bytree': 0.8841561065539927, 'learning_rate': 0.06808273811430074, 'max_depth': 7, 'reg_alpha': 0.023906546942862796, 'reg_lambda': 400.99346881148745, 'subsample': 0.7931714282687442})",-1074.9061279296875,-1135.56103515625,-321.8092956542969,-844.0921529134115,370.1389754157432,12
0.020735502243041992,0.0,0.0,0.0,0.8303083901341635,0.10084438668414328,7,0.028238941770813496,29.654476113830277,0.8122524276020358,"OrderedDict({'colsample_bytree': 0.8303083901341635, 'learning_rate': 0.10084438668414328, 'max_depth': 7, 'reg_alpha': 0.028238941770813496, 'reg_lambda': 29.654476113830277, 'subsample': 0.8122524276020358})",-983.4917602539062,-1256.363037109375,-304.71405029296875,-848.1896158854166,400.11577593675463,13
0.007591406504313151,0.0007093033625393394,0.0010031064351399739,0.0007093033625393394,0.4739116915984316,1.0,6,0.0021290828494713076,0.049000857978634065,0.6804719927124682,"OrderedDict({'colsample_bytree': 0.4739116915984316, 'learning_rate': 1.0, 'max_depth': 6, 'reg_alpha': 0.0021290828494713076, 'reg_lambda': 0.049000857978634065, 'subsample': 0.6804719927124682})",-769.3076782226562,-1592.0,-670.8846435546875,-1010.7307739257812,412.97877937734603,17
0.017041683197021484,0.0,0.003465414047241211,0.0,0.7889638404350084,1.0,9,1.0,1000.0,0.75866802183685,"OrderedDict({'colsample_bytree': 0.7889638404350084, 'learning_rate': 1.0, 'max_depth': 9, 'reg_alpha': 1.0, 'reg_lambda': 1000.0, 'subsample': 0.75866802183685})",-1042.0,-2395.923095703125,-1333.75,-1590.5576985677083,581.8015599854848,26
0.009332736333211264,0.0014426585266288955,0.0008910497029622396,0.0012601345746777169,0.9083911095644448,0.06839974189964707,6,0.06980379444597992,15.562912957925288,0.7848976218011108,"OrderedDict({'colsample_bytree': 0.9083911095644448, 'learning_rate': 0.06839974189964707, 'max_depth': 6, 'reg_alpha': 0.06980379444597992, 'reg_lambda': 15.562912957925288, 'subsample': 0.7848976218011108})",-828.7874145507812,-1172.09130859375,-303.6685791015625,-768.1824340820312,357.11271051576836,4
0.008753140767415365,0.000321102789854998,0.0,0.0,0.8877068383349929,0.07845557455509054,6,0.06672468329901111,8.438167304867024,0.7815518889817333,"OrderedDict({'colsample_bytree': 0.8877068383349929, 'learning_rate': 0.07845557455509054, 'max_depth': 6, 'reg_alpha': 0.06672468329901111, 'reg_lambda': 8.438167304867024, 'subsample': 0.7815518889817333})",-822.5743408203125,-1015.6600341796875,-273.39501953125,-703.87646484375,314.43730409921346,1
0.005813439687093099,0.0041107226247625315,0.0029067198435465493,0.0041107226247625315,0.7891317461443126,0.01,6,1e-06,1e-06,0.8032543248300406,"OrderedDict({'colsample_bytree': 0.7891317461443126, 'learning_rate': 0.01, 'max_depth': 6, 'reg_alpha': 1e-06, 'reg_lambda': 1e-06, 'subsample': 0.8032543248300406})",-3333.407958984375,-1390.8289794921875,-1369.218505859375,-2031.1518147786458,920.8764129834283,28
0.013685067494710287,0.007469545472090714,0.0,0.0,0.664046424886918,0.1602722843185774,5,0.17608775358483944,0.0018770358888766023,0.7175508176850717,"OrderedDict({'colsample_bytree': 0.664046424886918, 'learning_rate': 0.1602722843185774, 'max_depth': 5, 'reg_alpha': 0.17608775358483944, 'reg_lambda': 0.0018770358888766023, 'subsample': 0.7175508176850717})",-848.8102416992188,-1345.4810791015625,-184.36231994628906,-792.8845469156901,475.6714242123694,6
0.009508609771728516,0.0,0.0007161299387613932,0.0010127606718177765,1.0,0.09313317286390353,3,1.0,0.1495139817350456,0.7693336768286508,"OrderedDict({'colsample_bytree': 1.0, 'learning_rate': 0.09313317286390353, 'max_depth': 3, 'reg_alpha': 1.0, 'reg_lambda': 0.1495139817350456, 'subsample': 0.7693336768286508})",-767.0162353515625,-1354.08837890625,-325.0937194824219,-815.3994445800781,421.47613889133964,8
0.008551518122355143,0.00035650614260414895,0.0,0.0,0.3,0.3249260508872465,6,0.03559363533177904,0.0001822184951009781,0.6766990072187067,"OrderedDict({'colsample_bytree': 0.3, 'learning_rate': 0.3249260508872465, 'max_depth': 6, 'reg_alpha': 0.03559363533177904, 'reg_lambda': 0.0001822184951009781, 'subsample': 0.6766990072187067})",-1274.122314453125,-1418.228515625,-525.1314086914062,-1072.4940795898438,391.48952257061376,20
0.008455355962117514,0.00036268768038574676,0.0,0.0,0.9866220982089537,0.08698756807279079,8,0.0556168593236998,4.496657944866719,0.7774645546763765,"OrderedDict({'colsample_bytree': 0.9866220982089537, 'learning_rate': 0.08698756807279079, 'max_depth': 8, 'reg_alpha': 0.0556168593236998, 'reg_lambda': 4.496657944866719, 'subsample': 0.7774645546763765})",-800.0860595703125,-1358.699462890625,-263.86346435546875,-807.5496622721354,446.9960812252431,7
0.009648561477661133,0.00023737105081335518,0.0009659926096598307,0.0006540066972930463,0.6504016949479998,0.03480801612634566,3,0.07682040754170363,42.10919749630945,0.787924177853041,"OrderedDict({'colsample_bytree': 0.6504016949479998, 'learning_rate': 0.03480801612634566, 'max_depth': 3, 'reg_alpha': 0.07682040754170363, 'reg_lambda': 42.10919749630945, 'subsample': 0.787924177853041})",-2223.32861328125,-1395.3526611328125,-382.85528564453125,-1333.8455200195312,752.6277803985583,23
0.017235755920410156,0.0,0.0,0.0,0.6943379900245528,0.08535268203997512,5,0.06643837337559204,0.006154978763964951,0.7657566422704566,"OrderedDict({'colsample_bytree': 0.6943379900245528, 'learning_rate': 0.08535268203997512, 'max_depth': 5, 'reg_alpha': 0.06643837337559204, 'reg_lambda': 0.006154978763964951, 'subsample': 0.7657566422704566})",-851.1618041992188,-1362.7799072265625,-234.53121948242188,-816.1576436360677,461.27016219105406,9
0.01732015609741211,0.0,0.0,0.0,1.0,0.16159807818854152,5,0.5511794141591996,0.1010431373721882,0.7413867723800454,"OrderedDict({'colsample_bytree': 1.0, 'learning_rate': 0.16159807818854152, 'max_depth': 5, 'reg_alpha': 0.5511794141591996, 'reg_lambda': 0.1010431373721882, 'subsample': 0.7413867723800454})",-871.0729370117188,-1603.96630859375,-275.00042724609375,-916.6798909505209,543.5056418794688,14
0.010905742645263672,0.000332117166265845,0.00023484230041503906,0.000332117166265845,0.8309496413422679,0.09843417318611211,10,1e-06,6.917714196493954e-06,0.7586756345080572,"OrderedDict({'colsample_bytree': 0.8309496413422679, 'learning_rate': 0.09843417318611211, 'max_depth': 10, 'reg_alpha': 1e-06, 'reg_lambda': 6.917714196493954e-06, 'subsample': 0.7586756345080572})",-707.9065551757812,-1390.174560546875,-366.20074462890625,-821.4272867838541,425.6726530250099,10
0.008507808049519857,0.0004171703988720848,0.002742767333984375,0.0038788587621545996,0.8358374692290764,0.28677331459096383,3,1.0,0.08786468169932721,0.6858442972579851,"OrderedDict({'colsample_bytree': 0.8358374692290764, 'learning_rate': 0.28677331459096383, 'max_depth': 3, 'reg_alpha': 1.0, 'reg_lambda': 0.08786468169932721, 'subsample': 0.6858442972579851})",-867.3510131835938,-1464.928955078125,-183.1229705810547,-838.4676462809244,523.6935058701489,11
0.016262054443359375,0.0,0.0,0.0,0.3,0.18018208278838035,8,0.015475451225820887,1.2956286732934485e-05,0.3703300331566845,"OrderedDict({'colsample_bytree': 0.3, 'learning_rate': 0.18018208278838035, 'max_depth': 8, 'reg_alpha': 0.015475451225820887, 'reg_lambda': 1.2956286732934485e-05, 'subsample': 0.3703300331566845})",-1311.9044189453125,-1569.81201171875,-320.8468017578125,-1067.5210774739583,538.3746756765345,19
