sample_name,cycle_number,A,B,tau,R2,viscosity_cP,sample_type,expected_viscosity,correlation_factor
water_b1_ml_min,1,-0.1452982114498093,0.3833466867454449,3.6075735189271483,0.9054933074182407,3825065.1810101215,Water,1,3825065.1810101215
water_b1_ml_min,2,-0.2004315628391997,0.38776681015628306,3.671399395459794,0.8739513832593295,3892738.961388184,Water,1,3892738.961388184
water_b1_ml_min,3,-0.23668932037056656,0.3716487612381478,3.8120770029039885,0.9170004795212383,4041897.672987238,Water,1,4041897.672987238
water_b1_ml_min,4,-0.17597536473737654,0.39757936950723005,3.548329010324207,0.9004522293212294,3762248.96787514,Water,1,3762248.96787514
water_b1_ml_min,5,-0.20363847195358617,0.38585085364356214,3.683134925623222,0.8998545530509591,3905181.997567934,Water,1,3905181.997567934
water_b1_ml_min,6,-0.1917863568128458,0.3467539105869509,3.967719937619902,0.8488941332161665,4206923.934333988,Water,1,4206923.934333988
water_b2_ml_min,1,0.3303203817172604,0.2585990710366594,3.4217320540670064,0.7637927553348406,3628019.7950113886,Water,1,3628019.7950113886
water_b2_ml_min,2,-0.23536756104596246,0.37337364710447873,3.8101336607718745,0.8915588787757247,4039837.171576327,Water,1,4039837.171576327
water_b2_ml_min,3,-0.2644493616166934,0.37134421406605467,3.8793802936203763,0.873159182554526,4113258.5122282333,Water,1,4113258.5122282333
water_b2_ml_min,4,-0.19168732596717938,0.3707786320816384,3.766461977599642,0.9123465291451649,3993532.630905799,Water,1,3993532.630905799
water_b2_ml_min,5,-0.25039170877997163,0.3758326346066694,3.8296085588479323,0.9009063643607752,4060486.1629710663,Water,1,4060486.1629710663
water_b2_ml_min,6,-0.21939215737615644,0.41561424349254295,3.4934780008362702,0.9256689437825801,3704091.1270235064,Water,1,3704091.1270235064
water_b2_ml_min,7,-0.17002736785864286,0.35942525893668403,3.8350287781531858,0.8654632083221053,4066233.1538592693,Water,1,4066233.1538592693
water_b3_ml_min,1,-0.2877462094863151,0.2912039135005446,4.68501392162102,0.7461071672248755,4967461.794162187,Water,1,4967461.794162187
water_b3_ml_min,2,-0.23738265507438927,0.44068621317322754,3.4481937778077647,0.8905706029491527,3656076.8304669233,Water,1,3656076.8304669233
water_b3_ml_min,3,-0.2221979073586331,0.39581850304580335,3.608117527225575,0.9157094188203934,3825641.986220039,Water,1,3825641.986220039
water_b3_ml_min,4,-0.24919238825189832,0.3964811266880473,3.701239142540827,0.8779902163638549,3924377.6728356625,Water,1,3924377.6728356625
water_b3_ml_min,5,-0.22423420389266224,0.34141477033719414,4.056185991099368,0.8632966453099451,4300723.38683381,Water,1,4300723.38683381
water_b3_ml_min,6,-0.22997368384435807,0.39185736907920377,3.7006695652566233,0.9024453842492298,3923773.757149212,Water,1,3923773.757149212
si350_t1_ml_min,1,-0.0097242009893726,0.09246907588296412,3.880473431411304,0.9228916511665346,4114417.5525862346,Si-350cP,350,11755.478721674956
si350_t1_ml_min,2,0.024251032944026717,0.07767524536558332,4.082520927234655,0.854415354495959,4328645.990973499,Si-350cP,350,12367.559974209997
si350_t1_ml_min,3,-0.007060785452361443,0.09157749149969616,3.8649603544736295,0.8954903340357401,4097969.2307033194,Si-350cP,350,11708.483516295199
si350_t1_ml_min,4,-0.0009806642421258695,0.08610766614143925,3.9838245616542163,0.9474421483765031,4223999.46622131,Si-350cP,350,12068.569903489457
si350_t1_ml_min,5,-0.026808833233491387,0.09662036166268892,3.8792115668502243,0.9342843944789705,4113079.6133394525,Si-350cP,350,11751.656038112722
si350_t1_ml_min,6,-0.05668388654721125,0.10594369789700263,3.7937314261829607,0.9627437595104968,4022446.0869319686,Si-350cP,350,11492.70310551991
si350_t2_ml_min,1,0.019131236350252104,0.08123420511831721,3.9941447619006865,0.8859162892330322,4234941.845752597,Si-350cP,350,12099.833845007419
si350_t2_ml_min,2,-0.0228212352620591,0.09784324111383207,3.7715193423907047,0.9490136417978672,3998894.891680817,Si-350cP,350,11425.413976230906
si350_t2_ml_min,3,-0.03824876676824906,0.10574401979707086,3.688871260196407,0.9376185751965292,3911264.161529791,Si-350cP,350,11175.040461513689
si350_t2_ml_min,4,-0.04067950246542669,0.09989219675635724,3.8440974033608684,0.9565124051025566,4075848.5039958516,Si-350cP,350,11645.281439988148
si350_t2_ml_min,5,-0.005583647345343642,0.08733121948188854,3.9846904624957133,0.920627572763504,4224917.570077615,Si-350cP,350,12071.193057364613
si350_t2_ml_min,6,-0.04573934379052245,0.10489385483158357,3.7436136620417546,0.9206720791896615,3969306.847053348,Si-350cP,350,11340.876705866709
si350_t3_ml_min,1,-0.04358838323118234,0.10043228110771593,3.8605884257479874,0.9527321615460986,4093333.729234628,Si-350cP,350,11695.23922638465
si350_t3_ml_min,2,-0.0027656432199489487,0.08880008068171441,3.9212371043932643,0.9246787141831102,4157638.7663422795,Si-350cP,350,11878.967903835084
si350_t3_ml_min,3,-0.02933727156462193,0.09743097316915217,3.8491791957123924,0.9339842214026364,4081236.665008385,Si-350cP,350,11660.676185738243
si350_t3_ml_min,4,-0.04534274452097027,0.09963187306058517,3.886873191351076,0.9565356071727779,4121203.138185125,Si-350cP,350,11774.866109100356
si350_t3_ml_min,5,-0.008544908837750192,0.09252183563301271,3.8506937839383224,0.9161835409646981,4082842.5640031653,Si-350cP,350,11665.264468580472
si350_t3_ml_min,6,-0.052616585420738556,0.10775047852635095,3.739165663706765,0.9361504343223526,3964590.6899271687,Si-350cP,350,11327.401971220483
si1000_t1_ml_min,1,-0.04847331114673579,0.08007267642872791,4.320734588240954,0.9859074911069375,4581220.962971712,Si-1000cP,1000,4581.220962971713
si1000_t1_ml_min,2,-0.0610691844501554,0.08349930540307951,4.262367597179868,0.9858745360011912,4519335.170735456,Si-1000cP,1000,4519.335170735456
si1000_t1_ml_min,3,-0.04955432760971326,0.07957886989407521,4.360082532401952,0.9851920982302225,4622941.097126356,Si-1000cP,1000,4622.941097126356
si1000_t1_ml_min,4,-0.019899718666703883,0.0774362200274424,4.206009925579653,0.9758020235398008,4459579.834848433,Si-1000cP,1000,4459.579834848433
si1000_t1_ml_min,5,-0.05850770458266786,0.08252886788223875,4.335751770565516,0.9892062065433835,4597143.493984819,Si-1000cP,1000,4597.1434939848195
si1000_t1_ml_min,6,-0.030532288192006405,0.08009932809983634,4.213464908771519,0.9805141701159361,4467484.260492951,Si-1000cP,1000,4467.484260492951
si1000_t2_ml_min,1,-0.020845452150641416,0.08096544992272947,4.2296912187297595,0.9770992193631923,4484688.814446843,Si-1000cP,1000,4484.688814446843
si1000_t2_ml_min,2,-0.030905764725602393,0.08363965253273095,4.239526753541266,0.9847105317101165,4495117.309265779,Si-1000cP,1000,4495.117309265779
si1000_t2_ml_min,3,-0.02917151634711358,0.08232309823768982,4.291768505567274,0.979338945082821,4550508.586992531,Si-1000cP,1000,4550.5085869925315
si1000_t2_ml_min,4,-0.038062918867378226,0.08613406536021692,4.242564758278648,0.9839616589670652,4498338.467776306,Si-1000cP,1000,4498.338467776306
si1000_t2_ml_min,5,-0.046169220827716816,0.09004178504579417,4.190673598704418,0.9840781727668777,4443318.918850986,Si-1000cP,1000,4443.318918850986
si1000_t2_ml_min,6,-0.05889408869535474,0.09096977697551366,4.2078722308054095,0.9870687671837883,4461554.413838826,Si-1000cP,1000,4461.554413838826
si1000_t3_ml_min,1,-0.016296275979487403,0.07977178713125037,4.331198677693242,0.9774680166059997,4592315.906432276,Si-1000cP,1000,4592.315906432275
si1000_t3_ml_min,2,-0.04063108624154793,0.08923579452366297,4.167709410706364,0.9735246887099382,4418970.276896245,Si-1000cP,1000,4418.970276896245
si1000_t3_ml_min,3,-0.034309348005548836,0.08406968431635659,4.301105302912818,0.988773237316044,4560408.276700258,Si-1000cP,1000,4560.408276700258
si1000_t3_ml_min,4,-0.03648393087081443,0.08614516912721941,4.2562912056716895,0.9876233173290856,4512892.448649137,Si-1000cP,1000,4512.892448649137
si1000_t3_ml_min,5,-0.048953342561227936,0.0900073711956726,4.212816516297303,0.9892665965151131,4466796.778044098,Si-1000cP,1000,4466.796778044098
si1000_t3_ml_min,6,-0.014013907978735488,0.08268684306584795,4.225739806054613,0.9754365109875432,4480499.180898698,Si-1000cP,1000,4480.499180898698
si5000_t1_ml_min,1,-0.07132774534631348,0.04611852979003218,6.22547464425249,0.8102733335085095,6600793.074322081,Si-5000cP,5000,1320.1586148644162
si5000_t1_ml_min,2,0.0006396500132919122,0.05460495075340767,5.124274502525646,0.9766744518456941,5433204.306380961,Si-5000cP,5000,1086.6408612761923
si5000_t1_ml_min,3,0.062394414840338266,-3.3145507485675706e-06,8.538880220528196,0.12798753779054717,9053668.13690256,Si-5000cP,5000,1810.733627380512
si5000_t1_ml_min,4,-0.005288648471477623,0.05389470536338719,4.884036349782325,0.9525329555627751,5178482.791058452,Si-5000cP,5000,1035.6965582116904
si5000_t1_ml_min,5,0.01196346705954347,0.050163517972120646,4.995698493147864,0.9148454187318193,5296876.76819088,Si-5000cP,5000,1059.375353638176
si5000_t2_ml_min,1,0.019551197817112585,0.0440786345681455,5.504179155493942,0.9133468255112882,5836012.468936013,Si-5000cP,5000,1167.2024937872027
si5000_t2_ml_min,2,0.016816462885539934,0.04523055461416281,5.44077997323717,0.9440973979029633,5768791.107173764,Si-5000cP,5000,1153.7582214347528
si5000_t2_ml_min,3,0.013886124414124009,0.0436803610006851,5.683920858815031,0.981736662157261,6026590.353896335,Si-5000cP,5000,1205.318070779267
si5000_t2_ml_min,4,0.009104690937369425,0.04351656879639014,5.798165762484878,0.9877769379798056,6147722.799548086,Si-5000cP,5000,1229.5445599096172
si5000_t2_ml_min,5,0.006886801660284055,0.04647006768848961,5.378472532350817,0.8695441633200834,5702727.305162281,Si-5000cP,5000,1140.5454610324562
si5000_t2_ml_min,6,0.0218521209835138,0.043102089495947044,5.636743187954562,0.9314796616149179,5976568.458232639,Si-5000cP,5000,1195.3136916465278
si5000_t3_ml_min,1,-0.0031503919911853397,0.03974379505901719,6.290394324930837,0.7147367349235167,6669626.601585796,Si-5000cP,5000,1333.9253203171593
si5000_t3_ml_min,2,0.021189046360319052,0.03799281002797828,6.0493503522001815,0.9376883491212912,6414050.685386877,Si-5000cP,5000,1282.8101370773752
si5000_t3_ml_min,3,0.02622459650283089,0.030257734044880063,6.96978485374984,0.9611700936236856,7389975.900897286,Si-5000cP,5000,1477.9951801794573
si5000_t3_ml_min,4,0.02794933563224922,0.02697362736743746,7.336784954536357,0.9552957736729952,7779101.527815239,Si-5000cP,5000,1555.8203055630477
si5000_t3_ml_min,5,0.03279418811397898,0.024012657186368355,7.874137458123035,0.95073676337073,8348849.681524134,Si-5000cP,5000,1669.7699363048268
si5000_t3_ml_min,6,0.036408901871688555,0.021213534652362184,8.52011361221065,0.9486320858016709,9033770.136299731,Si-5000cP,5000,1806.7540272599463
si5000_t3_ml_min,7,0.04197932146792748,0.019908669937279695,9.01514192792061,0.9716658484216502,9558642.481783982,Si-5000cP,5000,1911.7284963567965
si12500_t1_ml_min,1,-0.08428246790292984,0.04353444298688549,6.509970945761761,0.9689990681731845,6902440.952465391,Si-12500cP,12500,552.1952761972312
si12500_t1_ml_min,2,0.015428543386119278,0.036307532425711865,6.834736702690277,0.9628862257169175,7246786.031650543,Si-12500cP,12500,579.7428825320435
si12500_t1_ml_min,3,0.025261086817622017,0.035024355138440065,6.8893349154912835,0.864614320504424,7304675.835329779,Si-12500cP,12500,584.3740668263823
si12500_t1_ml_min,4,0.03540832961139733,0.03264886484040761,7.072391561580359,0.889266522221624,7498768.512738456,Si-12500cP,12500,599.9014810190765
si12500_t1_ml_min,5,0.035642128179726514,0.03204695958720783,7.315540880095217,0.9248171574366607,7756576.700798884,Si-12500cP,12500,620.5261360639107
si12500_t1_ml_min,6,0.03413660442483675,0.03422869573590974,6.971763682205105,0.842942508485173,7392074.028013784,Si-12500cP,12500,591.3659222411028
si12500_t2_ml_min,1,0.039650254886515156,0.026914128483511254,7.916041358501924,0.9447805454807024,8393279.864159772,Si-12500cP,12500,671.4623891327818
si12500_t2_ml_min,2,0.04015943423216686,0.027575020566293986,7.876867502553881,0.8804480356897899,8351744.313564808,Si-12500cP,12500,668.1395450851846
si12500_t2_ml_min,3,0.04272043406261955,0.0279044679031993,7.7215820937364175,0.888798670580517,8187097.13246647,Si-12500cP,12500,654.9677705973176
si12500_t2_ml_min,4,0.03981089310304122,0.027803589132836124,7.844463134063051,0.9338549104923504,8317386.366041492,Si-12500cP,12500,665.3909092833194
si12500_t2_ml_min,5,0.040004001482369184,0.02878207834017067,7.604083469914581,0.847588373030515,8062514.807942082,Si-12500cP,12500,645.0011846353666
si12500_t2_ml_min,6,0.0416040241495283,0.028096919792050312,7.549911569818614,0.8720962523039605,8005077.018303867,Si-12500cP,12500,640.4061614643094
si12500_t2_ml_min,7,0.0408619050213997,0.027877177257020713,7.663782178884615,0.9017260502574347,8125812.604058138,Si-12500cP,12500,650.0650083246511
si12500_t3_ml_min,1,0.03919888426549433,0.02502951548393519,7.852803179013397,0.8172308359017086,8326229.211623475,Si-12500cP,12500,666.098336929878
si12500_t3_ml_min,2,0.04551854959138777,0.026603234351488855,7.43510004273786,0.8458800926677368,7883343.788920658,Si-12500cP,12500,630.6675031136526
si12500_t3_ml_min,3,0.04462787223497171,0.02602397101938705,7.6483870041812185,0.8664603144353211,8109489.292442877,Si-12500cP,12500,648.7591433954301
si12500_t3_ml_min,4,0.044624840245185954,0.025460359440824275,7.869112649355928,0.891648006947657,8343521.939495036,Si-12500cP,12500,667.4817551596029
si12500_t3_ml_min,5,0.04174180708666939,0.023986610084116875,8.483975560342351,0.94202646139793,8995453.410885464,Si-12500cP,12500,719.6362728708372
si12500_t3_ml_min,6,0.038791231214624224,0.025750030179997118,7.947351275089193,0.8677669457838593,8426477.37798786,Si-12500cP,12500,674.1181902390288
