pump,liquid,known_viscosity_cP,cycle_number,A,B,tau_normalized,tau_physical,tau,A_error,B_error,tau_normalized_error,tau_physical_error,tau_error,r_squared,rmse,cycle_duration,cycle_amplitude,time_span_normalized,time_span_physical
2-Roller Pump,F50,50.0,1,-0.0054051948051947974,0.25685714285714245,0.2683251157457832,43.33450619294399,43.33450619294399,0.0033936564235338656,0.03409111363828226,0.017886759589175575,2.8887116736518554,2.8887116736518554,0.3890662864337169,0.012630083591467462,161.5,0.078,0.9690402476780186,156.5
2-Roller Pump,F50,50.0,2,-0.004320779220779201,0.22023376623376578,0.29333328349285054,46.19999215012396,46.19999215012396,0.0028704449385868703,0.02723950007120514,0.018648843170350905,2.937192799330268,2.937192799330268,0.3703182975673943,0.010891737016766732,157.5,0.08399999999999999,0.9682539682539683,152.5
2-Roller Pump,F50,50.0,3,-0.0027835497835497795,0.16887214102344586,0.3756051301143052,57.09197977737439,57.09197977737439,0.0018321626595575165,0.015033195145535427,0.019043062156388603,2.8945454477710677,2.8945454477710677,0.5196141324670637,0.007394400785076489,152.0,0.1,0.9671052631578947,147.0
2-Roller Pump,F50,50.0,4,-0.004044155844155838,0.1303282817140214,0.4589871214114312,72.97895230441756,72.97895230441756,0.0025161091444066185,0.018298954172478746,0.041929342722038465,6.666765492804116,6.666765492804116,0.47770084934573553,0.010973131151388848,159.0,0.114,0.9685534591194969,154.0
2-Roller Pump,F100,100.0,1,-0.00408701298701298,0.15123838416731533,0.43838511285908593,70.58000317031284,70.58000317031284,0.0023100347872271137,0.01724866402762569,0.03145881610208957,5.064869392436421,5.064869392436421,0.519500702753182,0.010016884351997919,161.0,0.095,0.968944099378882,156.0
2-Roller Pump,F100,100.0,2,-0.005223809523809516,0.17763887109177343,0.3566556055479699,59.383158323736986,59.383158323736986,0.0033244796742921694,0.027509580162398413,0.031165612854477207,5.189074540270455,5.189074540270455,0.3808032651540406,0.013821554672377756,166.5,0.094,0.96996996996997,161.5
2-Roller Pump,F100,100.0,3,-0.005476190476190468,0.22882841049944877,0.30582650996233296,49.696807868879105,49.696807868879105,0.0031183633614719763,0.028516173129589577,0.020046991272491568,3.25763608177988,3.25763608177988,0.40848754528737463,0.012194463348443865,162.5,0.078,0.9692307692307692,157.5
2-Roller Pump,F100,100.0,4,-0.0033519480519480474,0.1778443867600173,0.3847093976525592,59.437601937320395,59.437601937320395,0.002136587051681855,0.017239147212827186,0.021563424093899587,3.3315490225074864,3.3315490225074864,0.5188632328764351,0.008754528116397549,154.5,0.122,0.9676375404530745,149.5
2-Roller Pump,F100,100.0,5,-0.006190043290043281,0.17674006611857776,0.3597859186043177,59.18478361041026,59.18478361041026,0.003299740462214182,0.026961272031013356,0.03137033517393784,5.1604201361127755,5.1604201361127755,0.3839879065944962,0.013672197105192047,164.5,0.121,0.9696048632218845,159.5
2-Roller Pump,F100,100.0,6,-0.003587012987009464,0.16475507228005373,0.3969786696941503,62.92111914652282,62.92111914652282,0.0022599335012465417,0.017855954866159412,0.025396762607542755,4.025386873295527,4.025386873295527,0.5082050758714511,0.00946272259717619,158.5,0.078,0.9684542586750788,153.5
2-Roller Pump,F100,100.0,7,-0.005447186147186139,0.20220461927476777,0.30881416650025445,53.270443721293894,53.270443721293894,0.00347467004202172,0.03147497918266582,0.025430563430825556,4.386772191817409,4.386772191817409,0.37516847096394335,0.01403289296552144,172.5,0.092,0.9710144927536232,167.5
2-Roller Pump,F100,100.0,8,-0.005650649350649265,0.2687834216195589,0.26961340748686663,42.73372508666836,42.73372508666836,0.0032130567393261404,0.0322529724098078,0.016241832833479988,2.574330504106578,2.574330504106578,0.3573399271618162,0.011867642261483187,158.5,0.093,0.9684542586750788,153.5
2-Roller Pump,F200,200.0,1,-0.005152813852813846,0.19595775948475475,0.3355209801635045,56.703045647632266,56.703045647632266,0.0033583613447285576,0.028927572939521334,0.027061288478072036,4.573357752794174,4.573357752794174,0.3872579271055627,0.013798436861633788,169.0,0.096,0.9704142011834319,164.0
2-Roller Pump,F200,200.0,2,-0.005331168831168823,0.25763636363636216,0.27107320388257294,44.72707864062453,44.72707864062453,0.0036249708308417994,0.03624811859030901,0.019154870396989675,3.1605536155032965,3.1605536155032965,0.37120660688378626,0.013682241786221069,165.0,0.08499999999999999,0.9696969696969697,160.0
2-Roller Pump,F200,200.0,3,0.0008080679530849538,0.19825357733223714,0.33948063255436467,51.60105614826343,51.60105614826343,0.0021825489184135833,0.01954789659762955,0.017614611110551674,2.6774208888038546,2.6774208888038546,0.33414821352598123,0.008541678894869046,152.0,0.08399999999999999,0.9671052631578947,147.0
2-Roller Pump,F200,200.0,4,-0.005201298701298691,0.19565323756285885,0.3396174910107083,55.867077271261515,55.867077271261515,0.0030713789859392834,0.02626662687373777,0.02506712253176433,4.123541656475233,4.123541656475233,0.41061603859347673,0.012499997599853247,164.5,0.07500000000000001,0.9696048632218845,159.5
2-Roller Pump,F200,200.0,5,-0.005382251082251074,0.21944771609254718,0.3107475700747368,50.49648013714473,50.49648013714473,0.003239793671201707,0.029353887397380058,0.02196585798485061,3.569451922538224,3.569451922538224,0.3906689889189672,0.012733170241045845,162.5,0.08,0.9692307692307692,157.5
2-Roller Pump,F200,200.0,6,-0.005235930735930433,0.23503852708544182,0.2986222274358769,48.52611195833,48.52611195833,0.0030663825940772907,0.02855695576367984,0.018875041735634417,3.067194282040593,3.067194282040593,0.404123123554495,0.011894201807098388,162.5,0.079,0.9692307692307692,157.5
2-Roller Pump,F350,350.0,1,-0.005748917748917701,0.3749999999971969,0.3959765954745535,33.26203401986249,33.26203401986249,0.005999395865107579,0.048728858691958955,0.030623217190225364,2.5723502439789305,2.5723502439789305,0.5327083390812036,0.018322264540713822,84.0,0.14,0.9404761904761905,79.0
2-Roller Pump,F350,350.0,2,0.018989366030564257,0.26368831168831125,0.48676601560199445,37.480983201353574,37.480983201353574,0.0031571671118318465,0.026071965801592076,0.029316328599832783,2.2573573021871245,2.2573573021871245,0.5335682294566986,0.009725251447388271,77.0,0.139,0.935064935064935,72.0
2-Roller Pump,F350,350.0,3,-0.004982683982683973,0.34397402597402543,0.44450949436455295,36.00526904352879,36.00526904352879,0.004391089962839725,0.033801840610161976,0.027865016055537883,2.2570663004985687,2.2570663004985687,0.6480485865230144,0.013572513550615381,81.0,0.132,0.9382716049382716,76.0
2-Roller Pump,F350,350.0,4,-0.0037537343336814994,0.33179220779220725,0.4315281588626866,35.816837185602985,35.816837185602985,0.005480838215566951,0.04292132519904855,0.034777487627264084,2.886531473062919,2.886531473062919,0.5358059458829423,0.017020014788791647,83.0,0.134,0.9397590361445783,78.0
2-Roller Pump,F350,350.0,5,0.0065982868856144655,0.3074545454545449,0.46190680708389414,35.56682414545985,35.56682414545985,0.00396468123086229,0.0314940179786526,0.02957330251904939,2.277144293966803,2.277144293966803,0.5615239384792983,0.012062367692543428,77.0,0.14400000000000002,0.935064935064935,72.0
2-Roller Pump,F350,350.0,6,-0.004573160173160129,0.32763636349103537,0.4632655947839997,37.52451317750398,37.52451317750398,0.004196577433027605,0.03171459588526249,0.029325515084448663,2.375366721840342,2.375366721840342,0.6782093195919505,0.013104646832998317,81.0,0.14100000000000001,0.9382716049382716,76.0
2-Roller Pump,F350,350.0,7,-0.0040506493506493445,0.31820779220779166,0.46633703475796834,37.77329981539543,37.77329981539543,0.004219455268411281,0.03185920259027886,0.030637422577062135,2.481631228742033,2.481631228742033,0.6657942886636827,0.013195966948208841,81.0,0.14400000000000002,0.9382716049382716,76.0
2-Roller Pump,F350,350.0,8,-0.004298409592910611,0.3611948051948046,0.3923109519406752,32.75796448704638,32.75796448704638,0.006239688177993937,0.05119522912401101,0.03279663661661488,2.7385191574873424,2.7385191574873424,0.4853625814529079,0.018951915509628856,83.5,0.14100000000000001,0.9401197604790419,78.5
2-Roller Pump,F350,350.0,9,0.02374086421287153,0.21459740259740223,0.5366505402178439,41.32209159677398,41.32209159677398,0.003202294976053028,0.02649506028045901,0.041431113183340834,3.190195715117244,3.190195715117244,0.4674136251312301,0.01008215773003513,77.0,0.14,0.935064935064935,72.0
2-Roller Pump,F500,500.0,1,-0.004008658008657537,0.3223506493506444,0.4807641231583802,38.70151191424961,38.70151191424961,0.004666887169372612,0.034792753282614976,0.034728059878160855,2.7956088201919487,2.7956088201919487,0.6422839089723693,0.014656154137937746,80.5,0.136,0.937888198757764,75.5
2-Roller Pump,F500,500.0,2,-0.00524372294372293,0.35553246752666656,0.44693992447029557,35.755193957623646,35.755193957623646,0.004388725981132103,0.03369228384399441,0.02711776014733736,2.169420811786989,2.169420811786989,0.6658835729327675,0.01350082951464725,80.0,0.15000000000000002,0.9375,75.0
2-Roller Pump,F500,500.0,3,-0.004284415584415524,0.3330129870089522,0.4565947592150535,37.44077025563438,37.44077025563438,0.0043298196754574395,0.03298450769865408,0.02929256902536949,2.401990660080298,2.401990660080298,0.6582905887039732,0.01355593669643597,82.0,0.154,0.9390243902439024,77.0
2-Roller Pump,F500,500.0,4,0.0015923445175280609,0.3015584415584404,0.4847558786854582,38.05333647680847,38.05333647680847,0.004071256290844322,0.030962185438152025,0.032746706553556604,2.5706164644541936,2.5706164644541936,0.6155776082672256,0.012652163746437455,78.5,0.131,0.9363057324840764,73.5
2-Roller Pump,F500,500.0,5,-0.005114285714285403,0.35438961038960987,0.40180381539699406,34.35422621644299,34.35422621644299,0.006491212223658503,0.0523607078193666,0.035554299522813894,3.039892609200588,3.039892609200588,0.4828663828595252,0.020077927880422175,85.5,0.14500000000000002,0.9415204678362573,80.5
2-Roller Pump,F1000,1000.0,1,0.009067884895023604,0.35076623376623317,0.42338278221060344,34.505696750164184,34.505696750164184,0.005663272819951589,0.04706133574257916,0.033318205054382516,2.715433711932175,2.715433711932175,0.4877136081395419,0.017342921212248813,81.5,0.124,0.9386503067484663,76.5
2-Roller Pump,F1000,1000.0,2,0.015920993978789672,0.3087532467532463,0.47816301530620925,37.05763368623122,37.05763368623122,0.003786553022277178,0.030732912278655936,0.029318466154910364,2.272181127005553,2.272181127005553,0.5474169810515819,0.011653199762819613,77.5,0.14300000000000002,0.9354838709677419,72.5
2-Roller Pump,F1000,1000.0,3,-0.0021964324799178176,0.3460779220779215,0.45717903399531357,37.48868078761571,37.48868078761571,0.004989266104005472,0.03831002323929902,0.03249594625811016,2.664667593165033,2.664667593165033,0.5993887244924505,0.015623938941548772,82.0,0.14200000000000002,0.9390243902439024,77.0
2-Roller Pump,F1000,1000.0,4,0.00905149919528326,0.34525974025973977,0.4164237765791815,34.146749679492885,34.146749679492885,0.005911321550236474,0.04954761435274161,0.03467228705117771,2.843127538196572,2.843127538196572,0.4682439322245957,0.018079573498202918,82.0,0.126,0.9390243902439024,77.0
2-Roller Pump,F1000,1000.0,5,0.023290220851435353,0.2681688311688308,0.4998298912830081,38.48690162879162,38.48690162879162,0.0033595228044178875,0.027898153336176117,0.03171500029627455,2.44205502281314,2.44205502281314,0.5156077399666954,0.010411779627036767,77.0,0.132,0.935064935064935,72.0
2-Roller Pump,F5000,5000.0,1,0.03883227546554891,0.34842857142857087,0.6582706682781267,34.88834541874072,34.88834541874072,0.004951250508847086,0.03900137734104802,0.05515317706650506,2.923118384524768,2.923118384524768,0.6971976921038499,0.013426021961840904,53.0,0.14200000000000002,0.9056603773584906,48.0
2-Roller Pump,F5000,5000.0,2,0.033985002076253865,0.36219480519480385,0.6231689658756038,33.962708640220406,33.962708640220406,0.006069139509266249,0.047658572847706256,0.05982924855154146,3.2606940460590095,3.2606940460590095,0.6386441357311735,0.016532901383373856,54.5,0.138,0.908256880733945,49.5
2-Roller Pump,F5000,5000.0,3,0.04602557756580378,0.30916883116882166,0.664806256480431,35.23473159346285,35.23473159346285,0.005866474722271047,0.04792808599502774,0.0746581855594394,3.9568838346502884,3.9568838346502884,0.5619406545901484,0.015934925565605444,53.0,0.136,0.9056603773584906,48.0
2-Roller Pump,F5000,5000.0,4,0.042352127979270654,0.34329870129870066,0.5876720246995167,32.32196135847342,32.32196135847342,0.0068004104886932905,0.0563293658905269,0.06492252229053205,3.570738725979263,3.570738725979263,0.5088112917735295,0.018403896144985995,55.0,0.136,0.9090909090909091,50.0
2-Roller Pump,F5000,5000.0,5,0.0500215895515365,0.2998571428571333,0.6315157001117958,33.47033210592518,33.47033210592518,0.005755074046926115,0.048800964545508745,0.0701841401582359,3.719759428386503,3.719759428386503,0.5109388304952889,0.015494650070727695,53.0,0.125,0.9056603773584906,48.0
2-Roller Pump,F5000,5000.0,6,0.044009695049522145,0.2930779220779139,0.6657392448318572,35.28417997608843,35.28417997608843,0.005671995686133878,0.04640307783965053,0.07641928259571304,4.050221977572791,4.050221977572791,0.5525912949540457,0.01541175951410246,53.0,0.125,0.9056603773584906,48.0
2-Roller Pump,F12500,12500.0,1,0.04286939544168557,0.2812337662337658,0.8605254468098078,46.03811140432472,46.03811140432472,0.00417829740341692,0.031725107717290056,0.08714114817485198,4.662051427354581,4.662051427354581,0.7530948779652372,0.011877252426578609,53.5,0.105,0.9065420560747663,48.5
2-Roller Pump,F12500,12500.0,2,0.04553512836144158,0.275597402597402,0.8383813143389446,45.69178163147248,45.69178163147248,0.005130835930551202,0.03966152972993102,0.10445179916631518,5.692623054564177,5.692623054564177,0.6440221085214786,0.014673092771769262,54.5,0.099,0.908256880733945,49.5
2-Roller Pump,F12500,12500.0,3,0.05103930204262422,0.30477922077921976,0.7034092091744516,39.39091571376929,39.39091571376929,0.0075855830507147275,0.06172089168699093,0.1058422092009781,5.927163715254774,5.927163715254774,0.4419538477374043,0.021407408750450108,56.0,0.10300000000000001,0.9107142857142857,51.0
2-Roller Pump,F12500,12500.0,4,0.06813359186514217,0.3050779220779213,0.6096148903939623,34.13843386206189,34.13843386206189,0.008484580435583037,0.0768116751840558,0.09584842363872799,5.367511723768767,5.367511723768767,0.3457509119866755,0.023344061517099047,56.0,0.088,0.9107142857142857,51.0
2-Roller Pump,F12500,12500.0,5,0.07864783355948383,0.3896493506493485,0.42446928696929775,26.10486114861181,26.10486114861181,0.010310712846481029,0.10724591932482305,0.05645115852334659,3.471746249185815,3.471746249185815,0.4647867019938432,0.02748999732984143,61.5,0.16899999999999998,0.9186991869918699,56.5
3-Roller Pump,F50,50.0,1,-0.0024900432900432866,0.13053431843281801,0.4822453917606407,52.80587039779015,52.80587039779015,0.002638315876432131,0.019232330841779038,0.0475633029614766,5.208181674281688,5.208181674281688,0.5516572156129198,0.00967603851255155,109.5,0.204,0.954337899543379,104.5
3-Roller Pump,F50,50.0,2,-0.003559740259740255,0.11441423999132395,0.5106648633479021,56.173134968269224,56.173134968269224,0.002926765460953589,0.020497712169730686,0.06461527569302727,7.107680326233,7.107680326233,0.5034167639109729,0.010905708327227058,110.0,0.204,0.9545454545454546,105.0
3-Roller Pump,F50,50.0,3,-0.002741991341991338,0.10328949946930603,0.5255460023898165,57.28451426049,57.28451426049,0.0027299309182746514,0.019047502794044047,0.06935987419598064,7.560226287361889,7.560226287361889,0.478769548440809,0.010186263687173668,109.0,0.204,0.9541284403669725,104.0
3-Roller Pump,F50,50.0,4,-0.0031619047619047573,0.10473356291828222,0.523210893513071,57.55319828643781,57.55319828643781,0.0026525289253885253,0.018394957886343606,0.0658741858204597,7.246160440250567,7.246160440250567,0.4844348693226973,0.009937338212886072,110.0,0.217,0.9545454545454546,105.0
3-Roller Pump,F50,50.0,5,-0.003708658008658004,0.10825277082742109,0.5236537569162043,57.863740139240576,57.863740139240576,0.002825748096965643,0.01953504803531568,0.06812668613878477,7.527998818335717,7.527998818335717,0.49998815733115365,0.010609557486733118,110.5,0.219,0.9547511312217195,105.5
3-Roller Pump,F100,100.0,1,-0.0025493506493506454,0.13439830501657088,0.4620605269846981,51.75077902228618,51.75077902228618,0.0027612214634518523,0.02052110502762018,0.04586769374280632,5.137181699194308,5.137181699194308,0.5331324056501813,0.010129935302112284,112.0,0.192,0.9553571428571429,107.0
3-Roller Pump,F100,100.0,2,-0.002977056277056273,0.12917716837508075,0.47419688696976886,53.11005134061411,53.11005134061411,0.002893334590697248,0.021103426032419555,0.05152253464602673,5.770523880354993,5.770523880354993,0.499341582329059,0.010689348162830502,112.0,0.191,0.9553571428571429,107.0
3-Roller Pump,F100,100.0,3,-0.002448484848484845,0.12169883354631031,0.49344657717205853,54.772570066098496,54.772570066098496,0.0029144387972204044,0.020963626776194122,0.05777133357567947,6.412618026900422,6.412618026900422,0.5110900145769839,0.010816521442616576,111.0,0.216,0.954954954954955,106.0
3-Roller Pump,F100,100.0,4,-0.0023077922077922044,0.11980119419577266,0.4918867781274185,54.84537576120716,54.84537576120716,0.0024152434406783958,0.01746386320360483,0.04857039654687529,5.415599214976595,5.415599214976595,0.5397791334356346,0.008976102167922481,111.5,0.216,0.9551569506726457,106.5
3-Roller Pump,F100,100.0,5,-0.0027536796536796497,0.109744031495517,0.5212940621488636,58.64558199174716,58.64558199174716,0.002821372377463475,0.019760148852431596,0.0666255769905778,7.495377411440003,7.495377411440003,0.49903670683081147,0.010677747161841106,112.5,0.183,0.9555555555555556,107.5
3-Roller Pump,F100,100.0,6,-0.002481818181818178,0.11377624091834526,0.49708507808773267,54.92790112869446,54.92790112869446,0.002875536001913354,0.02063971872850529,0.061703080850802124,6.818190434013634,6.818190434013634,0.4825386005025537,0.010663941605541783,110.5,0.183,0.9547511312217195,105.5
3-Roller Pump,F200,200.0,1,-0.002385281385281382,0.1544527663630502,0.44702420911151125,50.737247734156526,50.737247734156526,0.0026597490054180895,0.020156325353921586,0.03693901503378885,4.1925782063350345,4.1925782063350345,0.5663753197967201,0.009739442377391277,113.5,0.17300000000000001,0.9559471365638766,108.5
3-Roller Pump,F200,200.0,2,-0.0025632034632034595,0.14536929277372274,0.4558867059076777,50.83136770870607,50.83136770870607,0.0029463105092834285,0.02207208910823504,0.0445486761511026,4.967177390847939,4.967177390847939,0.5335540630016927,0.010748603806805453,111.5,0.186,0.9551569506726457,106.5
3-Roller Pump,F200,200.0,3,-0.0031870129870129825,0.13515760368306304,0.48192095991928363,53.25226607108084,53.25226607108084,0.0028111849703568934,0.02034177456942952,0.04874916371069692,5.38678259003201,5.38678259003201,0.5370112587020108,0.010349208748261498,110.5,0.186,0.9547511312217195,105.5
3-Roller Pump,F200,200.0,4,-0.003329870129870124,0.1285777793783524,0.48102661658627327,54.59652098254202,54.59652098254202,0.0028920539077034275,0.02085809908931013,0.052528174208322946,5.961947772644654,5.961947772644654,0.5203321709551838,0.010790726492307818,113.5,0.184,0.9559471365638766,108.5
3-Roller Pump,F200,200.0,5,-0.002726406926406922,0.12020259380001393,0.4994014361473943,56.18266156658186,56.18266156658186,0.0028172657585304084,0.02014546439959794,0.05751426749204476,6.470355092855035,6.470355092855035,0.4982704673783507,0.010555425808488842,112.5,0.184,0.9555555555555556,107.5
3-Roller Pump,F200,200.0,6,-0.0027623376623376584,0.11501800801849126,0.5201939042548643,57.74152337228994,57.74152337228994,0.0027406286861691278,0.019249726398301827,0.061636721217709675,6.841676055165774,6.841676055165774,0.5107582453302217,0.010296300731360768,111.0,0.171,0.954954954954955,106.0
3-Roller Pump,F200,200.0,7,-0.004179653679653673,0.13252101436583752,0.46693425283401674,52.53010344382688,52.53010344382688,0.0026178631012402087,0.01904550154992369,0.04461398961958329,5.019073832203119,5.019073832203119,0.5701858161715094,0.009648630981293635,112.5,0.17200000000000001,0.9555555555555556,107.5
3-Roller Pump,F350,350.0,1,-0.004150216450216442,0.1694510130106743,0.45420026300083544,50.18912906159232,50.18912906159232,0.002850432295516603,0.021202734189630312,0.036832927019131705,4.0700384356140535,4.0700384356140535,0.5982843573521212,0.010342206208597429,110.5,0.25,0.9547511312217195,105.5
3-Roller Pump,F350,350.0,2,-0.003457575757575752,0.16156307737495423,0.4438746578245772,49.713961676352646,49.713961676352646,0.002833495028967881,0.021318545317790434,0.03727544678298411,4.1748500396942205,4.1748500396942205,0.587222696672224,0.010295256506725543,112.0,0.162,0.9553571428571429,107.0
3-Roller Pump,F350,350.0,3,-0.002609090909090905,0.14195975420914747,0.4755178713174257,53.020242651892964,53.020242651892964,0.002864449990592836,0.020976414825617868,0.046502840317689184,5.185066695422344,5.185066695422344,0.5176557636779088,0.01056142872651919,111.5,0.16,0.9551569506726457,106.5
3-Roller Pump,F350,350.0,4,-0.003687878787878782,0.14251388222382652,0.4758901079936473,52.585856933298025,52.585856933298025,0.002893733044720268,0.020994574023164358,0.0469259854935904,5.185321397041739,5.185321397041739,0.5594566740164921,0.010628353209412392,110.5,0.153,0.9547511312217195,105.5
3-Roller Pump,F350,350.0,5,-0.004165800865800859,0.1418075039025382,0.4690115432448313,52.5292928434211,52.5292928434211,0.002775644576299893,0.020187833686999737,0.04446336781137066,4.979897194873514,4.979897194873514,0.5627887061896856,0.010225767125551757,112.0,0.154,0.9553571428571429,107.0
3-Roller Pump,F350,350.0,6,-0.004074891774891768,0.13580413309441616,0.470503578401129,52.931652570127014,52.931652570127014,0.002994675290123877,0.02171402733392201,0.05023443908835182,5.65137439743958,5.65137439743958,0.5341741901592624,0.011067118381665703,112.5,0.151,0.9555555555555556,107.5
3-Roller Pump,F500,500.0,1,-0.004332034632034625,0.13891120165715798,0.4668956524384347,51.35852176822782,51.35852176822782,0.002831847078638677,0.0206223559406696,0.046136377640777965,5.075001540485576,5.075001540485576,0.5630660159232639,0.010323258312865112,110.0,0.139,0.9545454545454546,105.0
3-Roller Pump,F500,500.0,2,-0.0035116883116883056,0.14089017816019628,0.4563272465187745,50.652324363583965,50.652324363583965,0.0026180456998690714,0.019359758930587657,0.04078197418267611,4.526799134277048,4.526799134277048,0.5639205459430023,0.009533771584570685,111.0,0.138,0.954954954954955,106.0
3-Roller Pump,F500,500.0,3,-0.003631168831168825,0.13576023833494436,0.4511404022535624,50.97886545465255,50.97886545465255,0.0031954683779163505,0.023756602970342457,0.05102714584057718,5.766067479985221,5.766067479985221,0.4851624826755091,0.011702250329339116,113.0,0.14,0.9557522123893806,108.0
3-Roller Pump,F500,500.0,4,-0.0035471861471861417,0.13929823344296574,0.4617087051864843,50.09539451273355,50.09539451273355,0.0028576940907559132,0.021023291340880098,0.04574539959674936,4.963375856247305,4.963375856247305,0.5558842433110789,0.010322571563257048,108.5,0.14,0.9539170506912442,103.5
3-Roller Pump,F500,500.0,5,-0.003425974025974021,0.1333518122363771,0.4694972373178075,52.58369057959444,52.58369057959444,0.0027605632616275067,0.020158231014306024,0.04706523558189593,5.271306385172345,5.271306385172345,0.555455218911862,0.010173670561717913,112.0,0.133,0.9553571428571429,107.0
3-Roller Pump,F500,500.0,6,-0.0049069264069263995,0.13999937415260474,0.4598857135601184,51.27725706195321,51.27725706195321,0.0029561612917748024,0.021556366994210967,0.04686995040408405,5.225999470055371,5.225999470055371,0.5450864470842485,0.010806395794579197,111.5,0.137,0.9551569506726457,106.5
3-Roller Pump,F500,500.0,7,-0.0031233766233766183,0.13458377308197333,0.4642439185727757,51.06683104300533,51.06683104300533,0.0029076884321843667,0.021437350008441845,0.048553134125292705,5.340844753782197,5.340844753782197,0.5364831156181075,0.01058854412972024,110.0,0.137,0.9545454545454546,105.0
3-Roller Pump,F1000,1000.0,1,-0.017886147186147155,0.25350081211205644,0.37785615881715034,40.997393231660816,40.997393231660816,0.00632020003887543,0.04805216952886361,0.04476341119693989,4.856830114867978,4.856830114867978,0.49132792551638127,0.021641018729651747,108.5,0.39899999999999997,0.9539170506912442,103.5
3-Roller Pump,F1000,1000.0,2,-0.00449696969696969,0.16422156845136096,0.4665907667622393,50.85839357708409,50.85839357708409,0.0030821537419274702,0.02256882303077493,0.04246859000101098,4.629076310110197,4.629076310110197,0.593953422784139,0.011183685339166487,109.0,0.126,0.9541284403669725,104.0
3-Roller Pump,F1000,1000.0,3,-0.00455714285714285,0.1652206143553837,0.44997958882504474,49.94773435957997,49.94773435957997,0.0032231241205167662,0.023976294161773614,0.04223254590883357,4.687812595880526,4.687812595880526,0.5602792752442655,0.011692235239529334,111.0,0.125,0.954954954954955,106.0
3-Roller Pump,F1000,1000.0,4,-0.004258441558441551,0.1616764753742056,0.44587738828409956,49.7153287936771,49.7153287936771,0.0035285608656427975,0.026315988135141515,0.04661342378930032,5.197396752506986,5.197396752506986,0.5151179947156812,0.01280348363799589,111.5,0.122,0.9551569506726457,106.5
3-Roller Pump,F1000,1000.0,5,-0.0044138528138528066,0.16109340940374764,0.45448778556944824,49.311924734285135,49.311924734285135,0.0031878051148562696,0.023627573742165755,0.04341001766778357,4.7099869169545165,4.7099869169545165,0.5686275887542995,0.011462907787676849,108.5,0.121,0.9539170506912442,103.5
3-Roller Pump,F1000,1000.0,6,-0.004077489177489171,0.15562897418108296,0.45697877053583585,50.953132914745694,50.953132914745694,0.0029935863609678076,0.02211819592789051,0.04237419096663204,4.7247222927794725,4.7247222927794725,0.5739265245389287,0.010933650120998097,111.5,0.117,0.9551569506726457,106.5
3-Roller Pump,F5000,5000.0,1,-0.029891774891774844,0.2815150166372709,0.5312343593556418,57.10769363073149,57.10769363073149,0.015186836363664427,0.09466811452649622,0.14342941055638148,15.41866163481101,15.41866163481101,0.37394404220817035,0.05644764861809639,107.5,0.439,0.9534883720930233,102.5
3-Roller Pump,F5000,5000.0,2,-0.0038952380952380888,0.2794935064935052,0.45951202283766124,51.005834534980394,51.005834534980394,0.004147696541628698,0.031115088775742247,0.032893291996496564,3.6511554116111187,3.6511554116111187,0.6366897218366602,0.015124578072922308,111.0,0.108,0.954954954954955,106.0
3-Roller Pump,F5000,5000.0,3,-0.0041038961038960976,0.2873116883116879,0.4373176481065056,48.76091776387537,48.76091776387537,0.0046482818764333605,0.03566279454912757,0.0338642689723387,3.775865990415765,3.775865990415765,0.5964649055802695,0.01677520368912049,111.5,0.10300000000000001,0.9551569506726457,106.5
3-Roller Pump,F5000,5000.0,4,-0.003928138528138522,0.27113367625936663,0.4522093735510537,49.7430310906159,49.7430310906159,0.004255918809753244,0.03215177455961713,0.03418993536282211,3.760892889910432,3.760892889910432,0.6229867962004618,0.01538783819552693,110.0,0.1,0.9545454545454546,105.0
3-Roller Pump,F5000,5000.0,5,-0.003801731601731596,0.2649610389566354,0.4338696205941197,48.81033231683847,48.81033231683847,0.0046890130229144174,0.03609936257079939,0.0367181864253509,4.130795972851976,4.130795972851976,0.5615108618404219,0.016964535367806694,112.5,0.097,0.9555555555555556,107.5
3-Roller Pump,F5000,5000.0,6,-0.0037735930735930674,0.25118451937472974,0.4523192411093362,49.75511652202698,49.75511652202698,0.003977446556917359,0.030015615473499832,0.034518646464088434,3.797051111049728,3.797051111049728,0.6239736272238828,0.014385491050209259,110.0,0.096,0.9545454545454546,105.0
3-Roller Pump,F5000,5000.0,7,-0.0036047619047618992,0.20787127415955844,0.5065746205426802,55.97649556996616,55.97649556996616,0.0039514356238775205,0.028300382207279113,0.04754668760589828,5.25390898045176,5.25390898045176,0.6003425847837276,0.014720920190189953,110.5,0.09,0.9547511312217195,105.5
3-Roller Pump,F5000,5000.0,8,-0.0037363636363633586,0.2206594081270781,0.47288149538668034,52.726286735614856,52.726286735614856,0.0037183396832263477,0.027431720511760325,0.03866659480763883,4.311325321051729,4.311325321051729,0.618816043118817,0.013686418000488048,111.5,0.087,0.9551569506726457,106.5
3-Roller Pump,F5000,5000.0,9,-0.0032645021645011665,0.21177530940140854,0.47425887496521746,52.87986455862175,52.87986455862175,0.0036362259571362425,0.02684432568187178,0.039551821921794836,4.410028144280124,4.410028144280124,0.6087242980895686,0.01339467877098249,111.5,0.08399999999999999,0.9551569506726457,106.5
3-Roller Pump,F12500,12500.0,1,-0.0019489177489177458,0.16110389610389564,0.4609458746759296,50.934519151690225,50.934519151690225,0.002864530671175222,0.02151339667995246,0.039617717175829494,4.377757747929159,4.377757747929159,0.5613984890639395,0.010432443642068587,110.5,0.054000000000000006,0.9547511312217195,105.5
3-Roller Pump,F12500,12500.0,2,-0.0015519480519480473,0.14910389610389457,0.48896665327445943,53.541848533553306,53.541848533553306,0.0027276552070477555,0.02001239934592404,0.043789942519971155,4.794998705936841,4.794998705936841,0.5527443017543312,0.010030676998979847,109.5,0.052000000000000005,0.954337899543379,104.5
3-Roller Pump,F12500,12500.0,3,-0.001593939393939392,0.15009090909089393,0.4768250526537387,53.16599337089187,53.16599337089187,0.002823897539298068,0.020908555521649445,0.04362561981445942,4.864256609312226,4.864256609312226,0.5356360516770377,0.01042120104683873,111.5,0.052000000000000005,0.9551569506726457,106.5
3-Roller Pump,F12500,12500.0,4,-0.0016121212121212097,0.1505844155844092,0.48223589473795236,53.04594842117476,53.04594842117476,0.0026204323091627364,0.019327689812228446,0.04095299702572823,4.504829672830105,4.504829672830105,0.5690115755783336,0.009627901436893063,110.0,0.051000000000000004,0.9545454545454546,105.0
3-Roller Pump,F12500,12500.0,5,-0.0016402597402597379,0.15157142857124997,0.4750479124003078,51.78022245163355,51.78022245163355,0.0027638284799498002,0.02051610559929452,0.04216186848945371,4.595643665350455,4.595643665350455,0.5475435925293318,0.010073656241677234,109.0,0.052000000000000005,0.9541284403669725,104.0
3-Roller Pump,F12500,12500.0,6,-0.0018151515151515123,0.15099999999919714,0.47286881321280005,52.015569453408006,52.015569453408006,0.002634672424375398,0.019570141526854334,0.04007273282978914,4.4080006112768055,4.4080006112768055,0.5583038586270077,0.009632319990567179,110.0,0.05,0.9545454545454546,105.0
4-Roller Pump,CF955,1.0,1,-0.0026562770562770523,0.12546729872166595,0.5999416432088924,48.29530227831584,48.29530227831584,0.004330448938560575,0.02923484118971925,0.11088551972431619,8.926284337807454,8.926284337807454,0.49542489900634656,0.014283589949873266,80.5,0.248,0.937888198757764,75.5
4-Roller Pump,CF955,1.0,2,-0.00332467532467532,0.13419735054458404,0.565945552025983,45.84158971410462,45.84158971410462,0.004285435018885006,0.02937340036899751,0.09452098419487505,7.656199719784879,7.656199719784879,0.4891212370107061,0.014010768438533962,81.0,0.218,0.9382716049382716,76.0
4-Roller Pump,CF955,1.0,3,-0.002869264069264065,0.1398020737187949,0.5547095689656447,44.6541203017344,44.6541203017344,0.0043451849529992466,0.030172341729780373,0.08958454483200361,7.211555858976291,7.211555858976291,0.5083682307830171,0.01410255373057771,80.5,0.21999999999999997,0.937888198757764,75.5
4-Roller Pump,CF955,1.0,4,-0.0029216450216450174,0.1330431917494666,0.5838404978232277,46.4153195769466,46.4153195769466,0.004263099160049275,0.02909509797567031,0.09942719423583549,7.904461941748921,7.904461941748921,0.508331233795306,0.013892532142489884,79.5,0.21200000000000002,0.9371069182389937,74.5
4-Roller Pump,CF955,1.0,5,-0.0029324675324675278,0.1227297433478224,0.6365128108971881,51.55753768267224,51.55753768267224,0.0042830485250356905,0.02828463622682419,0.12204211518390029,9.885411329895923,9.885411329895923,0.4835214627490254,0.014332635812742394,81.0,0.23199999999999998,0.9382716049382716,76.0
4-Roller Pump,CF955,1.0,6,-0.002741991341991338,0.1296405140336243,0.5870627855132127,47.84561701932683,47.84561701932683,0.004250432908567979,0.028875677088113103,0.10196387294646535,8.310055645136925,8.310055645136925,0.4859834752068044,0.014043650527666478,81.5,0.232,0.9386503067484663,76.5
4-Roller Pump,CF955,1.0,7,-0.003389610389610385,0.1463585744500308,0.5515648667289037,43.57362447158339,43.57362447158339,0.004485193208382944,0.031143427120703292,0.08786828213198727,6.9415942884269946,6.9415942884269946,0.5040739056979116,0.014404054565033885,79.0,0.23399999999999999,0.9367088607594937,74.0
4-Roller Pump,CF955,1.0,8,-0.0032878787878787836,0.1263911463948346,0.6060327114201836,49.08864962503487,49.08864962503487,0.004477738258668554,0.02991540051631248,0.11526101566182081,9.336142268607485,9.336142268607485,0.46689793920919076,0.014843262830924263,81.0,0.21300000000000002,0.9382716049382716,76.0
4-Roller Pump,CF955,1.0,9,-0.0028735930735930694,0.13801908443605787,0.5679464545070968,45.435716360567746,45.435716360567746,0.00444170831552924,0.030608607662092835,0.0959673054388952,7.677384435111616,7.677384435111616,0.5005925711119925,0.014442929108533738,80.0,0.21000000000000002,0.9375,75.0
4-Roller Pump,F50,50.0,1,-0.0015437229437229416,0.18533766233700918,0.5105032409347462,40.074504413377575,40.074504413377575,0.0032628429476624886,0.023815377394176298,0.04566253989110333,3.5845093814516114,3.5845093814516114,0.6370131226037756,0.0102707532791957,78.5,0.195,0.9363057324840764,73.5
4-Roller Pump,F50,50.0,2,-0.002867099567099417,0.18059618083289003,0.510491109530363,41.86027098148977,41.86027098148977,0.0036548355776975724,0.0264054188089112,0.052338936805697726,4.291792818067213,4.291792818067213,0.5521730001052303,0.011755138385569703,82.0,0.16999999999999998,0.9390243902439024,77.0
4-Roller Pump,F50,50.0,3,-0.0023593073593073505,0.18320434376844216,0.5009097020501796,39.57186646196419,39.57186646196419,0.0035932320250786592,0.02633659616205023,0.04970821187930849,3.9269487384653705,3.9269487384653705,0.5982231219319857,0.01128910683062315,79.0,0.172,0.9367088607594937,74.0
4-Roller Pump,F50,50.0,4,-0.0016021645021644998,0.17515522983912293,0.5128229794417457,41.5386613347814,41.5386613347814,0.0035975670982355246,0.026198170056559316,0.05351014335644634,4.334321611872154,4.334321611872154,0.5698679619260776,0.011509405651683182,81.0,0.187,0.9382716049382716,76.0
4-Roller Pump,F50,50.0,5,-0.002484415584415521,0.1767239748160968,0.5162879298272179,41.30303438617744,41.30303438617744,0.003540699724124698,0.02556203076646383,0.05270991138948734,4.216792911158987,4.216792911158987,0.5657298798240655,0.011275070518283145,80.0,0.19,0.9375,75.0
4-Roller Pump,F50,50.0,6,-0.0013316017316017297,0.17029870129870103,0.5268892181073905,42.94147127575233,42.94147127575233,0.0033488403973719297,0.024125630255233864,0.052975406181519136,4.31749560379381,4.31749560379381,0.5973369405992351,0.010816044612260777,81.5,0.175,0.9386503067484663,76.5
4-Roller Pump,F50,50.0,7,-0.002339393939393566,0.19275072057381515,0.49121003246626904,38.55998754860212,38.55998754860212,0.003552730728605155,0.026274805973810256,0.04560477199094048,3.5799746012888276,3.5799746012888276,0.6155143003498469,0.011079213886087612,78.5,0.193,0.9363057324840764,73.5
4-Roller Pump,F100,100.0,1,-0.0016688311688311667,0.1901298701298691,0.5073258068656716,40.83972745268657,40.83972745268657,0.003444946177478146,0.025219730105061216,0.046586677111111176,3.7502275074444498,3.7502275074444498,0.6067249039806751,0.010959648794127775,80.5,0.19,0.937888198757764,75.5
4-Roller Pump,F100,100.0,2,-0.0028597402597401733,0.2178156299147465,0.4575611705441609,36.83367422880495,36.83367422880495,0.003569633677562448,0.027145549997148927,0.03708508448361001,2.985349300930606,2.985349300930606,0.6154388240610813,0.011087066459355595,80.5,0.189,0.937888198757764,75.5
4-Roller Pump,F100,100.0,3,-0.0011510822510822495,0.17032467532467502,0.5377467336372628,43.288612057799654,43.288612057799654,0.0031696716538183235,0.022666768429591515,0.051478734156875955,4.144038099628514,4.144038099628514,0.6099645884880641,0.010219959308845904,80.5,0.179,0.937888198757764,75.5
4-Roller Pump,F100,100.0,4,-0.0015147186147186126,0.17863636362264879,0.5302023861716162,42.15108970064349,42.15108970064349,0.003218173641905121,0.023123916583083902,0.04902913278692713,3.897816056560707,3.897816056560707,0.6295706497276667,0.010280122602599208,79.5,0.177,0.9371069182389937,74.5
4-Roller Pump,F100,100.0,5,-0.0014463203463203444,0.17931168821706348,0.5160613112401873,41.80096621045517,41.80096621045517,0.0033040124404360664,0.02405114476637438,0.048383954665708995,3.9191003279224286,3.9191003279224286,0.5803433772039794,0.0105800006718806,81.0,0.16699999999999998,0.9382716049382716,76.0
4-Roller Pump,F100,100.0,6,-0.0014649350649350629,0.17731168825911184,0.5336482861098496,42.42503874573304,42.42503874573304,0.0032866178208100978,0.023579422755186562,0.050913184083056326,4.047598134602978,4.047598134602978,0.6364293954189568,0.010512291448203709,79.5,0.185,0.9371069182389937,74.5
4-Roller Pump,F100,100.0,7,-0.0017939393939393913,0.18694832814403514,0.5015387402048271,40.373868586488584,40.373868586488584,0.003504002900584484,0.025653976623094262,0.047308255191843944,3.8083145429434375,3.8083145429434375,0.553029378391137,0.01112010188582903,80.5,0.185,0.937888198757764,75.5
4-Roller Pump,F100,100.0,8,-0.0015316017316017296,0.18696103895956437,0.5053262457202602,40.42609965762082,40.42609965762082,0.003229766118267152,0.023650915359284975,0.044134355182372645,3.5307484145898114,3.5307484145898114,0.6247833571677017,0.010239888146391936,80.0,0.181,0.9375,75.0
4-Roller Pump,F200,200.0,1,-0.0019974025974025945,0.21879220779220745,0.49469012579230265,39.32786500048806,39.32786500048806,0.0036442786569293893,0.02686615449321581,0.04137697677557322,3.2894696536580708,3.2894696536580708,0.6157364279973954,0.011458912015269093,79.5,0.222,0.9371069182389937,74.5
4-Roller Pump,F200,200.0,2,-0.0014242424242424223,0.19345454543256566,0.5163827337042196,41.56881006318968,41.56881006318968,0.0034662377723873664,0.025180793332543652,0.04703784829559269,3.7865467877952117,3.7865467877952117,0.6247125842203053,0.011077622683503945,80.5,0.172,0.937888198757764,75.5
4-Roller Pump,F200,200.0,3,-0.0015337662337662316,0.19590909090801042,0.4971430189598386,40.268584535746925,40.268584535746925,0.0034934679671688507,0.025722048919173925,0.04447783506635593,3.60270464037483,3.60270464037483,0.6145644980638729,0.011097311857082423,81.0,0.159,0.9382716049382716,76.0
4-Roller Pump,F200,200.0,4,-0.0013796536796536777,0.1868831168831166,0.5171563594258176,41.1139305743525,41.1139305743525,0.0035857138083557993,0.026116690341011536,0.05062764690629769,4.024897929050666,4.024897929050666,0.5996117598082078,0.011383159096452022,79.5,0.157,0.9371069182389937,74.5
4-Roller Pump,F200,200.0,5,-0.001285714285714284,0.1856103896103893,0.5210298120554642,41.682384964437134,41.682384964437134,0.0034235366436605064,0.024865556345972466,0.049112770800897924,3.929021664071834,3.929021664071834,0.6253405445177769,0.010921295351969656,80.0,0.182,0.9375,75.0
4-Roller Pump,F200,200.0,6,-0.0014727272727272705,0.18375324675324645,0.5131761773414508,41.56727036465752,41.56727036465752,0.003476666802569907,0.025297369163716863,0.04925579547251621,3.9897194332738133,3.9897194332738133,0.5811162424304865,0.011129845007069667,81.0,0.161,0.9382716049382716,76.0
4-Roller Pump,F200,200.0,7,-0.0016670995670995648,0.18811688311688238,0.5052192838393549,40.41754270714839,40.41754270714839,0.0030889539079184177,0.02262454373950277,0.041982481300489746,3.35859850403918,3.35859850403918,0.6558072192182595,0.009791854023445375,80.0,0.159,0.9375,75.0
4-Roller Pump,F200,200.0,8,-0.001764069264069262,0.18923376623376592,0.507723193091373,40.61785544730984,40.61785544730984,0.003446817031626653,0.025182415550647586,0.046869005484242804,3.7495204387394243,3.7495204387394243,0.6143628661938986,0.01093822267746731,80.0,0.17099999999999999,0.9375,75.0
4-Roller Pump,F200,200.0,9,-0.0014212121212121192,0.181272727272727,0.5144830069448083,41.15864055558467,41.15864055558467,0.003228648948336423,0.0234774811839027,0.046553822214688824,3.724305777175106,3.724305777175106,0.6151937746793665,0.010277729829790931,80.0,0.173,0.9375,75.0
4-Roller Pump,F350,350.0,1,-0.002845887445887442,0.11817307292414729,0.46128089689533475,36.90247175162678,36.90247175162678,0.004467896280394324,0.03340371019494011,0.08645608580898756,6.916486864719005,6.916486864719005,0.3960579510605644,0.013854800151431283,80.0,0.187,0.9375,75.0
4-Roller Pump,F350,350.0,2,-0.0035969696969696905,0.12529889565450802,0.46089468659486016,36.410680240993955,36.410680240993955,0.004687230594859764,0.03485124042806636,0.08555982267328945,6.759225991189866,6.759225991189866,0.4150903980465406,0.01444265391496693,79.0,0.168,0.9367088607594937,74.0
4-Roller Pump,F350,350.0,3,-0.004072294372294365,0.10966607668080532,0.49004178930427317,39.44836403899399,39.44836403899399,0.005026882094511074,0.035843869311402245,0.11232920452587122,9.042500964332634,9.042500964332634,0.35033244866579216,0.01586192261123651,80.5,0.178,0.937888198757764,75.5
4-Roller Pump,F350,350.0,4,-0.003580519480519475,0.12260074816350103,0.46191398851994214,36.953119081595375,36.953119081595375,0.004511649093814398,0.033364089924883565,0.084067704330653,6.72541634645224,6.72541634645224,0.419102061314123,0.014005979293553865,80.0,0.194,0.9375,75.0
4-Roller Pump,F350,350.0,5,-0.004167099567099559,0.11964753659786297,0.4776984383578794,37.73817663027247,37.73817663027247,0.004866767982266001,0.03531006777225612,0.0971364745621145,7.673781490407045,7.673781490407045,0.39314376066853896,0.015130030861118996,79.0,0.194,0.9367088607594937,74.0
4-Roller Pump,F350,350.0,6,-0.004172727272727266,0.11574864206429679,0.4879960793120965,39.03968634496772,39.03968634496772,0.0048050878802041565,0.03444786551781242,0.10159713432404699,8.127770745923758,8.127770745923758,0.404635044886999,0.01511130529400756,80.0,0.185,0.9375,75.0
4-Roller Pump,F350,350.0,7,-0.003911255411255405,0.1131280314927509,0.46651155461883936,37.78743592412599,37.78743592412599,0.005104399088552275,0.03730359316899233,0.10422722974527364,8.442405609367166,8.442405609367166,0.3602617592520728,0.0159829949771898,81.0,0.182,0.9382716049382716,76.0
4-Roller Pump,F350,350.0,8,-0.0034367965367965323,0.11467908436563026,0.47700861765384667,37.92218510348081,37.92218510348081,0.004898918283464118,0.03579434873084146,0.1017820862405057,8.091675856120204,8.091675856120204,0.3757329799188892,0.015271890384071332,79.5,0.174,0.9371069182389937,74.5
4-Roller Pump,F350,350.0,9,-0.0033969696969696926,0.11427894763963702,0.46493053154444464,37.42690778932779,37.42690778932779,0.004858179618712344,0.0357667838135812,0.09770169773602756,7.864986667750219,7.864986667750219,0.37719861892888096,0.015146783774685165,80.5,0.194,0.937888198757764,75.5
4-Roller Pump,F500,500.0,1,-0.004042424242424235,0.15239837902418585,0.43742797834494296,34.11938231090555,34.11938231090555,0.005506168066834249,0.04207578426306826,0.07780298155741487,6.06863256147836,6.06863256147836,0.41297161272767546,0.016640258501166603,78.0,0.257,0.9358974358974359,73.0
4-Roller Pump,F500,500.0,2,-0.0045160173160173085,0.13457360924053466,0.46583342735050476,37.03375747436513,37.03375747436513,0.005215046727181487,0.038280493155599296,0.08966484454679158,7.12835514146993,7.12835514146993,0.4149369550863067,0.016169592741776574,79.5,0.184,0.9371069182389937,74.5
4-Roller Pump,F500,500.0,3,-0.003966666666666661,0.1377892591034886,0.4446782774776075,35.5742621982086,35.5742621982086,0.005349295657470719,0.04030288250078887,0.08490464698255751,6.792371758604601,6.792371758604601,0.38561836356978396,0.016452317204043693,80.0,0.185,0.9375,75.0
4-Roller Pump,F500,500.0,4,-0.004170129870129864,0.14009498113942506,0.43687025462435314,34.73118524263607,34.73118524263607,0.005066054248508218,0.038406221743193775,0.07745726933368974,6.157852912028334,6.157852912028334,0.40111074380212186,0.015464622977690573,79.5,0.185,0.9371069182389937,74.5
4-Roller Pump,F500,500.0,5,-0.003938528138528132,0.1380406125269012,0.4474538907885938,35.572584317693206,35.572584317693206,0.0050675383602966405,0.03803898886514677,0.08067165813105329,6.413396821418736,6.413396821418736,0.41006241698799684,0.01554675136147783,79.5,0.186,0.9371069182389937,74.5
4-Roller Pump,F500,500.0,6,-0.004664935064935058,0.14540380544488063,0.43267381804592464,33.96489471660509,33.96489471660509,0.004873697299234117,0.03701732716536276,0.07109871915608293,5.58124945375251,5.58124945375251,0.4454929742892546,0.014748416313419936,78.5,0.188,0.9363057324840764,73.5
4-Roller Pump,F500,500.0,7,-0.004233766233766227,0.13223327969059678,0.45751187061569476,36.60094964925558,36.60094964925558,0.005073429701572811,0.03751153543980685,0.08656903175118852,6.9255225400950815,6.9255225400950815,0.40443492469734377,0.01570979650490116,80.0,0.189,0.9375,75.0
4-Roller Pump,F500,500.0,8,-0.003583982683982678,0.13476930794377695,0.4328322816208899,34.62658252967119,34.62658252967119,0.005143783960525362,0.03928351260712321,0.08068907618611837,6.4551260948894695,6.4551260948894695,0.38653092702546,0.015705345250059666,80.0,0.186,0.9375,75.0
4-Roller Pump,F500,500.0,9,-0.0040367965367965305,0.14239845747961022,0.4229017491588294,33.832139932706355,33.832139932706355,0.00547607209880208,0.042226516506283215,0.07936074171022749,6.348859336818199,6.348859336818199,0.38367136244858935,0.016630191670718428,80.0,0.17500000000000002,0.9375,75.0
4-Roller Pump,F1000,1000.0,1,-0.008629870129870114,0.22278453205890641,0.3778347480363122,29.47111034683235,29.47111034683235,0.005806605390023546,0.04686993381279884,0.047928893779613235,3.7384537148098325,3.7384537148098325,0.5042266231532143,0.01688032316490664,78.0,0.345,0.9358974358974359,73.0
4-Roller Pump,F1000,1000.0,2,-0.005383549783549774,0.18960673017665006,0.40907240760800406,32.31672020103232,32.31672020103232,0.005375991685753528,0.04227813954446559,0.056592182290680686,4.470782400963774,4.470782400963774,0.4744730193518535,0.016071624107669696,79.0,0.163,0.9367088607594937,74.0
4-Roller Pump,F1000,1000.0,3,-0.004139826839826833,0.1525386289974465,0.4538140742597806,35.851311866522664,35.851311866522664,0.005597773513057665,0.04182990976526388,0.08204295295781124,6.481393283667088,6.481393283667088,0.4049551761185469,0.01718361880706381,79.0,0.168,0.9367088607594937,74.0
4-Roller Pump,F1000,1000.0,4,-0.005573160173160164,0.1707734327817778,0.40944413952298286,32.96025323160012,32.96025323160012,0.005449574635221519,0.042430765808459885,0.06354492279831034,5.115366285263982,5.115366285263982,0.442073224652096,0.016461469863652357,80.5,0.17400000000000002,0.937888198757764,75.5
4-Roller Pump,F1000,1000.0,5,-0.005232900432900424,0.16876791453347526,0.4139506694419799,32.70210288591641,32.70210288591641,0.005225660305323362,0.040531960656370575,0.06233512221068982,4.924474654644496,4.924474654644496,0.4562719447175434,0.015673499028345268,79.0,0.17400000000000002,0.9367088607594937,74.0
4-Roller Pump,F1000,1000.0,6,-0.004044155844155837,0.15385275024453043,0.43614446209343743,34.67348473642828,34.67348473642828,0.005508233419526481,0.0420740309222815,0.076683497586613,6.096338058135733,6.096338058135733,0.41890034647598495,0.016802511529207684,79.5,0.172,0.9371069182389937,74.5
4-Roller Pump,F1000,1000.0,7,-0.004838961038961031,0.15361133724862006,0.43562246365880675,34.41417462904573,34.41417462904573,0.005327965646725222,0.04031758225873588,0.07397379540441185,5.8439298369485355,5.8439298369485355,0.43337159049937735,0.01619613191086223,79.0,0.154,0.9367088607594937,74.0
4-Roller Pump,F1000,1000.0,8,-0.005213852813852805,0.1545308466420947,0.4287261061511057,34.29808849208845,34.29808849208845,0.0054310391536516915,0.04132996853491117,0.07371105754475339,5.896884603580271,5.896884603580271,0.42833155426143155,0.01655075891852597,80.0,0.153,0.9375,75.0
4-Roller Pump,F1000,1000.0,9,-0.00428658008658008,0.1456987905525125,0.43678329287016104,34.942663429612885,34.942663429612885,0.005434534899740244,0.04121135590894302,0.07982861609547294,6.386289287637835,6.386289287637835,0.39593355691476817,0.016640260784017993,80.0,0.154,0.9375,75.0
4-Roller Pump,F5000,5000.0,1,-0.020076190476190445,0.3418885424458536,0.3941117298896492,30.543659066447812,30.543659066447812,0.012629884825334045,0.09682452495494685,0.0709842046114369,5.50127585738636,5.50127585738636,0.43577965338434543,0.037043694166755736,77.5,0.376,0.9354838709677419,72.5
4-Roller Pump,F5000,5000.0,2,-0.00739134199134198,0.2862235223747742,0.42249898930386365,33.799919144309094,33.799919144309094,0.007408621815519902,0.05748200189987768,0.05346325957269693,4.2770607658157545,4.2770607658157545,0.5205637888883341,0.022484896473040337,80.0,0.185,0.9375,75.0
4-Roller Pump,F5000,5000.0,3,-0.007341125541125531,0.2741832945624277,0.42423836321449476,33.93906905715958,33.93906905715958,0.007079636254375681,0.05471645258969553,0.053556971183800636,4.284557694704051,4.284557694704051,0.5228300085401812,0.021513208789160455,80.0,0.162,0.9375,75.0
4-Roller Pump,F5000,5000.0,4,-0.007766666666666654,0.2887265696974128,0.40926613650976423,32.74129092078114,32.74129092078114,0.007530770642671313,0.05918198309131943,0.05198012132072615,4.158409705658092,4.158409705658092,0.5094847153225879,0.022673616191167048,80.0,0.162,0.9375,75.0
4-Roller Pump,F5000,5000.0,5,-0.007054978354978344,0.26880126461923065,0.42050485207959837,33.64038816636787,33.64038816636787,0.006948136306881517,0.05406367187386706,0.05309900449171867,4.247920359337494,4.247920359337494,0.5164451015822642,0.021048102743413132,80.0,0.158,0.9375,75.0
4-Roller Pump,F5000,5000.0,6,-0.007113852813852804,0.2801810538291362,0.41125292643680417,32.48898118850753,32.48898118850753,0.007240889093303736,0.05699345381265022,0.05187861101262875,4.098410269997672,4.098410269997672,0.5140818219483777,0.021684976321686353,79.0,0.157,0.9367088607594937,74.0
4-Roller Pump,F5000,5000.0,7,-0.007046753246753237,0.2518814282507585,0.43002587161191874,34.18705679314754,34.18705679314754,0.006994749277735845,0.053527349272470846,0.05838851341705331,4.641886816655738,4.641886816655738,0.5013437944518555,0.021265855372626315,79.5,0.158,0.9371069182389937,74.5
4-Roller Pump,F5000,5000.0,8,-0.00773160173160172,0.26329566017685047,0.4159981067244151,32.8638504312288,32.8638504312288,0.007243300901785615,0.05633769282456828,0.05589712957444811,4.415873236381401,4.415873236381401,0.5042519471142978,0.021762731495465457,79.0,0.158,0.9367088607594937,74.0
4-Roller Pump,F12500,12500.0,1,-0.013851082251082232,0.11638911535920857,0.6701456235638278,53.611649885106225,53.611649885106225,0.0101426900869035,0.05827518295244075,0.3286129706317396,26.289037650539168,26.289037650539168,0.3274768834732318,0.034058301732698804,80.0,0.195,0.9375,75.0
4-Roller Pump,F12500,12500.0,2,0.0006978326698814249,0.27316883116881896,0.3258028789531281,25.249723118867426,25.249723118867426,0.0051954950748245785,0.049529023328666925,0.03145751041824106,2.437957057413682,2.437957057413682,0.32647364374432397,0.01521125137726383,77.5,0.14600000000000002,0.9419354838709677,73.0
4-Roller Pump,F12500,12500.0,3,-0.004439826839826832,0.2650519473150098,0.32349249529399016,29.27607082410611,29.27607082410611,0.004806139320455893,0.043503288321808956,0.028649735812011225,2.592801090987016,2.592801090987016,0.5299049767499074,0.01436523860799268,90.5,0.092,0.9447513812154696,85.5
4-Roller Pump,F12500,12500.0,4,0.017689945564458198,0.13480519480519457,0.4317496001546374,34.10821841221636,34.10821841221636,0.002767773035958113,0.02587073226586918,0.043412145970957806,3.429559531705667,3.429559531705667,0.5131763388002482,0.008397432788861145,79.0,0.052000000000000005,0.9367088607594937,74.0
4-Roller Pump,F12500,12500.0,5,0.0042337748977243255,0.14559740259740234,0.4510315210757525,37.66113200982534,37.66113200982534,0.00300763311020019,0.024218121972380043,0.0456733308353378,3.813723124750706,3.813723124750706,0.5208187822773473,0.009481200297940836,83.5,0.052000000000000005,0.9401197604790419,78.5
4-Roller Pump,F12500,12500.0,6,0.006704178539662705,0.14988311688311665,0.40964281368063127,34.40999634917303,34.40999634917303,0.0032687090835702764,0.02818557911254528,0.04326943324351799,3.634632392455511,3.634632392455511,0.4888035772560625,0.010084913744106735,84.0,0.054,0.9404761904761905,79.0
4-Roller Pump,F12500,12500.0,7,0.008154739520628701,0.16076623376623347,0.3934081154941511,32.65287358601454,32.65287358601454,0.0035321360609037846,0.031457053059611155,0.041887968615653,3.476701395099199,3.476701395099199,0.4850472851364285,0.010713191996025067,83.0,0.055999999999999994,0.9397590361445783,78.0
4-Roller Pump,F12500,12500.0,8,0.005110965967052446,0.16533766233766206,0.39104009418183827,31.86976767581982,31.86976767581982,0.0033647241602024415,0.029275991283282163,0.03857824757538966,3.1441271773942576,3.1441271773942576,0.5147704465017313,0.010100157678833318,81.5,0.06,0.9386503067484663,76.5
4-Roller Pump,F12500,12500.0,9,3.85791856008366e-05,0.16277922077922052,0.41732038983743425,34.22027196666961,34.22027196666961,0.0031628274411209197,0.025530267954379626,0.03947125849245425,3.236643196381249,3.236643196381249,0.5517412451929389,0.009689154281315632,82.0,0.057999999999999996,0.9390243902439024,77.0
