time_s,s1_flow_ml_min,s1_temp_c
0,0.054,30.4
0.5,0.047,30.5
1,0.041,30.5
1.5,0.048,30.6
2,0.056,30.6
2.5,0.053,30.6
3,0.058,30.6
3.5,0.06,30.7
4,0.059,30.7
4.5,0.059,30.7
5,0.057,30.7
5.5,0.055,30.7
6,0.049,30.7
6.5,0.045,30.8
7,0.041,30.8
7.5,0.043,30.8
8,0.051,30.8
8.5,0.048,30.9
9,0.044,30.9
9.5,0.039,30.9
10,0.033,30.9
10.5,0.026,31
11,0.027,31
11.5,0.034,31
12,0.037,31
12.5,0.04,31.1
13,0.04,31.1
13.5,0.038,31.1
14,0.037,31.1
14.5,0.029,31.1
15,0.019,31.1
15.5,-0.007,31.2
16,-0.042,31.2
16.5,-0.064,31.3
17,-0.092,31.3
17.5,-0.117,31.3
18,-0.168,31.4
18.5,-0.249,31.3
19,-0.416,31.1
19.5,-0.687,30.8
20,-1.031,30.3
20.5,-0.974,30
21,-0.507,29.9
21.5,-0.221,30
22,-0.109,30.2
22.5,-0.071,30.3
23,-0.057,30.5
23.5,-0.049,30.6
24,-0.05,30.7
24.5,-0.054,30.8
25,-0.048,30.9
25.5,-0.032,31
26,-0.033,31.1
26.5,-0.029,31.1
27,-0.005,31.2
27.5,0.007,31.3
28,-0.001,31.3
28.5,-0.027,31.4
29,-0.057,31.4
29.5,-0.076,31.5
30,-0.062,31.5
30.5,-0.034,31.5
31,-0.019,31.5
31.5,-0.015,31.6
32,-0.011,31.6
32.5,-0.007,31.7
33,0.003,31.7
33.5,0.017,31.7
34,0.021,31.8
34.5,0.023,31.8
35,0.027,31.8
35.5,0.034,31.8
36,0.039,31.8
36.5,0.037,31.8
37,0.038,31.8
37.5,0.05,31.8
38,0.056,31.8
38.5,0.058,31.8
39,0.055,31.8
39.5,0.055,31.8
40,0.058,31.7
40.5,0.062,31.7
41,0.067,31.7
41.5,0.072,31.6
42,0.076,31.7
42.5,0.075,31.6
43,0.081,31.6
43.5,0.081,31.6
44,0.081,31.5
44.5,0.079,31.5
45,0.074,31.5
45.5,0.072,31.5
46,0.058,31.5
46.5,0.076,31.5
47,0.076,31.5
47.5,0.073,31.5
48,0.069,31.5
48.5,0.057,31.4
49,0.054,31.5
49.5,0.051,31.5
50,0.058,31.5
50.5,0.061,31.5
51,0.057,31.5
51.5,0.071,31.5
52,0.074,31.5
52.5,0.083,31.5
53,0.085,31.5
53.5,0.083,31.4
54,0.081,31.5
54.5,0.07,31.4
55,0.074,31.4
55.5,0.069,31.4
56,0.082,31.4
56.5,0.085,31.4
57,0.08,31.4
57.5,0.076,31.4
58,0.068,31.4
58.5,0.067,31.4
59,0.064,31.4
59.5,0.064,31.5
60,0.064,31.5
60.5,0.063,31.5
61,0.077,31.5
61.5,0.08,31.5
62,0.084,31.5
62.5,0.083,31.5
63,0.08,31.4
63.5,0.079,31.4
64,0.075,31.4
64.5,0.076,31.4
65,0.072,31.4
65.5,0.086,31.4
66,0.087,31.4
66.5,0.071,31.4
67,0.072,31.4
67.5,0.064,31.4
68,0.059,31.4
68.5,0.049,31.5
69,0.039,31.5
69.5,0.047,31.5
70,0.061,31.6
70.5,0.072,31.6
71,0.076,31.6
71.5,0.077,31.5
72,0.076,31.6
72.5,0.066,31.6
73,0.066,31.5
73.5,0.064,31.5
74,0.063,31.6
74.5,0.059,31.6
75,0.054,31.6
75.5,0.06,31.6
76,0.059,31.6
76.5,0.057,31.6
77,0.055,31.6
77.5,0.045,31.6
78,0.037,31.7
78.5,0.03,31.7
79,0.038,31.7
79.5,0.044,31.7
80,0.058,31.8
80.5,0.054,31.7
81,0.052,31.8
81.5,0.057,31.8
82,0.055,31.7
82.5,0.054,31.8
83,0.047,31.8
83.5,0.042,31.8
84,0.045,31.8
84.5,0.042,31.8
85,0.045,31.8
85.5,0.048,31.8
86,0.042,31.8
86.5,0.04,31.8
87,0.037,31.9
87.5,0.035,31.9
88,0.024,31.9
88.5,0.03,31.9
89,0.033,32
89.5,0.032,32
90,0.033,32
90.5,0.032,32
91,0.035,32
91.5,0.033,32
92,0.031,32
92.5,0.03,32
93,0.025,32
93.5,0.025,32.1
94,0.019,32.1
94.5,0.018,32.1
95,0.02,32.1
95.5,0.02,32.2
96,0.015,32.2
96.5,-0.007,32.2
97,-0.043,32.3
97.5,-0.087,32.3
98,-0.143,32.3
98.5,-0.219,32.3
99,-0.327,32.2
99.5,-0.464,32
100,-0.625,31.7
100.5,-0.742,31.3
101,-0.673,31
101.5,-0.418,30.9
102,-0.212,31
102.5,-0.112,31.1
103,-0.064,31.2
103.5,-0.04,31.4
104,-0.027,31.5
104.5,-0.021,31.6
105,-0.024,31.7
105.5,-0.031,31.8
106,-0.037,31.9
106.5,-0.044,32
107,-0.046,32
107.5,-0.048,32.1
108,-0.049,32.1
108.5,-0.046,32.2
109,-0.049,32.2
109.5,-0.051,32.3
110,-0.053,32.3
110.5,-0.055,32.3
111,-0.05,32.4
111.5,-0.04,32.4
112,-0.033,32.4
112.5,-0.028,32.4
113,-0.021,32.5
113.5,-0.014,32.5
114,-0.004,32.5
114.5,0.009,32.6
115,0.02,32.6
115.5,0.023,32.7
116,0.023,32.7
116.5,0.024,32.7
117,0.022,32.7
117.5,0.032,32.7
118,0.041,32.7
118.5,0.048,32.7
119,0.056,32.6
119.5,0.059,32.6
120,0.068,32.6
120.5,0.068,32.6
121,0.069,32.5
121.5,0.069,32.5
122,0.07,32.4
122.5,0.075,32.4
123,0.071,32.3
123.5,0.074,32.3
124,0.072,32.3
124.5,0.067,32.3
125,0.063,32.3
125.5,0.057,32.2
126,0.055,32.3
126.5,0.054,32.2
127,0.063,32.2
127.5,0.069,32.2
128,0.065,32.2
128.5,0.073,32.2
129,0.074,32.2
129.5,0.071,32.2
130,0.074,32.1
130.5,0.074,32.1
131,0.073,32.1
131.5,0.068,32.1
132,0.068,32.1
132.5,0.066,32.1
133,0.069,32.1
133.5,0.074,32.1
134,0.063,32.1
134.5,0.052,32.1
135,0.051,32.1
135.5,0.05,32.1
136,0.06,32.1
136.5,0.066,32.1
137,0.068,32.1
137.5,0.07,32.1
138,0.081,32.1
138.5,0.085,32.1
139,0.089,32.1
139.5,0.096,32
140,0.097,32
140.5,0.1,31.9
141,0.092,31.9
141.5,0.087,31.9
142,0.082,31.9
142.5,0.081,31.9
143,0.088,31.9
143.5,0.076,31.9
144,0.071,31.9
144.5,0.066,31.9
145,0.062,31.9
145.5,0.051,31.9
146,0.045,32
146.5,0.062,32
147,0.068,32
147.5,0.069,32
148,0.074,32
148.5,0.073,32
149,0.083,32
149.5,0.081,32
150,0.078,32
150.5,0.076,32
151,0.069,32
151.5,0.066,32
152,0.066,32
152.5,0.066,31.9
153,0.064,32
153.5,0.062,32
154,0.055,32
154.5,0.043,32
155,0.037,32
155.5,0.039,32.1
156,0.054,32.1
156.5,0.061,32.1
157,0.061,32.1
157.5,0.065,32.1
158,0.063,32.1
158.5,0.065,32.1
159,0.06,32.1
159.5,0.059,32.1
160,0.053,32.1
160.5,0.047,32.1
161,0.05,32.1
161.5,0.046,32.1
162,0.046,32.1
162.5,0.046,32.1
163,0.044,32.2
163.5,0.046,32.2
164,0.037,32.2
164.5,0.029,32.2
165,0.025,32.2
165.5,0.027,32.3
166,0.031,32.3
166.5,0.032,32.3
167,0.034,32.3
167.5,0.039,32.3
168,0.041,32.4
168.5,0.04,32.4
169,0.033,32.3
169.5,0.031,32.4
170,0.026,32.4
170.5,0.025,32.4
171,0.028,32.4
171.5,0.027,32.4
172,0.032,32.5
172.5,0.034,32.5
173,0.036,32.5
173.5,0.027,32.5
174,0.016,32.5
174.5,0.008,32.5
175,-0.172,32.5
175.5,-0.134,32.5
176,-0.015,32.6
176.5,-0.002,32.7
177,-0.016,32.7
177.5,-0.054,32.8
178,-0.119,32.8
178.5,-0.178,32.8
179,-0.193,32.7
179.5,-0.152,32.6
180,-0.094,32.6
180.5,-0.063,32.6
181,-0.046,32.6
181.5,-0.001,32.7
182,0.003,32.8
182.5,-0.008,32.8
183,-0.013,32.9
183.5,-0.027,32.9
184,-0.041,33
184.5,-0.039,33
185,-0.037,33
185.5,-0.029,33
186,-0.029,33.1
186.5,-0.03,33.1
187,-0.025,33.1
187.5,-0.035,33.1
188,-0.039,33.1
188.5,-0.035,33.2
189,-0.027,33.2
189.5,-0.022,33.2
190,-0.022,33.2
190.5,-0.02,33.2
191,-0.01,33.3
191.5,-0.001,33.3
192,0.004,33.3
192.5,0.003,33.3
193,0.002,33.3
193.5,0.007,33.3
194,0.012,33.3
194.5,0.014,33.3
195,0.022,33.3
195.5,0.028,33.4
196,0.03,33.3
196.5,0.034,33.3
197,0.039,33.3
197.5,0.044,33.3
198,0.046,33.2
198.5,0.052,33.2
199,0.056,33.2
199.5,0.061,33.1
200,0.062,33.1
200.5,0.067,33
201,0.071,33
201.5,0.066,32.9
202,0.069,32.9
202.5,0.062,32.8
203,0.057,32.8
203.5,0.052,32.8
204,0.042,32.8
204.5,0.051,32.8
205,0.065,32.8
205.5,0.073,32.8
206,0.079,32.7
206.5,0.079,32.7
207,0.081,32.6
207.5,0.075,32.6
208,0.076,32.5
208.5,0.069,32.5
209,0.066,32.5
209.5,0.063,32.5
210,0.064,32.5
210.5,0.072,32.5
211,0.068,32.5
211.5,0.066,32.5
212,0.061,32.4
212.5,0.055,32.4
213,0.051,32.5
213.5,0.044,32.5
214,0.059,32.5
214.5,0.069,32.5
215,0.074,32.5
215.5,0.082,32.4
216,0.078,32.4
216.5,0.081,32.4
217,0.078,32.3
217.5,0.079,32.3
218,0.078,32.3
218.5,0.071,32.3
219,0.069,32.3
219.5,0.066,32.3
220,0.073,32.3
220.5,0.07,32.3
221,0.066,32.3
221.5,0.061,32.2
222,0.052,32.3
222.5,0.051,32.3
223,0.046,32.3
223.5,0.057,32.3
224,0.067,32.3
224.5,0.072,32.3
225,0.073,32.3
225.5,0.073,32.3
226,0.079,32.3
226.5,0.078,32.3
227,0.078,32.2
227.5,0.078,32.2
228,0.068,32.2
228.5,0.073,32.2
229,0.069,32.2
229.5,0.072,32.2
230,0.067,32.2
230.5,0.063,32.2
231,0.061,32.2
231.5,0.057,32.2
232,0.054,32.2
232.5,0.051,32.2
233,0.055,32.2
233.5,0.057,32.2
234,0.054,32.3
234.5,0.061,32.3
235,0.058,32.2
235.5,0.06,32.2
236,0.062,32.2
236.5,0.058,32.2
237,0.057,32.2
237.5,0.055,32.2
238,0.052,32.2
238.5,0.049,32.2
239,0.047,32.3
239.5,0.049,32.3
240,0.043,32.3
240.5,0.044,32.3
241,0.041,32.3
241.5,0.038,32.3
242,0.032,32.3
242.5,0.029,32.4
243,0.038,32.4
243.5,0.038,32.4
244,0.042,32.4
244.5,0.04,32.4
245,0.037,32.4
245.5,0.039,32.4
246,0.034,32.4
246.5,0.035,32.4
247,0.033,32.4
247.5,0.032,32.4
248,0.032,32.4
248.5,0.031,32.5
249,0.033,32.5
249.5,0.03,32.5
250,0.028,32.5
250.5,0.028,32.5
251,0.026,32.5
251.5,0.025,32.5
252,0.023,32.5
252.5,0.027,32.5
253,0.028,32.6
253.5,0.026,32.6
254,0.027,32.6
254.5,0.026,32.6
255,0.027,32.6
255.5,0.022,32.6
256,0.019,32.6
256.5,-0.222,32.6
257,-0.1,32.6
257.5,-0.057,32.7
258,-0.08,32.8
258.5,-0.117,32.8
259,-0.144,32.8
259.5,-0.126,32.7
260,-0.093,32.7
260.5,-0.071,32.8
261,-0.056,32.8
261.5,-0.041,32.8
262,-0.031,32.8
262.5,-0.026,32.9
263,-0.031,33
263.5,-0.045,33
264,-0.045,33
264.5,-0.045,33
265,-0.043,33.1
265.5,-0.041,33.1
266,-0.038,33.1
266.5,-0.035,33.1
267,-0.021,33.1
267.5,-0.022,33.1
268,-0.026,33.2
268.5,-0.023,33.2
269,-0.027,33.2
269.5,-0.035,33.2
270,-0.044,33.2
270.5,-0.045,33.2
271,-0.044,33.3
271.5,-0.036,33.3
272,-0.028,33.3
272.5,-0.019,33.3
273,-0.012,33.3
273.5,-0.007,33.3
274,0.001,33.4
274.5,0.011,33.3
275,0.02,33.4
275.5,0.029,33.4
276,0.034,33.4
276.5,0.035,33.3
277,0.035,33.3
277.5,0.042,33.3
278,0.052,33.3
278.5,0.051,33.2
279,0.054,33.2
279.5,0.052,33.1
280,0.05,33.1
280.5,0.047,33
281,0.042,33
281.5,0.052,33
282,0.059,33
282.5,0.066,32.9
283,0.072,32.9
283.5,0.072,32.8
284,0.076,32.8
284.5,0.072,32.7
285,0.073,32.7
285.5,0.072,32.6
286,0.065,32.6
286.5,0.06,32.6
287,0.058,32.6
287.5,0.069,32.6
288,0.069,32.5
288.5,0.067,32.5
289,0.065,32.5
289.5,0.055,32.5
290,0.053,32.5
290.5,0.046,32.5
291,0.055,32.5
291.5,0.06,32.5
292,0.068,32.5
292.5,0.075,32.4
293,0.078,32.4
293.5,0.085,32.4
294,0.086,32.3
294.5,0.087,32.3
295,0.085,32.3
295.5,0.076,32.2
296,0.077,32.2
296.5,0.071,32.2
297,0.082,32.2
297.5,0.085,32.2
298,0.077,32.1
298.5,0.072,32.1
299,0.065,32.1
299.5,0.062,32.1
300,0.053,32.1
300.5,0.047,32.2
301,0.055,32.2
301.5,0.062,32.2
302,0.073,32.2
302.5,0.072,32.1
303,0.078,32.1
303.5,0.079,32.1
304,0.076,32.1
304.5,0.076,32.1
305,0.07,32
305.5,0.067,32
306,0.059,32
306.5,0.058,32.1
307,0.066,32.1
307.5,0.065,32.1
308,0.07,32
308.5,0.064,32
309,0.057,32
309.5,0.048,32
310,0.04,32
310.5,0.04,32.1
311,0.048,32.1
311.5,0.063,32.1
312,0.077,32.1
312.5,0.08,32.1
313,0.083,32
313.5,0.074,32
314,0.073,32
314.5,0.057,32
315,0.05,32
315.5,0.044,32
316,0.037,32
316.5,0.054,32.1
317,0.062,32.1
317.5,0.064,32
318,0.057,32
318.5,0.044,32
319,0.041,32
319.5,0.034,32.1
320,0.033,32.1
320.5,0.043,32.1
321,0.048,32.1
321.5,0.05,32.1
322,0.047,32.1
322.5,0.052,32.1
323,0.048,32.1
323.5,0.04,32.1
324,0.04,32.1
324.5,0.038,32.1
325,0.04,32.1
325.5,0.036,32.1
326,0.033,32.2
326.5,0.035,32.2
327,0.037,32.2
327.5,0.037,32.2
328,0.031,32.2
328.5,0.028,32.2
329,0.022,32.2
329.5,0.022,32.2
330,0.029,32.3
330.5,0.032,32.3
331,0.034,32.3
331.5,0.033,32.3
332,0.038,32.3
332.5,0.038,32.3
333,0.034,32.3
333.5,0.032,32.3
334,0.028,32.3
334.5,0.029,32.3
335,0.025,32.3
335.5,0.025,32.3
336,0.027,32.3
336.5,0.023,32.3
337,0.012,32.3
337.5,-0.019,32.4
338,-0.077,32.4
338.5,-0.167,32.4
339,-0.239,32.4
339.5,-0.244,32.3
340,-0.196,32.3
340.5,-0.142,32.2
341,-0.095,32.2
341.5,-0.068,32.3
342,-0.058,32.3
342.5,-0.051,32.4
343,-0.05,32.4
343.5,-0.039,32.5
344,-0.033,32.5
344.5,-0.03,32.5
345,-0.029,32.6
345.5,-0.015,32.6
346,-0.011,32.7
346.5,-0.021,32.7
347,-0.034,32.7
347.5,-0.047,32.8
348,-0.041,32.8
348.5,-0.031,32.8
349,-0.031,32.8
349.5,-0.029,32.8
350,-0.032,32.8
350.5,-0.036,32.9
351,-0.037,32.9
351.5,-0.035,32.9
352,-0.025,32.9
352.5,-0.01,32.9
353,0.004,33
353.5,0.012,33
354,0.019,33
354.5,0.016,33
355,0.024,33
355.5,0.033,33
356,0.033,33
356.5,0.033,32.9
357,0.029,32.9
357.5,0.029,32.9
358,0.03,32.9
358.5,0.04,32.9
359,0.043,32.8
359.5,0.046,32.8
360,0.055,32.8
360.5,0.059,32.7
361,0.063,32.7
361.5,0.062,32.6
362,0.062,32.6
362.5,0.062,32.5
363,0.059,32.5
363.5,0.063,32.5
364,0.058,32.4
364.5,0.061,32.4
365,0.065,32.4
365.5,0.061,32.3
366,0.057,32.3
366.5,0.053,32.3
367,0.055,32.3
367.5,0.059,32.3
368,0.061,32.2
368.5,0.059,32.2
369,0.061,32.2
369.5,0.075,32.2
370,0.078,32.1
370.5,0.082,32.1
371,0.086,32.1
371.5,0.081,32
372,0.08,32
372.5,0.075,31.9
373,0.074,31.9
373.5,0.069,31.9
374,0.068,31.9
374.5,0.076,31.9
375,0.07,31.9
375.5,0.072,31.9
376,0.063,31.8
376.5,0.064,31.9
377,0.069,31.9
377.5,0.064,31.9
378,0.065,31.8
378.5,0.067,31.8
379,0.074,31.8
379.5,0.075,31.8
380,0.076,31.8
380.5,0.078,31.8
381,0.076,31.7
381.5,0.079,31.7
382,0.072,31.7
382.5,0.072,31.7
383,0.067,31.7
383.5,0.064,31.7
384,0.076,31.7
384.5,0.075,31.7
385,0.071,31.7
385.5,0.064,31.7
386,0.056,31.7
386.5,0.057,31.7
387,0.056,31.7
387.5,0.059,31.7
388,0.06,31.7
388.5,0.068,31.7
389,0.077,31.7
389.5,0.076,31.6
390,0.081,31.6
390.5,0.076,31.6
391,0.074,31.6
391.5,0.073,31.6
392,0.065,31.6
392.5,0.06,31.6
393,0.062,31.6
393.5,0.061,31.6
394,0.065,31.6
394.5,0.066,31.6
395,0.06,31.6
395.5,0.049,31.6
396,0.045,31.6
396.5,0.041,31.6
397,0.048,31.6
397.5,0.054,31.7
398,0.052,31.6
398.5,0.06,31.6
399,0.057,31.6
399.5,0.059,31.7
400,0.056,31.6
400.5,0.053,31.6
401,0.049,31.6
401.5,0.042,31.6
402,0.042,31.6
402.5,0.041,31.7
403,0.049,31.7
403.5,0.049,31.7
404,0.043,31.7
404.5,0.044,31.7
405,0.038,31.7
405.5,0.033,31.7
406,0.029,31.7
406.5,0.029,31.8
407,0.032,31.8
407.5,0.035,31.8
408,0.04,31.8
408.5,0.043,31.8
409,0.041,31.8
409.5,0.041,31.8
410,0.034,31.8
410.5,0.034,31.8
411,0.031,31.8
411.5,0.028,31.8
412,0.027,31.8
412.5,0.028,31.8
413,0.031,31.8
413.5,0.027,31.8
414,0.026,31.9
414.5,0.022,31.9
415,0.016,31.9
415.5,0.013,31.9
416,0.012,31.9
416.5,0.016,31.9
417,0.013,32
417.5,0.004,32
418,-0.019,32
418.5,-0.061,32
419,-0.12,32.1
419.5,-0.174,32.1
420,-0.192,32
420.5,-0.165,32
421,-0.116,31.9
421.5,-0.085,32
422,-0.068,32
422.5,-0.061,32
423,-0.046,32
423.5,-0.032,32.1
424,-0.026,32.1
424.5,-0.025,32.2
425,-0.028,32.2
425.5,-0.032,32.2
426,-0.039,32.2
426.5,-0.035,32.3
427,-0.031,32.3
427.5,-0.028,32.3
428,-0.026,32.3
428.5,-0.029,32.4
429,-0.024,32.4
429.5,-0.024,32.4
430,-0.026,32.4
430.5,-0.025,32.4
431,-0.024,32.5
431.5,-0.021,32.5
432,-0.017,32.5
432.5,-0.015,32.5
433,-0.012,32.5
433.5,-0.008,32.6
434,-0.006,32.5
434.5,-0.007,32.5
435,-0.006,32.6
435.5,-0.002,32.6
436,-0.003,32.6
436.5,0.009,32.6
437,0.018,32.6
437.5,0.025,32.6
438,0.03,32.6
438.5,0.04,32.6
439,0.045,32.5
439.5,0.052,32.4
440,0.055,32.4
440.5,0.059,32.3
441,0.061,32.3
441.5,0.067,32.2
442,0.069,32.2
442.5,0.062,32.1
443,0.064,32.1
443.5,0.06,32
444,0.056,32
444.5,0.05,32
445,0.042,31.9
445.5,0.056,31.9
446,0.064,31.9
446.5,0.069,31.9
447,0.073,31.9
447.5,0.077,31.8
448,0.08,31.8
448.5,0.073,31.7
449,0.074,31.7
449.5,0.068,31.6
450,0.065,31.6
450.5,0.067,31.6
451,0.069,31.6
451.5,0.072,31.6
452,0.068,31.5
452.5,0.067,31.5
453,0.061,31.5
453.5,0.055,31.5
454,0.05,31.5
454.5,0.041,31.5
455,0.047,31.6
455.5,0.061,31.5
456,0.07,31.5
456.5,0.076,31.5
457,0.074,31.5
457.5,0.081,31.5
458,0.078,31.4
458.5,0.078,31.4
459,0.076,31.4
459.5,0.07,31.3
460,0.07,31.3
460.5,0.067,31.3
461,0.075,31.3
461.5,0.075,31.3
462,0.071,31.3
462.5,0.069,31.3
463,0.056,31.3
463.5,0.054,31.3
464,0.049,31.3
464.5,0.051,31.3
465,0.064,31.3
465.5,0.071,31.3
466,0.079,31.3
466.5,0.077,31.3
467,0.079,31.3
467.5,0.076,31.3
468,0.071,31.2
468.5,0.068,31.2
469,0.061,31.2
469.5,0.067,31.2
470,0.068,31.2
470.5,0.072,31.2
471,0.071,31.2
471.5,0.067,31.2
472,0.063,31.1
472.5,0.056,31.2
473,0.05,31.2
473.5,0.043,31.2
474,0.041,31.2
474.5,0.057,31.3
475,0.061,31.2
475.5,0.071,31.2
476,0.07,31.2
476.5,0.072,31.2
477,0.067,31.2
477.5,0.06,31.2
478,0.059,31.2
478.5,0.051,31.2
479,0.051,31.2
479.5,0.049,31.2
480,0.044,31.2
480.5,0.049,31.2
481,0.047,31.3
481.5,0.048,31.2
482,0.041,31.3
482.5,0.035,31.3
483,0.028,31.3
483.5,0.025,31.3
484,0.035,31.3
484.5,0.039,31.4
485,0.042,31.3
485.5,0.045,31.3
486,0.044,31.4
486.5,0.047,31.4
487,0.046,31.4
487.5,0.046,31.3
488,0.039,31.4
488.5,0.035,31.3
489,0.036,31.4
489.5,0.035,31.4
490,0.042,31.4
490.5,0.038,31.4
491,0.037,31.4
491.5,0.035,31.4
492,0.03,31.4
492.5,0.025,31.4
493,0.022,31.4
493.5,0.027,31.4
494,0.029,31.4
494.5,0.035,31.4
495,0.036,31.5
495.5,0.034,31.5
496,0.034,31.5
496.5,0.025,31.4
497,0.002,31.5
497.5,-0.061,31.5
498,-0.149,31.6
498.5,-0.183,31.6
499,-0.17,31.5
499.5,-0.147,31.5
500,-0.114,31.5
500.5,-0.084,31.5
501,-0.067,31.5
501.5,-0.075,31.6
502,-0.096,31.6
502.5,-0.08,31.6
503,-0.059,31.7
503.5,-0.041,31.7
504,-0.031,31.7
504.5,-0.016,31.8
505,-0.013,31.8
505.5,-0.018,31.8
506,-0.027,31.9
506.5,-0.031,31.9
507,-0.035,31.9
507.5,-0.028,32
508,-0.011,32
508.5,-0.006,32
509,-0.002,32
509.5,0.005,32.1
510,0.006,32.1
510.5,-0.007,32.1
511,-0.029,32.1
511.5,-0.045,32.1
512,-0.056,32.1
512.5,-0.049,32.1
513,-0.039,32.1
513.5,-0.028,32.1
514,-0.012,32.2
514.5,-0.003,32.2
515,0.004,32.2
515.5,0.013,32.2
516,0.017,32.2
516.5,0.024,32.2
517,0.027,32.2
517.5,0.032,32.2
518,0.039,32.2
518.5,0.04,32.1
519,0.041,32.1
519.5,0.045,32.1
520,0.052,32.1
520.5,0.054,32
521,0.053,31.9
521.5,0.051,31.9
522,0.048,31.9
522.5,0.052,31.8
523,0.056,31.8
523.5,0.062,31.8
524,0.065,31.7
524.5,0.063,31.7
525,0.069,31.6
525.5,0.07,31.6
526,0.071,31.6
526.5,0.069,31.5
527,0.064,31.5
527.5,0.064,31.4
528,0.057,31.4
528.5,0.066,31.4
529,0.072,31.4
529.5,0.07,31.3
530,0.069,31.3
530.5,0.059,31.3
531,0.059,31.3
531.5,0.051,31.3
532,0.059,31.3
532.5,0.061,31.3
533,0.06,31.2
533.5,0.07,31.2
534,0.072,31.2
534.5,0.077,31.2
535,0.077,31.2
535.5,0.077,31.1
536,0.076,31.1
536.5,0.067,31.1
537,0.067,31.1
537.5,0.063,31.1
538,0.068,31
538.5,0.075,31
539,0.071,31
539.5,0.071,31
540,0.064,31
540.5,0.06,31
541,0.053,31
541.5,0.054,31
542,0.06,31
542.5,0.062,31
543,0.074,31
543.5,0.078,31
544,0.087,30.9
544.5,0.093,30.9
545,0.086,30.9
545.5,0.085,30.8
546,0.08,30.8
546.5,0.078,30.8
547,0.072,30.8
547.5,0.072,30.8
548,0.081,30.8
548.5,0.074,30.8
549,0.072,30.8
549.5,0.064,30.8
550,0.058,30.8
550.5,0.05,30.8
551,0.038,30.8
551.5,0.04,30.8
552,0.046,30.9
552.5,0.054,30.9
553,0.059,30.9
553.5,0.058,30.9
554,0.06,30.9
554.5,0.061,30.9
555,0.062,30.9
555.5,0.058,30.8
556,0.052,30.8
556.5,0.05,30.8
557,0.048,30.8
557.5,0.057,30.8
558,0.048,30.9
558.5,0.049,30.8
559,0.047,30.9
559.5,0.041,30.9
560,0.039,30.9
560.5,0.033,30.9
561,0.028,30.9
561.5,0.038,30.9
562,0.042,30.9
562.5,0.045,31
563,0.043,30.9
563.5,0.047,31
564,0.047,30.9
564.5,0.046,30.9
565,0.043,31
565.5,0.038,30.9
566,0.041,30.9
566.5,0.036,30.9
567,0.035,30.9
567.5,0.039,31
568,0.039,31
568.5,0.039,31
569,0.032,31
569.5,0.028,31
570,0.024,31
570.5,0.022,31
571,0.028,31
571.5,0.032,31.1
572,0.034,31.1
572.5,0.033,31
573,0.037,31.1
573.5,0.036,31.1
574,0.033,31
574.5,0.033,31.1
575,0.028,31.1
575.5,0.027,31.1
576,0.024,31.1
576.5,0.019,31.1
577,0.011,31.1
577.5,0.01,31.1
578,0.008,31.2
578.5,-0.009,31.2
579,-0.042,31.2
579.5,-0.09,31.3
580,-0.13,31.3
580.5,-0.159,31.3
581,-0.166,31.2
581.5,-0.142,31.2
582,-0.106,31.2
582.5,-0.077,31.2
583,-0.061,31.2
583.5,-0.051,31.3
584,-0.043,31.3
584.5,-0.032,31.3
585,-0.025,31.4
585.5,-0.024,31.4
586,-0.019,31.5
586.5,-0.012,31.5
587,-0.013,31.5
587.5,-0.021,31.6
588,-0.03,31.6
588.5,-0.038,31.6
589,-0.04,31.6
589.5,-0.038,31.6
590,-0.039,31.7
590.5,-0.038,31.7
591,-0.039,31.7
591.5,-0.039,31.7
592,-0.038,31.7
592.5,-0.039,31.7
593,-0.035,31.7
593.5,-0.027,31.7
594,-0.017,31.7
594.5,-0.009,31.8
595,-0.004,31.8
595.5,-0.002,31.8
596,0.006,31.8
596.5,0.013,31.8
597,0.016,31.8
597.5,0.021,31.8
598,0.024,31.8
598.5,0.029,31.8
599,0.028,31.8
599.5,0.035,31.8
600,0.043,31.8
600.5,0.047,31.7
601,0.055,31.7
601.5,0.055,31.6
602,0.062,31.6
602.5,0.066,31.5
603,0.069,31.5
603.5,0.071,31.4
604,0.066,31.3
604.5,0.069,31.3
605,0.066,31.2
605.5,0.069,31.2
606,0.069,31.2
606.5,0.068,31.1
607,0.065,31.1
607.5,0.058,31.1
608,0.054,31
608.5,0.05,31
609,0.057,31
609.5,0.061,31
610,0.06,31
610.5,0.071,31
611,0.069,30.9
611.5,0.071,31
612,0.072,30.9
612.5,0.072,30.9
613,0.073,30.8
613.5,0.07,30.8
614,0.069,30.8
614.5,0.065,30.8
615,0.064,30.8
615.5,0.069,30.8
616,0.066,30.8
616.5,0.066,30.8
617,0.062,30.8
617.5,0.06,30.7
618,0.058,30.7
618.5,0.062,30.7
619,0.066,30.7
619.5,0.068,30.7
620,0.074,30.7
620.5,0.079,30.7
621,0.082,30.7
621.5,0.084,30.6
622,0.085,30.6
622.5,0.09,30.6
623,0.086,30.5
623.5,0.079,30.5
624,0.076,30.5
624.5,0.07,30.5
625,0.078,30.5
625.5,0.076,30.5
626,0.072,30.5
626.5,0.066,30.5
627,0.061,30.5
627.5,0.054,30.5
628,0.045,30.5
628.5,0.05,30.5
629,0.057,30.6
629.5,0.065,30.6
630,0.068,30.6
630.5,0.062,30.6
631,0.075,30.5
631.5,0.073,30.5
632,0.073,30.5
632.5,0.072,30.5
633,0.057,30.5
633.5,0.06,30.5
634,0.062,30.5
634.5,0.066,30.5
635,0.064,30.5
635.5,0.057,30.5
636,0.055,30.5
636.5,0.049,30.5
637,0.044,30.5
637.5,0.036,30.5
638,0.042,30.6
638.5,0.049,30.6
639,0.053,30.6
639.5,0.059,30.6
640,0.057,30.6
640.5,0.06,30.6
641,0.06,30.6
641.5,0.052,30.6
642,0.052,30.6
642.5,0.046,30.6
643,0.048,30.6
643.5,0.045,30.6
644,0.044,30.6
644.5,0.041,30.6
645,0.039,30.7
645.5,0.042,30.6
646,0.037,30.6
646.5,0.031,30.7
647,0.024,30.7
647.5,0.023,30.7
648,0.029,30.8
648.5,0.03,30.8
649,0.032,30.8
649.5,0.031,30.8
650,0.035,30.8
650.5,0.037,30.8
651,0.034,30.8
651.5,0.034,30.8
652,0.029,30.8
652.5,0.028,30.8
653,0.031,30.9
653.5,0.026,30.8
654,0.031,30.9
654.5,0.032,30.9
655,0.031,30.9
655.5,0.028,30.9
656,0.02,30.9
656.5,0.014,30.9
657,0.009,30.9
657.5,0.018,31
658,0.018,31
658.5,0.011,31
659,-0.013,31
659.5,-0.071,31.1
660,-0.157,31.1
660.5,-0.227,31.1
661,-0.231,31
661.5,-0.166,30.9
662,-0.102,30.9
662.5,-0.064,30.9
663,-0.046,31
663.5,-0.03,31.1
664,-0.012,31.1
664.5,-0.006,31.2
665,-0.013,31.2
665.5,-0.021,31.3
666,-0.029,31.3
666.5,-0.032,31.3
667,-0.029,31.4
667.5,-0.025,31.4
668,-0.026,31.4
668.5,-0.036,31.4
669,-0.041,31.5
669.5,-0.044,31.5
670,-0.05,31.5
670.5,-0.049,31.5
671,-0.047,31.5
671.5,-0.038,31.5
672,-0.032,31.5
672.5,-0.032,31.5
673,-0.027,31.6
673.5,-0.017,31.6
674,-0.009,31.6
674.5,0,31.7
675,0.007,31.6
675.5,0.011,31.7
676,0.009,31.7
676.5,0.006,31.7
677,0.009,31.7
677.5,0.017,31.7
678,0.026,31.7
678.5,0.032,31.7
679,0.042,31.7
679.5,0.049,31.6
680,0.052,31.6
680.5,0.059,31.5
681,0.06,31.5
681.5,0.06,31.4
682,0.057,31.4
682.5,0.06,31.3
683,0.068,31.3
683.5,0.066,31.2
684,0.07,31.2
684.5,0.064,31.2
685,0.06,31.1
685.5,0.054,31.1
686,0.047,31.1
686.5,0.048,31.1
687,0.06,31.1
687.5,0.072,31
688,0.079,31
688.5,0.082,31
689,0.083,30.9
689.5,0.076,30.9
690,0.078,30.9
690.5,0.072,30.8
691,0.069,30.8
691.5,0.067,30.8
692,0.064,30.7
692.5,0.074,30.8
693,0.072,30.7
693.5,0.072,30.7
694,0.068,30.7
694.5,0.061,30.7
695,0.055,30.7
695.5,0.048,30.7
696,0.054,30.7
696.5,0.067,30.7
697,0.076,30.7
697.5,0.08,30.7
698,0.076,30.7
698.5,0.08,30.6
699,0.079,30.6
699.5,0.079,30.6
700,0.078,30.6
700.5,0.071,30.6
701,0.068,30.5
701.5,0.067,30.6
702,0.073,30.5
702.5,0.07,30.5
703,0.069,30.5
703.5,0.067,30.5
704,0.058,30.5
704.5,0.056,30.5
705,0.045,30.6
705.5,0.042,30.6
706,0.06,30.6
706.5,0.07,30.6
707,0.075,30.6
707.5,0.073,30.6
708,0.075,30.6
708.5,0.074,30.5
709,0.072,30.6
709.5,0.072,30.5
710,0.066,30.5
710.5,0.068,30.5
711,0.067,30.5
711.5,0.066,30.5
712,0.063,30.5
712.5,0.061,30.5
713,0.063,30.5
713.5,0.057,30.5
714,0.052,30.5
714.5,0.044,30.5
715,0.041,30.6
715.5,0.053,30.6
716,0.059,30.6
716.5,0.063,30.6
717,0.064,30.6
717.5,0.065,30.6
718,0.064,30.6
718.5,0.06,30.6
719,0.06,30.5
719.5,0.054,30.6
720,0.053,30.6
720.5,0.051,30.5
721,0.044,30.6
721.5,0.047,30.6
722,0.04,30.6
722.5,0.041,30.6
723,0.039,30.6
723.5,0.034,30.7
724,0.029,30.7
724.5,0.024,30.7
725,0.032,30.8
725.5,0.034,30.8
726,0.036,30.8
726.5,0.037,30.8
727,0.035,30.8
727.5,0.039,30.8
728,0.038,30.8
728.5,0.038,30.8
729,0.037,30.8
729.5,0.034,30.9
730,0.034,30.9
730.5,0.03,30.9
731,0.034,30.9
731.5,0.031,30.9
732,0.03,30.9
732.5,0.031,30.9
733,0.027,30.9
733.5,0.024,30.9
734,0.022,31
734.5,0.027,31
735,0.03,31
735.5,0.029,31
736,0.028,31
736.5,0.026,31
737,0.027,31
737.5,0.024,31
738,0.023,31.1
738.5,0.019,31.1
739,0.006,31.1
739.5,-0.018,31.1
740,-0.07,31.2
740.5,-0.134,31.2
741,-0.181,31.2
741.5,-0.161,31.2
742,-0.118,31.1
742.5,-0.081,31.2
743,-0.06,31.2
743.5,-0.046,31.2
744,-0.033,31.3
744.5,-0.028,31.3
745,-0.032,31.4
745.5,-0.034,31.4
746,-0.037,31.4
746.5,-0.037,31.5
747,-0.036,31.5
747.5,-0.037,31.5
748,-0.035,31.5
748.5,-0.033,31.6
749,-0.028,31.6
749.5,-0.026,31.6
750,-0.029,31.7
750.5,-0.033,31.7
751,-0.034,31.7
751.5,-0.033,31.7
752,-0.033,31.7
752.5,-0.037,31.7
753,-0.034,31.8
753.5,-0.026,31.8
754,-0.018,31.8
754.5,-0.017,31.8
755,-0.016,31.8
755.5,-0.012,31.8
756,-0.009,31.9
756.5,-0.002,31.9
757,0,31.9
757.5,0.004,31.9
758,0.012,31.9
758.5,0.021,31.9
759,0.025,31.9
759.5,0.025,31.9
760,0.044,31.9
760.5,0.054,31.9
761,0.059,31.8
761.5,0.057,31.7
762,0.053,31.7
762.5,0.048,31.7
763,0.041,31.6
763.5,0.048,31.6
764,0.054,31.6
764.5,0.062,31.5
765,0.07,31.5
765.5,0.067,31.4
766,0.073,31.4
766.5,0.073,31.3
767,0.076,31.3
767.5,0.075,31.3
768,0.068,31.2
768.5,0.068,31.2
769,0.066,31.1
769.5,0.063,31.1
770,0.063,31.1
770.5,0.068,31.1
771,0.066,31.1
771.5,0.058,31.1
772,0.056,31.1
772.5,0.049,31.1
773,0.05,31.1
773.5,0.056,31.1
774,0.059,31.1
774.5,0.067,31.1
775,0.068,31.1
775.5,0.075,31.1
776,0.079,31
776.5,0.082,31
777,0.082,31
777.5,0.074,30.9
778,0.078,30.9
778.5,0.076,30.9
779,0.075,30.9
779.5,0.083,30.9
780,0.083,30.9
780.5,0.08,30.8
781,0.072,30.8
781.5,0.066,30.8
782,0.059,30.8
782.5,0.055,30.8
783,0.059,30.9
783.5,0.057,30.9
784,0.066,30.9
784.5,0.069,30.9
785,0.078,30.9
785.5,0.083,30.9
786,0.078,30.8
786.5,0.077,30.8
787,0.07,30.8
787.5,0.064,30.8
788,0.059,30.8
788.5,0.058,30.8
789,0.068,30.8
789.5,0.071,30.8
790,0.076,30.8
790.5,0.069,30.8
791,0.06,30.8
791.5,0.049,30.8
792,0.039,30.8
792.5,0.036,30.9
793,0.041,30.9
793.5,0.059,30.9
794,0.07,30.9
794.5,0.075,30.9
795,0.081,30.9
795.5,0.078,30.8
796,0.076,30.8
796.5,0.065,30.8
797,0.052,30.8
797.5,0.049,30.8
798,0.038,30.9
798.5,0.046,30.9
799,0.059,30.9
799.5,0.066,30.9
800,0.063,30.9
800.5,0.05,30.9
801,0.044,30.9
801.5,0.035,30.9
802,0.033,30.9
802.5,0.039,31
803,0.047,31
803.5,0.051,31
804,0.048,31
804.5,0.056,31
805,0.052,31
805.5,0.043,31
806,0.04,31
806.5,0.037,31
807,0.039,31
807.5,0.035,31.1
808,0.033,31.1
808.5,0.036,31.1
809,0.039,31.1
809.5,0.04,31.1
810,0.033,31.1
810.5,0.029,31.1
811,0.023,31.2
811.5,0.019,31.2
812,0.027,31.2
812.5,0.03,31.2
813,0.032,31.3
813.5,0.031,31.2
814,0.037,31.3
814.5,0.039,31.3
815,0.034,31.3
815.5,0.03,31.3
816,0.025,31.3
816.5,0.02,31.3
817,0.017,31.3
817.5,0.015,31.3
818,0.015,31.4
818.5,0.009,31.4
819,-0.005,31.4
819.5,-0.044,31.5
820,-0.118,31.5
820.5,-0.219,31.5
821,-0.262,31.4
821.5,-0.222,31.3
822,-0.137,31.3
822.5,-0.086,31.3
823,-0.054,31.3
823.5,-0.037,31.4
824,-0.031,31.5
824.5,-0.036,31.5
825,-0.044,31.6
825.5,-0.042,31.6
826,-0.028,31.7
826.5,-0.022,31.7
827,-0.014,31.8
827.5,0.01,31.8
828,0.01,31.8
828.5,-0.005,31.9
829,-0.022,31.9
829.5,-0.035,31.9
830,-0.049,31.9
830.5,-0.045,32
831,-0.024,32
831.5,-0.014,32
832,-0.013,32
832.5,-0.011,32.1
833,-0.012,32.1
833.5,-0.012,32.1
834,-0.01,32.1
834.5,0,32.1
835,0.013,32.2
835.5,0.019,32.2
836,0.025,32.2
836.5,0.03,32.2
837,0.033,32.2
837.5,0.034,32.1
838,0.037,32.1
838.5,0.039,32.1
839,0.035,32.1
839.5,0.034,32.1
840,0.034,32
840.5,0.043,32
841,0.046,32
841.5,0.047,32
842,0.051,31.9
842.5,0.049,31.9
843,0.053,31.9
843.5,0.055,31.9
844,0.055,31.8
844.5,0.059,31.8
845,0.057,31.8
845.5,0.061,31.7
846,0.058,31.7
846.5,0.056,31.6
847,0.06,31.6
847.5,0.058,31.6
848,0.057,31.6
848.5,0.053,31.6
849,0.05,31.6
849.5,0.051,31.6
850,0.055,31.6
850.5,0.056,31.6
851,0.056,31.6
851.5,0.065,31.5
852,0.069,31.5
852.5,0.076,31.5
853,0.079,31.4
853.5,0.075,31.4
854,0.075,31.4
854.5,0.071,31.4
855,0.069,31.3
855.5,0.066,31.3
856,0.064,31.3
856.5,0.069,31.3
857,0.065,31.3
857.5,0.067,31.3
858,0.063,31.3
858.5,0.058,31.3
859,0.055,31.3
859.5,0.059,31.3
860,0.068,31.3
860.5,0.066,31.3
861,0.072,31.3
861.5,0.076,31.3
862,0.078,31.3
862.5,0.079,31.2
863,0.077,31.3
863.5,0.085,31.2
864,0.084,31.2
864.5,0.082,31.2
865,0.078,31.2
865.5,0.072,31.1
866,0.077,31.1
866.5,0.076,31.1
867,0.076,31.1
867.5,0.076,31.1
868,0.066,31.1
868.5,0.058,31.1
869,0.056,31.1
869.5,0.059,31.2
870,0.064,31.2
870.5,0.066,31.2
871,0.07,31.2
871.5,0.067,31.2
872,0.074,31.2
872.5,0.072,31.2
873,0.071,31.2
873.5,0.066,31.2
874,0.058,31.2
874.5,0.056,31.2
875,0.058,31.2
875.5,0.061,31.2
876,0.064,31.2
876.5,0.06,31.2
877,0.056,31.2
877.5,0.049,31.2
878,0.044,31.2
878.5,0.036,31.2
879,0.035,31.3
879.5,0.04,31.3
880,0.047,31.3
880.5,0.056,31.4
881,0.055,31.3
881.5,0.057,31.3
882,0.057,31.3
882.5,0.05,31.3
883,0.051,31.3
883.5,0.047,31.3
884,0.047,31.4
884.5,0.042,31.4
885,0.036,31.4
885.5,0.04,31.4
886,0.038,31.4
886.5,0.038,31.4
887,0.034,31.4
887.5,0.032,31.5
888,0.027,31.5
888.5,0.024,31.5
889,0.025,31.5
889.5,0.027,31.6
890,0.033,31.6
890.5,0.035,31.6
891,0.036,31.6
891.5,0.037,31.6
892,0.035,31.6
892.5,0.035,31.6
893,0.031,31.6
893.5,0.03,31.6
894,0.026,31.7
894.5,0.023,31.7
895,0.028,31.7
895.5,0.023,31.7
896,0.023,31.7
896.5,0.023,31.7
897,0.018,31.8
897.5,0.014,31.8
898,0.01,31.8
898.5,0.014,31.8
899,0.011,31.8
899.5,0.004,31.9
900,-0.019,31.9
900.5,-0.065,31.9
901,-0.145,32
901.5,-0.203,32
902,-0.2,31.9
902.5,-0.15,31.8
903,-0.097,31.8
903.5,-0.066,31.9
904,-0.052,31.9
904.5,-0.049,31.9
905,-0.037,32
905.5,-0.03,32.1
906,-0.028,32.1
906.5,-0.028,32.1
907,-0.029,32.2
907.5,-0.031,32.2
908,-0.035,32.3
908.5,-0.039,32.3
909,-0.037,32.3
909.5,-0.04,32.3
910,-0.04,32.4
910.5,-0.041,32.4
911,-0.042,32.4
911.5,-0.042,32.4
912,-0.035,32.4
912.5,-0.026,32.5
913,-0.017,32.5
913.5,-0.017,32.5
914,-0.016,32.5
914.5,-0.012,32.5
915,-0.009,32.6
915.5,0,32.6
916,0.008,32.6
916.5,0.016,32.6
917,0.019,32.6
917.5,0.018,32.6
918,0.017,32.6
918.5,0.018,32.6
919,0.024,32.6
919.5,0.029,32.6
920,0.038,32.6
920.5,0.046,32.6
921,0.051,32.5
921.5,0.057,32.5
922,0.058,32.5
922.5,0.059,32.4
923,0.059,32.3
923.5,0.058,32.3
924,0.063,32.3
924.5,0.06,32.2
925,0.064,32.2
925.5,0.061,32.2
926,0.059,32.1
926.5,0.053,32.1
927,0.044,32.1
927.5,0.046,32.1
928,0.057,32.1
928.5,0.065,32
929,0.068,32
929.5,0.071,32
930,0.076,31.9
930.5,0.073,31.9
931,0.075,31.9
931.5,0.071,31.9
932,0.067,31.8
932.5,0.068,31.8
933,0.061,31.8
933.5,0.069,31.8
934,0.067,31.8
934.5,0.067,31.8
935,0.063,31.8
935.5,0.058,31.8
936,0.053,31.8
936.5,0.044,31.8
937,0.044,31.8
937.5,0.058,31.8
938,0.065,31.8
938.5,0.07,31.8
939,0.068,31.8
939.5,0.077,31.7
940,0.076,31.7
940.5,0.076,31.7
941,0.076,31.7
941.5,0.068,31.7
942,0.067,31.7
942.5,0.071,31.7
943,0.079,31.6
943.5,0.074,31.6
944,0.072,31.6
944.5,0.069,31.6
945,0.06,31.6
945.5,0.06,31.6
946,0.055,31.6
946.5,0.059,31.7
947,0.068,31.7
947.5,0.069,31.6
948,0.075,31.6
948.5,0.075,31.6
949,0.078,31.6
949.5,0.077,31.6
950,0.073,31.6
950.5,0.072,31.6
951,0.067,31.5
951.5,0.069,31.6
952,0.068,31.6
952.5,0.068,31.6
953,0.063,31.5
953.5,0.06,31.5
954,0.065,31.6
954.5,0.059,31.6
955,0.054,31.6
955.5,0.046,31.6
956,0.04,31.6
956.5,0.05,31.7
957,0.056,31.7
957.5,0.062,31.7
958,0.063,31.6
958.5,0.062,31.7
959,0.063,31.7
959.5,0.057,31.7
960,0.056,31.6
960.5,0.048,31.6
961,0.049,31.7
961.5,0.049,31.7
962,0.044,31.7
962.5,0.046,31.7
963,0.045,31.7
963.5,0.047,31.7
964,0.043,31.7
964.5,0.039,31.7
965,0.035,31.8
965.5,0.028,31.8
966,0.033,31.8
966.5,0.039,31.8
967,0.041,31.8
967.5,0.043,31.9
968,0.043,31.9
968.5,0.047,31.9
969,0.046,31.8
969.5,0.046,31.8
970,0.04,31.9
970.5,0.037,31.9
971,0.034,31.9
971.5,0.03,31.9
972,0.036,31.9
972.5,0.039,31.9
973,0.04,31.9
973.5,0.036,31.9
974,0.03,32
974.5,0.025,32
975,0.018,32
975.5,0.021,32
976,0.025,32.1
976.5,0.027,32.1
977,0.031,32.1
977.5,0.031,32.1
978,0.033,32.1
978.5,0.026,32.1
979,0.013,32.1
979.5,-0.028,32.1
980,-0.115,32.2
980.5,-0.192,32.2
981,-0.207,32.2
981.5,-0.178,32.1
982,-0.129,32.1
982.5,-0.088,32.1
983,-0.061,32.2
983.5,-0.062,32.2
984,-0.083,32.3
984.5,-0.073,32.3
985,-0.053,32.3
985.5,-0.04,32.4
986,-0.031,32.4
986.5,-0.023,32.4
987,-0.023,32.5
987.5,-0.021,32.5
988,-0.024,32.6
988.5,-0.034,32.6
989,-0.044,32.6
989.5,-0.039,32.7
990,-0.022,32.7
990.5,-0.018,32.7
991,-0.016,32.7
991.5,0.004,32.7
992,0.006,32.8
992.5,-0.003,32.8
993,-0.022,32.8
993.5,-0.046,32.9
994,-0.053,32.9
994.5,-0.037,32.9
995,-0.015,32.9
995.5,-0.007,32.9
996,-0.003,32.9
996.5,-0.001,33
997,0.003,33
997.5,0.015,33
998,0.021,33
998.5,0.024,33
999,0.026,33
999.5,0.03,33
1000,0.037,32.9
1000.5,0.038,32.9
1001,0.038,32.9
1001.5,0.045,32.9
1002,0.056,32.9
1002.5,0.059,32.8
1003,0.052,32.7
1003.5,0.05,32.7
1004,0.05,32.7
1004.5,0.057,32.6
1005,0.057,32.6
1005.5,0.064,32.6
1006,0.068,32.5
1006.5,0.064,32.5
1007,0.074,32.4
1007.5,0.074,32.4
1008,0.075,32.4
1008.5,0.072,32.3
1009,0.069,32.3
1009.5,0.066,32.2
1010,0.059,32.2
1010.5,0.065,32.2
1011,0.071,32.2
1011.5,0.071,32.2
1012,0.067,32.2
1012.5,0.056,32.2
1013,0.054,32.1
1013.5,0.045,32.2
1014,0.049,32.2
1014.5,0.055,32.2
1015,0.053,32.2
1015.5,0.062,32.2
1016,0.068,32.2
1016.5,0.074,32.1
1017,0.077,32.1
1017.5,0.078,32.1
1018,0.076,32.1
1018.5,0.067,32
1019,0.071,32
1019.5,0.068,32
1020,0.07,32
1020.5,0.081,32
1021,0.076,32
1021.5,0.075,31.9
1022,0.068,31.9
1022.5,0.064,31.9
1023,0.059,31.9
1023.5,0.059,31.9
1024,0.059,31.9
1024.5,0.059,31.9
1025,0.068,32
1025.5,0.073,31.9
1026,0.078,31.9
1026.5,0.08,31.9
1027,0.074,31.9
1027.5,0.079,31.9
1028,0.073,31.9
1028.5,0.073,31.9
1029,0.068,31.8
1029.5,0.068,31.8
1030,0.078,31.8
1030.5,0.073,31.8
1031,0.07,31.8
1031.5,0.064,31.8
1032,0.058,31.8
1032.5,0.053,31.9
1033,0.041,31.8
1033.5,0.037,31.9
1034,0.045,31.9
1034.5,0.063,31.9
1035,0.069,31.9
1035.5,0.064,31.9
1036,0.071,31.9
1036.5,0.067,31.9
1037,0.066,31.9
1037.5,0.061,31.9
1038,0.055,31.9
1038.5,0.054,31.9
1039,0.05,31.9
1039.5,0.06,31.9
1040,0.056,31.9
1040.5,0.055,31.9
1041,0.05,31.9
1041.5,0.046,31.9
1042,0.041,31.9
1042.5,0.036,32
1043,0.034,32
1043.5,0.036,32
1044,0.041,32
1044.5,0.05,32
1045,0.048,32
1045.5,0.052,32
1046,0.051,32
1046.5,0.049,32
1047,0.046,32
1047.5,0.041,32
1048,0.042,32.1
1048.5,0.041,32.1
1049,0.04,32.1
1049.5,0.041,32.1
1050,0.041,32.1
1050.5,0.041,32.1
1051,0.036,32.1
1051.5,0.034,32.1
1052,0.028,32.1
1052.5,0.025,32.1
1053,0.028,32.2
1053.5,0.029,32.2
1054,0.03,32.2
1054.5,0.03,32.2
1055,0.032,32.2
1055.5,0.031,32.2
1056,0.029,32.2
1056.5,0.029,32.3
1057,0.026,32.3
1057.5,0.023,32.3
1058,0.02,32.3
1058.5,0.013,32.3
1059,0.012,32.3
1059.5,0.008,32.4
1060,0.003,32.4
