time_s,0.0_ml_min,0.1_ml_min,0.2_ml_min,0.3_ml_min,0.4_ml_min
0,0.056,0.054,-0.076,0.076,0.049
0.5,0.057,0.047,-0.063,0.07,0.041
1,0.052,0.041,-0.058,0.068,0.042
1.5,0.048,0.048,-0.049,0.062,0.036
2,0.046,0.056,-0.045,0.054,0.029
2.5,0.04,0.053,-0.039,0.052,0.04
3,0.036,0.058,-0.031,0.058,0.037
3.5,0.032,0.06,-0.031,0.074,0.034
4,0.031,0.059,-0.035,0.076,0.032
4.5,0.028,0.059,-0.04,0.075,0.028
5,0.024,0.057,-0.046,0.081,0.021
5.5,0.02,0.055,-0.034,0.074,0.017
6,0.008,0.049,-0.024,0.078,0.024
6.5,-0.005,0.045,-0.031,0.072,0.022
7,-0.026,0.041,-0.027,0.07,0.028
7.5,-0.06,0.043,-0.016,0.065,0.03
8,-0.117,0.051,-0.013,0.066,0.028
8.5,-0.21,0.048,-0.003,0.064,0.031
9,-0.359,0.044,-0.011,0.062,0.03
9.5,-0.552,0.039,-0.021,0.07,0.031
10,-0.767,0.033,-0.021,0.066,0.027
10.5,-1.044,0.026,-0.015,0.052,0.026
11,-0.952,0.027,-0.016,0.048,0.021
11.5,-0.585,0.034,-0.003,0.041,0.015
12,-0.336,0.037,0.011,0.041,0.007
12.5,-0.198,0.04,0.024,0.045,-0.031
13,-0.128,0.04,0.035,0.053,-0.089
13.5,-0.091,0.038,0.044,0.052,-0.17
14,-0.069,0.037,0.044,0.047,-0.276
14.5,-0.053,0.029,0.049,0.054,-0.374
15,-0.048,0.019,0.047,0.053,-0.358
15.5,-0.047,-0.007,0.048,0.055,-0.231
16,-0.045,-0.042,0.047,0.049,-0.124
16.5,-0.043,-0.064,0.042,0.044,-0.068
17,-0.039,-0.092,0.056,0.045,-0.048
17.5,-0.043,-0.117,0.062,0.04,-0.048
18,-0.047,-0.168,0.067,0.045,-0.052
18.5,-0.049,-0.249,0.064,0.039,-0.05
19,-0.047,-0.416,0.059,0.037,-0.047
19.5,-0.04,-0.687,0.057,0.038,-0.028
20,-0.036,-1.031,0.048,0.034,-0.018
20.5,-0.028,-0.974,0.048,0.036,-0.017
21,-0.023,-0.507,0.06,0.028,-0.025
21.5,-0.016,-0.221,0.076,0.027,-0.033
22,-0.009,-0.109,0.079,0.027,-0.026
22.5,-0.001,-0.071,0.077,0.03,-0.025
23,-0.001,-0.057,0.081,0.035,-0.033
23.5,0.006,-0.049,0.076,0.034,-0.038
24,0.014,-0.05,0.079,0.039,-0.042
24.5,0.023,-0.054,0.075,0.037,-0.042
25,0.025,-0.048,0.069,0.035,-0.038
25.5,0.026,-0.032,0.066,0.033,-0.031
26,0.028,-0.033,0.062,0.028,-0.036
26.5,0.027,-0.029,0.066,0.032,-0.035
27,0.028,-0.005,0.069,0.027,-0.029
27.5,0.038,0.007,0.069,0.029,-0.02
28,0.047,-0.001,0.067,0.025,-0.008
28.5,0.057,-0.027,0.059,0.021,-0.001
29,0.07,-0.057,0.058,0.023,0.007
29.5,0.079,-0.076,0.047,0.021,0.014
30,0.08,-0.062,0.04,0.02,0.021
30.5,0.079,-0.034,0.054,0.01,0.023
31,0.078,-0.019,0.064,-0.004,0.024
31.5,0.074,-0.015,0.074,-0.02,0.03
32,0.073,-0.011,0.072,-0.047,0.035
32.5,0.067,-0.007,0.079,-0.107,0.037
33,0.074,0.003,0.077,-0.209,0.036
33.5,0.074,0.017,0.073,-0.352,0.036
34,0.075,0.021,0.072,-0.527,0.032
34.5,0.07,0.023,0.067,-0.564,0.028
35,0.063,0.027,0.073,-0.352,0.031
35.5,0.062,0.034,0.069,-0.16,0.042
36,0.058,0.039,0.072,-0.089,0.058
36.5,0.058,0.037,0.07,-0.066,0.061
37,0.063,0.038,0.069,-0.05,0.07
37.5,0.073,0.05,0.067,-0.036,0.073
38,0.081,0.056,0.061,-0.032,0.07
38.5,0.082,0.058,0.057,-0.036,0.077
39,0.084,0.055,0.05,-0.038,0.07
39.5,0.083,0.055,0.053,-0.041,0.07
40,0.079,0.058,0.065,-0.045,0.068
40.5,0.079,0.062,0.066,-0.041,0.063
41,0.075,0.067,0.074,-0.041,0.069
41.5,0.079,0.072,0.073,-0.042,0.067
42,0.075,0.076,0.076,-0.04,0.068
42.5,0.077,0.075,0.078,-0.037,0.062
43,0.079,0.081,0.073,-0.039,0.059
43.5,0.074,0.081,0.075,-0.049,0.054
44,0.074,0.081,0.073,-0.046,0.041
44.5,0.069,0.079,0.074,-0.039,0.041
45,0.064,0.074,0.072,-0.031,0.055
45.5,0.058,0.072,0.069,-0.022,0.069
46,0.056,0.058,0.066,-0.018,0.068
46.5,0.066,0.076,0.057,-0.017,0.068
47,0.073,0.076,0.058,-0.009,0.073
47.5,0.084,0.073,0.053,-0.005,0.073
48,0.084,0.069,0.05,0.004,0.077
48.5,0.086,0.057,0.046,0.006,0.075
49,0.088,0.054,0.039,0.011,0.079
49.5,0.083,0.051,0.05,0.017,0.068
50,0.083,0.058,0.055,0.015,0.062
50.5,0.081,0.061,0.06,0.02,0.082
51,0.081,0.057,0.063,0.036,0.073
51.5,0.079,0.071,0.06,0.041,0.071
52,0.079,0.074,0.06,0.039,0.068
52.5,0.079,0.083,0.055,0.041,0.056
53,0.075,0.085,0.065,0.047,0.058
53.5,0.075,0.083,0.066,0.049,0.05
54,0.069,0.081,0.06,0.057,0.059
54.5,0.062,0.07,0.061,0.059,0.068
55,0.055,0.074,0.05,0.054,0.069
55.5,0.046,0.069,0.058,0.058,0.071
56,0.047,0.082,0.05,0.056,0.073
56.5,0.061,0.085,0.051,0.059,0.078
57,0.071,0.08,0.051,0.058,0.076
57.5,0.08,0.076,0.045,0.062,0.076
58,0.082,0.068,0.039,0.06,0.074
58.5,0.084,0.067,0.035,0.056,0.064
59,0.077,0.064,0.04,0.051,0.074
59.5,0.076,0.064,0.041,0.049,0.075
60,0.07,0.064,0.043,0.06,0.081
60.5,0.066,0.063,0.044,0.064,0.078
61,0.066,0.077,0.038,0.057,0.074
61.5,0.058,0.08,0.043,0.067,0.069
62,0.061,0.084,0.04,0.071,0.062
62.5,0.064,0.083,0.041,0.078,0.058
63,0.064,0.08,0.04,0.078,0.052
63.5,0.061,0.079,0.038,0.081,0.052
64,0.053,0.075,0.037,0.084,0.07
64.5,0.044,0.076,0.033,0.079,0.065
65,0.039,0.072,0.037,0.081,0.073
65.5,0.047,0.086,0.033,0.074,0.066
66,0.056,0.087,0.031,0.07,0.072
66.5,0.058,0.071,0.031,0.065,0.073
67,0.062,0.072,0.028,0.064,0.069
67.5,0.059,0.064,0.03,0.07,0.064
68,0.064,0.059,0.024,0.061,0.059
68.5,0.064,0.049,0.023,0.058,0.06
69,0.063,0.039,0.027,0.052,0.061
69.5,0.057,0.047,0.027,0.052,0.061
70,0.053,0.061,0.029,0.059,0.06
70.5,0.044,0.072,0.029,0.057,0.054
71,0.04,0.076,0.029,0.062,0.058
71.5,0.044,0.077,0.03,0.07,0.048
72,0.048,0.076,0.029,0.077,0.044
72.5,0.045,0.066,0.029,0.079,0.041
73,0.044,0.066,0.024,0.07,0.039
73.5,0.037,0.064,0.024,0.068,0.051
74,0.032,0.063,0.022,0.067,0.054
74.5,0.026,0.059,0.02,0.069,0.058
75,0.026,0.054,0.019,0.069,0.06
75.5,0.032,0.06,0.01,0.065,0.062
76,0.032,0.059,-0.003,0.064,0.061
76.5,0.037,0.057,-0.028,0.066,0.057
77,0.041,0.055,-0.067,0.066,0.059
77.5,0.044,0.045,-0.124,0.063,0.051
78,0.043,0.037,-0.195,0.061,0.055
78.5,0.039,0.03,-0.299,0.056,0.049
79,0.033,0.038,-0.447,0.051,0.037
79.5,0.029,0.044,-0.643,0.061,0.043
80,0.03,0.058,-0.667,0.062,0.047
80.5,0.028,0.054,-0.403,0.074,0.049
81,0.03,0.052,-0.195,0.075,0.043
81.5,0.032,0.057,-0.11,0.069,0.034
82,0.033,0.055,-0.082,0.078,0.029
82.5,0.032,0.054,-0.067,0.074,0.023
83,0.027,0.047,-0.06,0.079,0.031
83.5,0.021,0.042,-0.056,0.072,0.029
84,0.014,0.045,-0.05,0.065,0.033
84.5,0.016,0.042,-0.049,0.066,0.031
85,0.026,0.045,-0.045,0.067,0.033
85.5,0.025,0.048,-0.044,0.07,0.038
86,0.023,0.042,-0.045,0.063,0.035
86.5,0.015,0.04,-0.049,0.06,0.035
87,-0.008,0.037,-0.051,0.06,0.03
87.5,-0.043,0.035,-0.054,0.05,0.021
88,-0.104,0.024,-0.051,0.046,0.016
88.5,-0.2,0.03,-0.043,0.033,0.02
89,-0.341,0.033,-0.039,0.038,0.028
89.5,-0.532,0.032,-0.032,0.048,0.029
90,-0.765,0.033,-0.028,0.045,0.026
90.5,-0.923,0.032,-0.023,0.055,0.025
91,-0.764,0.035,-0.015,0.055,0.019
91.5,-0.469,0.033,-0.007,0.062,0.013
92,-0.268,0.031,-0.001,0.062,0.003
92.5,-0.167,0.03,0.005,0.057,0.003
93,-0.116,0.025,0.016,0.054,0.006
93.5,-0.097,0.025,0.022,0.045,-0.002
94,-0.08,0.019,0.022,0.05,-0.016
94.5,-0.063,0.018,0.026,0.051,-0.048
95,-0.054,0.02,0.033,0.051,-0.122
95.5,-0.052,0.02,0.036,0.042,-0.255
96,-0.054,0.015,0.034,0.044,-0.388
96.5,-0.057,-0.007,0.034,0.046,-0.38
97,-0.055,-0.043,0.03,0.043,-0.185
97.5,-0.05,-0.087,0.034,0.042,-0.078
98,-0.049,-0.143,0.046,0.031,-0.04
98.5,-0.048,-0.219,0.049,0.028,-0.011
99,-0.046,-0.327,0.055,0.033,0
99.5,-0.041,-0.464,0.055,0.037,-0.01
100,-0.037,-0.625,0.065,0.041,-0.019
100.5,-0.032,-0.742,0.07,0.04,-0.044
101,-0.021,-0.673,0.073,0.043,-0.063
101.5,-0.014,-0.418,0.074,0.044,-0.06
102,-0.012,-0.212,0.067,0.038,-0.044
102.5,-0.009,-0.112,0.073,0.036,-0.03
103,-0.001,-0.064,0.069,0.033,-0.031
103.5,0.007,-0.04,0.066,0.034,-0.042
104,0.017,-0.027,0.075,0.032,-0.048
104.5,0.019,-0.021,0.075,0.033,-0.047
105,0.018,-0.024,0.073,0.031,-0.041
105.5,0.022,-0.031,0.067,0.029,-0.034
106,0.03,-0.037,0.065,0.034,-0.028
106.5,0.037,-0.044,0.057,0.031,-0.024
107,0.042,-0.046,0.051,0.026,-0.02
107.5,0.046,-0.048,0.056,0.02,-0.016
108,0.054,-0.049,0.054,0.013,-0.019
108.5,0.057,-0.046,0.063,0.014,-0.015
109,0.059,-0.049,0.062,0.02,-0.004
109.5,0.056,-0.051,0.068,0.022,0.001
110,0.06,-0.053,0.071,0.024,0.006
110.5,0.065,-0.055,0.067,0.022,0.01
111,0.064,-0.05,0.07,0.018,0.011
111.5,0.063,-0.04,0.063,-0.004,0.02
112,0.057,-0.033,0.063,-0.053,0.023
112.5,0.057,-0.028,0.059,-0.142,0.024
113,0.065,-0.021,0.059,-0.22,0.028
113.5,0.066,-0.014,0.065,-0.245,0.03
114,0.067,-0.004,0.065,-0.217,0.039
114.5,0.068,0.009,0.069,-0.141,0.047
115,0.079,0.02,0.064,-0.073,0.049
115.5,0.081,0.023,0.062,-0.042,0.062
116,0.082,0.023,0.057,-0.038,0.063
116.5,0.08,0.024,0.045,-0.04,0.062
117,0.08,0.022,0.039,-0.041,0.056
117.5,0.083,0.032,0.036,-0.032,0.052
118,0.077,0.041,0.061,-0.037,0.073
118.5,0.074,0.048,0.069,-0.047,0.068
119,0.069,0.056,0.073,-0.041,0.068
119.5,0.071,0.059,0.086,-0.04,0.06
120,0.082,0.068,0.08,-0.027,0.054
120.5,0.076,0.068,0.084,-0.027,0.049
121,0.075,0.069,0.075,-0.038,0.043
121.5,0.068,0.069,0.071,-0.04,0.057
122,0.062,0.07,0.069,-0.036,0.056
122.5,0.068,0.075,0.06,-0.022,0.059
123,0.067,0.071,0.071,-0.022,0.068
123.5,0.069,0.074,0.077,-0.031,0.065
124,0.069,0.072,0.081,-0.021,0.072
124.5,0.079,0.067,0.075,-0.01,0.072
125,0.088,0.063,0.063,-0.01,0.074
125.5,0.085,0.057,0.057,-0.005,0.067
126,0.083,0.055,0.045,-0.012,0.065
126.5,0.078,0.054,0.043,-0.016,0.062
127,0.08,0.063,0.049,-0.015,0.062
127.5,0.078,0.069,0.067,-0.02,0.073
128,0.073,0.065,0.073,-0.019,0.077
128.5,0.07,0.073,0.069,-0.006,0.074
129,0.064,0.074,0.081,0.011,0.068
129.5,0.076,0.071,0.076,0.023,0.063
130,0.079,0.074,0.07,0.037,0.06
130.5,0.074,0.074,0.064,0.041,0.06
131,0.07,0.073,0.057,0.042,0.06
131.5,0.058,0.068,0.055,0.043,0.062
132,0.053,0.068,0.051,0.042,0.061
132.5,0.051,0.066,0.057,0.043,0.075
133,0.06,0.069,0.063,0.04,0.074
133.5,0.063,0.074,0.066,0.047,0.079
134,0.072,0.063,0.064,0.057,0.078
134.5,0.078,0.052,0.052,0.057,0.076
135,0.076,0.051,0.048,0.061,0.073
135.5,0.085,0.05,0.036,0.055,0.069
136,0.081,0.06,0.03,0.054,0.067
136.5,0.078,0.066,0.042,0.049,0.07
137,0.076,0.068,0.049,0.043,0.078
137.5,0.069,0.07,0.053,0.049,0.081
138,0.067,0.081,0.051,0.064,0.066
138.5,0.066,0.085,0.058,0.075,0.069
139,0.067,0.089,0.06,0.077,0.058
139.5,0.07,0.096,0.054,0.077,0.053
140,0.068,0.097,0.05,0.076,0.042
140.5,0.067,0.1,0.041,0.07,0.041
141,0.058,0.092,0.041,0.075,0.058
141.5,0.052,0.087,0.035,0.067,0.067
142,0.046,0.082,0.033,0.065,0.077
142.5,0.051,0.081,0.037,0.063,0.078
143,0.057,0.088,0.036,0.061,0.078
143.5,0.06,0.076,0.04,0.063,0.08
144,0.064,0.071,0.037,0.064,0.072
144.5,0.064,0.066,0.035,0.064,0.072
145,0.068,0.062,0.029,0.059,0.065
145.5,0.07,0.051,0.022,0.055,0.063
146,0.065,0.045,0.017,0.049,0.066
146.5,0.062,0.062,0.019,0.036,0.067
147,0.053,0.068,0.031,0.043,0.072
147.5,0.05,0.069,0.033,0.06,0.066
148,0.049,0.074,0.039,0.07,0.064
148.5,0.056,0.073,0.041,0.074,0.06
149,0.056,0.083,0.037,0.071,0.053
149.5,0.047,0.081,0.039,0.073,0.042
150,0.047,0.078,0.03,0.07,0.039
150.5,0.042,0.076,0.028,0.071,0.048
151,0.035,0.069,0.027,0.069,0.058
151.5,0.028,0.066,0.026,0.068,0.071
152,0.026,0.066,0.027,0.068,0.071
152.5,0.031,0.066,0.027,0.064,0.066
153,0.031,0.064,0.028,0.071,0.074
153.5,0.037,0.062,0.024,0.067,0.069
154,0.039,0.055,0.018,0.067,0.067
154.5,0.043,0.043,0.008,0.065,0.06
155,0.044,0.037,-0.015,0.055,0.058
155.5,0.038,0.039,-0.036,0.05,0.054
156,0.038,0.054,-0.067,0.043,0.055
156.5,0.036,0.061,-0.113,0.057,0.06
157,0.035,0.061,-0.152,0.071,0.056
157.5,0.036,0.065,-0.157,0.07,0.055
158,0.036,0.063,-0.139,0.07,0.047
158.5,0.035,0.065,-0.105,0.068,0.034
159,0.033,0.06,-0.082,0.073,0.032
159.5,0.034,0.059,-0.076,0.075,0.027
160,0.033,0.053,-0.07,0.075,0.032
160.5,0.026,0.047,-0.063,0.068,0.035
161,0.024,0.05,-0.026,0.069,0.03
161.5,0.025,0.046,0.011,0.073,0.034
162,0.028,0.046,0.015,0.066,0.034
162.5,0.03,0.046,0.013,0.067,0.04
163,0.03,0.044,0.008,0.064,0.038
163.5,0.03,0.046,-0.013,0.057,0.035
164,0.028,0.037,-0.046,0.056,0.037
164.5,0.03,0.029,-0.065,0.048,0.033
165,0.028,0.025,-0.052,0.047,0.035
165.5,0.025,0.027,-0.025,0.041,0.028
166,0.018,0.031,-0.02,0.048,0.03
166.5,0.003,0.032,-0.018,0.056,0.028
167,-0.018,0.034,-0.021,0.054,0.028
167.5,-0.057,0.039,-0.026,0.061,0.03
168,-0.118,0.041,-0.03,0.06,0.026
168.5,-0.168,0.04,-0.033,0.063,0.027
169,-0.181,0.033,-0.03,0.061,0.024
169.5,-0.16,0.031,-0.023,0.06,0.021
170,-0.122,0.026,-0.018,0.064,0.026
170.5,-0.087,0.025,-0.012,0.06,0.027
171,-0.066,0.028,-0.01,0.061,0.027
171.5,-0.056,0.027,-0.007,0.058,0.026
172,-0.044,0.032,-0.007,0.053,0.027
172.5,-0.039,0.034,-0.006,0.053,0.029
173,-0.037,0.036,-0.006,0.048,0.027
173.5,-0.035,0.027,-0.007,0.052,0.024
174,-0.033,0.016,-0.006,0.047,0.016
174.5,-0.032,0.008,0.011,0.044,0.01
175,-0.033,-0.172,0.02,0.036,-0.016
175.5,-0.027,-0.134,0.025,0.037,-0.042
176,-0.024,-0.015,0.029,0.04,-0.069
176.5,-0.026,-0.002,0.033,0.042,-0.114
177,-0.03,-0.016,0.042,0.045,-0.14
177.5,-0.028,-0.054,0.048,0.043,-0.127
178,-0.03,-0.119,0.048,0.04,-0.088
178.5,-0.031,-0.178,0.049,0.042,-0.052
179,-0.034,-0.193,0.047,0.039,-0.027
179.5,-0.035,-0.152,0.051,0.042,-0.019
180,-0.036,-0.094,0.053,0.039,-0.017
180.5,-0.035,-0.063,0.052,0.038,-0.021
181,-0.034,-0.046,0.059,0.036,-0.024
181.5,-0.028,-0.001,0.059,0.033,-0.029
182,-0.023,0.003,0.059,0.037,-0.035
182.5,-0.019,-0.008,0.054,0.03,-0.039
183,-0.02,-0.013,0.052,0.032,-0.035
183.5,-0.02,-0.027,0.048,0.031,-0.031
184,-0.018,-0.041,0.055,0.028,-0.032
184.5,-0.011,-0.039,0.062,0.026,-0.038
185,-0.001,-0.037,0.059,0.02,-0.042
185.5,0.009,-0.029,0.064,0.028,-0.043
186,0.021,-0.029,0.068,0.027,-0.047
186.5,0.027,-0.03,0.066,0.03,-0.048
187,0.032,-0.025,0.076,0.03,-0.048
187.5,0.041,-0.035,0.076,0.027,-0.043
188,0.044,-0.039,0.085,0.031,-0.038
188.5,0.051,-0.035,0.08,0.029,-0.028
189,0.051,-0.027,0.074,0.028,-0.018
189.5,0.048,-0.022,0.072,0.026,-0.014
190,0.043,-0.022,0.065,0.021,-0.007
190.5,0.041,-0.02,0.068,0.021,-0.003
191,0.054,-0.01,0.071,0.019,0
191.5,0.062,-0.001,0.071,0.02,0.006
192,0.069,0.004,0.066,0.018,0.014
192.5,0.074,0.003,0.056,0.01,0.022
193,0.076,0.002,0.056,-0.006,0.031
193.5,0.079,0.007,0.061,-0.043,0.034
194,0.074,0.012,0.064,-0.09,0.039
194.5,0.075,0.014,0.06,-0.143,0.035
195,0.075,0.022,0.063,-0.16,0.044
195.5,0.074,0.028,0.071,-0.153,0.048
196,0.072,0.03,0.071,-0.119,0.048
196.5,0.069,0.034,0.078,-0.083,0.049
197,0.069,0.039,0.072,-0.062,0.046
197.5,0.064,0.044,0.073,-0.058,0.047
198,0.063,0.046,0.072,-0.054,0.053
198.5,0.06,0.052,0.067,-0.047,0.059
199,0.055,0.056,0.064,-0.041,0.066
199.5,0.049,0.061,0.061,-0.037,0.06
200,0.049,0.062,0.063,-0.035,0.069
200.5,0.061,0.067,0.067,-0.035,0.066
201,0.066,0.071,0.067,-0.032,0.068
201.5,0.068,0.066,0.064,-0.031,0.073
202,0.069,0.069,0.054,-0.034,0.074
202.5,0.072,0.062,0.052,-0.038,0.068
203,0.082,0.057,0.047,-0.041,0.063
203.5,0.082,0.052,0.061,-0.044,0.064
204,0.083,0.042,0.062,-0.045,0.061
204.5,0.083,0.051,0.061,-0.043,0.068
205,0.079,0.065,0.071,-0.037,0.067
205.5,0.08,0.073,0.072,-0.036,0.056
206,0.082,0.079,0.075,-0.032,0.053
206.5,0.084,0.079,0.074,-0.028,0.038
207,0.083,0.081,0.072,-0.021,0.049
207.5,0.078,0.075,0.072,-0.015,0.068
208,0.073,0.076,0.064,-0.01,0.064
208.5,0.063,0.069,0.068,-0.004,0.063
209,0.059,0.066,0.059,0,0.069
209.5,0.056,0.063,0.055,0.009,0.079
210,0.06,0.064,0.065,0.019,0.081
210.5,0.068,0.072,0.06,0.021,0.081
211,0.069,0.068,0.058,0.021,0.093
211.5,0.071,0.066,0.054,0.031,0.085
212,0.07,0.061,0.049,0.034,0.095
212.5,0.077,0.055,0.042,0.031,0.085
213,0.082,0.051,0.046,0.03,0.08
213.5,0.077,0.044,0.044,0.029,0.077
214,0.077,0.059,0.045,0.027,0.082
214.5,0.068,0.069,0.055,0.04,0.081
215,0.066,0.074,0.058,0.043,0.071
215.5,0.065,0.082,0.061,0.052,0.066
216,0.07,0.078,0.062,0.055,0.059
216.5,0.072,0.081,0.053,0.058,0.051
217,0.069,0.078,0.054,0.067,0.053
217.5,0.068,0.079,0.048,0.07,0.057
218,0.061,0.078,0.045,0.075,0.062
218.5,0.054,0.071,0.04,0.071,0.062
219,0.048,0.069,0.038,0.07,0.068
219.5,0.049,0.066,0.044,0.072,0.075
220,0.058,0.073,0.04,0.057,0.074
220.5,0.063,0.07,0.039,0.075,0.079
221,0.072,0.066,0.036,0.076,0.077
221.5,0.08,0.061,0.032,0.075,0.077
222,0.084,0.052,0.029,0.069,0.071
222.5,0.082,0.051,0.021,0.062,0.071
223,0.074,0.046,0.025,0.057,0.074
223.5,0.069,0.057,0.024,0.05,0.068
224,0.06,0.067,0.032,0.056,0.071
224.5,0.047,0.072,0.035,0.058,0.066
225,0.045,0.073,0.034,0.06,0.063
225.5,0.056,0.073,0.035,0.065,0.058
226,0.064,0.079,0.035,0.063,0.045
226.5,0.062,0.078,0.036,0.071,0.051
227,0.062,0.078,0.033,0.068,0.053
227.5,0.056,0.078,0.03,0.068,0.064
228,0.046,0.068,0.029,0.065,0.072
228.5,0.039,0.073,0.025,0.058,0.074
229,0.034,0.069,0.031,0.059,0.076
229.5,0.043,0.072,0.031,0.057,0.074
230,0.049,0.067,0.03,0.065,0.075
230.5,0.054,0.063,0.03,0.067,0.069
231,0.056,0.061,0.025,0.069,0.069
231.5,0.053,0.057,0.02,0.065,0.065
232,0.053,0.054,0.016,0.058,0.056
232.5,0.049,0.051,0.019,0.055,0.062
233,0.046,0.055,0.021,0.046,0.057
233.5,0.044,0.057,0.022,0.039,0.063
234,0.04,0.054,0.023,0.04,0.062
234.5,0.038,0.061,0.022,0.053,0.057
235,0.034,0.058,0.026,0.068,0.048
235.5,0.038,0.06,0.025,0.073,0.038
236,0.04,0.062,0.021,0.085,0.036
236.5,0.038,0.058,0.011,0.082,0.039
237,0.035,0.057,-0.018,0.08,0.045
237.5,0.026,0.055,-0.059,0.074,0.05
238,0.019,0.052,-0.113,0.068,0.047
238.5,0.017,0.049,-0.172,0.069,0.055
239,0.028,0.047,-0.184,0.063,0.056
239.5,0.032,0.049,-0.131,0.065,0.055
240,0.028,0.043,-0.078,0.076,0.05
240.5,0.031,0.044,-0.051,0.075,0.041
241,0.033,0.041,-0.042,0.077,0.043
241.5,0.038,0.038,-0.039,0.064,0.036
242,0.038,0.032,-0.035,0.06,0.041
242.5,0.028,0.029,-0.043,0.05,0.04
243,0.012,0.038,-0.053,0.042,0.041
243.5,-0.004,0.038,-0.047,0.05,0.045
244,-0.017,0.042,-0.038,0.064,0.042
244.5,-0.032,0.04,-0.033,0.076,0.039
245,-0.034,0.037,-0.031,0.079,0.03
245.5,-0.031,0.039,-0.031,0.075,0.024
246,-0.036,0.034,-0.029,0.081,0.025
246.5,-0.056,0.035,-0.025,0.068,0.031
247,-0.103,0.033,-0.026,0.065,0.036
247.5,-0.167,0.032,-0.031,0.059,0.036
248,-0.199,0.032,-0.035,0.059,0.04
248.5,-0.172,0.031,-0.026,0.055,0.042
249,-0.117,0.033,-0.018,0.053,0.038
249.5,-0.083,0.03,-0.019,0.064,0.036
250,-0.063,0.028,-0.02,0.064,0.031
250.5,-0.045,0.028,-0.024,0.066,0.03
251,-0.042,0.026,-0.027,0.057,0.028
251.5,-0.041,0.025,-0.027,0.046,0.027
252,-0.038,0.023,-0.027,0.04,0.029
252.5,-0.031,0.027,-0.019,0.031,0.031
253,-0.026,0.028,-0.014,0.041,0.035
253.5,-0.021,0.026,-0.007,0.054,0.029
254,-0.02,0.027,-0.002,0.054,0.021
254.5,-0.007,0.026,0.006,0.054,0.004
255,0.008,0.027,0.013,0.055,-0.034
255.5,0.002,0.022,0.02,0.063,-0.087
256,-0.015,0.019,0.023,0.055,-0.11
256.5,-0.032,-0.222,0.028,0.052,-0.149
257,-0.039,-0.1,0.033,0.047,-0.167
257.5,-0.033,-0.057,0.034,0.04,-0.131
258,-0.029,-0.08,0.044,0.039,-0.09
258.5,-0.024,-0.117,0.045,0.033,-0.062
259,-0.023,-0.144,0.051,0.04,-0.082
259.5,-0.026,-0.126,0.05,0.041,-0.104
260,-0.022,-0.093,0.046,0.04,-0.04
260.5,-0.015,-0.071,0.042,0.039,-0.018
261,-0.006,-0.056,0.032,0.034,-0.018
261.5,0.001,-0.041,0.038,0.031,-0.007
262,0.008,-0.031,0.05,0.024,0.015
262.5,0.015,-0.026,0.059,0.019,0.014
263,0.02,-0.031,0.06,0.02,-0.002
263.5,0.024,-0.045,0.063,0.03,-0.017
264,0.027,-0.045,0.07,0.035,-0.035
264.5,0.038,-0.045,0.066,0.038,-0.048
265,0.043,-0.043,0.068,0.043,-0.043
265.5,0.043,-0.041,0.064,0.041,-0.034
266,0.039,-0.038,0.06,0.037,-0.032
266.5,0.034,-0.035,0.061,0.034,-0.025
267,0.035,-0.021,0.057,0.027,-0.011
267.5,0.032,-0.022,0.073,0.029,-0.006
268,0.039,-0.026,0.07,0.027,-0.011
268.5,0.04,-0.023,0.064,0.029,-0.016
269,0.044,-0.027,0.057,0.029,-0.018
269.5,0.049,-0.035,0.052,0.028,-0.005
270,0.054,-0.044,0.051,0.027,0.004
270.5,0.061,-0.045,0.046,0.02,0.006
271,0.062,-0.044,0.057,0.016,0.018
271.5,0.061,-0.036,0.062,0.005,0.032
272,0.06,-0.028,0.062,-0.007,0.032
272.5,0.056,-0.019,0.068,-0.018,0.029
273,0.056,-0.012,0.069,-0.059,0.026
273.5,0.056,-0.007,0.071,-0.106,0.026
274,0.065,0.001,0.071,-0.144,0.019
274.5,0.067,0.011,0.075,-0.161,0.014
275,0.065,0.02,0.067,-0.147,0.02
275.5,0.065,0.029,0.061,-0.108,0.027
276,0.057,0.034,0.068,-0.074,0.041
276.5,0.055,0.035,0.07,-0.058,0.047
277,0.048,0.035,0.075,-0.055,0.056
277.5,0.048,0.042,0.073,-0.021,0.058
278,0.054,0.052,0.063,-0.015,0.066
278.5,0.062,0.051,0.062,-0.027,0.066
279,0.07,0.054,0.056,0.001,0.061
279.5,0.075,0.052,0.053,0.014,0.066
280,0.079,0.05,0.045,-0.006,0.057
280.5,0.08,0.047,0.051,-0.037,0.062
281,0.078,0.042,0.062,-0.06,0.066
281.5,0.078,0.052,0.062,-0.051,0.067
282,0.071,0.059,0.07,-0.024,0.066
282.5,0.072,0.066,0.071,-0.02,0.06
283,0.071,0.072,0.073,-0.019,0.06
283.5,0.078,0.072,0.072,-0.018,0.052
284,0.08,0.076,0.068,-0.023,0.047
284.5,0.073,0.072,0.069,-0.03,0.046
285,0.072,0.073,0.066,-0.033,0.05
285.5,0.066,0.072,0.067,-0.033,0.065
286,0.06,0.065,0.072,-0.025,0.066
286.5,0.055,0.06,0.067,-0.016,0.073
287,0.051,0.058,0.064,-0.01,0.077
287.5,0.061,0.069,0.06,-0.011,0.069
288,0.068,0.069,0.061,-0.008,0.073
288.5,0.077,0.067,0.054,-0.006,0.069
289,0.079,0.065,0.048,-0.009,0.07
289.5,0.082,0.055,0.045,-0.01,0.065
290,0.084,0.053,0.04,-0.011,0.065
290.5,0.078,0.046,0.057,-0.013,0.065
291,0.08,0.055,0.061,0.002,0.065
291.5,0.076,0.06,0.065,0.014,0.069
292,0.075,0.068,0.07,0.022,0.062
292.5,0.077,0.075,0.071,0.026,0.058
293,0.078,0.078,0.072,0.032,0.055
293.5,0.078,0.085,0.07,0.034,0.046
294,0.072,0.086,0.07,0.043,0.048
294.5,0.072,0.087,0.064,0.047,0.055
295,0.067,0.085,0.06,0.047,0.066
295.5,0.06,0.076,0.061,0.046,0.07
296,0.056,0.077,0.05,0.043,0.073
296.5,0.048,0.071,0.059,0.048,0.072
297,0.056,0.082,0.059,0.051,0.07
297.5,0.067,0.085,0.057,0.056,0.077
298,0.072,0.077,0.049,0.06,0.075
298.5,0.077,0.072,0.041,0.06,0.075
299,0.075,0.065,0.034,0.056,0.075
299.5,0.074,0.062,0.026,0.05,0.065
300,0.071,0.053,0.032,0.049,0.07
300.5,0.07,0.047,0.033,0.053,0.068
301,0.066,0.055,0.036,0.062,0.073
301.5,0.064,0.062,0.039,0.063,0.068
302,0.068,0.073,0.036,0.058,0.064
302.5,0.064,0.072,0.043,0.067,0.058
303,0.065,0.078,0.041,0.065,0.05
303.5,0.062,0.079,0.04,0.074,0.058
304,0.06,0.076,0.036,0.082,0.062
304.5,0.058,0.076,0.03,0.081,0.065
305,0.051,0.07,0.022,0.079,0.066
305.5,0.045,0.067,0.021,0.072,0.061
306,0.036,0.059,0.029,0.07,0.069
306.5,0.036,0.058,0.033,0.068,0.067
307,0.047,0.066,0.033,0.065,0.071
307.5,0.051,0.065,0.032,0.074,0.074
308,0.057,0.07,0.026,0.064,0.067
308.5,0.055,0.064,0.025,0.067,0.064
309,0.059,0.057,0.018,0.06,0.065
309.5,0.055,0.048,0.017,0.057,0.065
310,0.051,0.04,0.024,0.063,0.066
310.5,0.05,0.04,0.026,0.062,0.064
311,0.044,0.048,0.029,0.059,0.06
311.5,0.042,0.063,0.034,0.061,0.05
312,0.043,0.077,0.036,0.071,0.054
312.5,0.041,0.08,0.034,0.073,0.047
313,0.04,0.083,0.029,0.077,0.043
313.5,0.038,0.074,0.025,0.077,0.052
314,0.036,0.073,0.015,0.066,0.053
314.5,0.031,0.057,0.01,0.072,0.055
315,0.029,0.05,0.012,0.066,0.053
315.5,0.024,0.044,0.02,0.065,0.055
316,0.024,0.037,0.024,0.066,0.056
316.5,0.031,0.054,0.019,0.06,0.056
317,0.031,0.062,0.016,0.065,0.055
317.5,0.037,0.064,-0.007,0.063,0.046
318,0.037,0.057,-0.067,0.064,0.049
318.5,0.04,0.044,-0.158,0.059,0.045
319,0.039,0.041,-0.213,0.051,0.045
319.5,0.034,0.034,-0.202,0.05,0.045
320,0.032,0.033,-0.147,0.06,0.042
320.5,0.031,0.043,-0.097,0.064,0.043
321,0.031,0.048,-0.072,0.063,0.039
321.5,0.03,0.05,-0.059,0.072,0.041
322,0.028,0.047,-0.05,0.077,0.035
322.5,0.025,0.052,-0.043,0.069,0.028
323,0.023,0.048,-0.035,0.076,0.034
323.5,0.023,0.04,-0.03,0.07,0.036
324,0.02,0.04,-0.029,0.075,0.041
324.5,0.017,0.038,-0.027,0.07,0.04
325,0.013,0.04,-0.03,0.065,0.04
325.5,0.014,0.036,-0.025,0.062,0.042
326,0.019,0.033,-0.017,0.053,0.038
326.5,0.013,0.035,-0.019,0.066,0.043
327,0.011,0.037,-0.026,0.067,0.039
327.5,0.004,0.037,-0.034,0.067,0.039
328,-0.021,0.031,-0.038,0.054,0.036
328.5,-0.065,0.028,-0.03,0.047,0.032
329,-0.128,0.022,-0.029,0.045,0.035
329.5,-0.178,0.022,-0.032,0.046,0.035
330,-0.189,0.029,-0.036,0.048,0.031
330.5,-0.156,0.032,-0.037,0.052,0.029
331,-0.117,0.034,-0.033,0.052,0.03
331.5,-0.094,0.033,-0.026,0.061,0.029
332,-0.078,0.038,-0.017,0.06,0.023
332.5,-0.053,0.038,-0.011,0.064,0.027
333,-0.044,0.034,-0.006,0.061,0.028
333.5,-0.047,0.032,0.002,0.056,0.031
334,-0.05,0.028,0.011,0.055,0.029
334.5,-0.054,0.029,0.017,0.044,0.027
335,-0.043,0.025,0.036,0.042,0.024
335.5,-0.035,0.025,0.034,0.039,0.011
336,-0.035,0.027,0.033,0.048,-0.017
336.5,-0.034,0.023,0.031,0.046,-0.074
337,-0.036,0.012,0.026,0.039,-0.138
337.5,-0.038,-0.019,0.025,0.039,-0.166
338,-0.037,-0.077,0.025,0.033,-0.144
338.5,-0.032,-0.167,0.033,0.031,-0.097
339,-0.024,-0.239,0.037,0.026,-0.057
339.5,-0.015,-0.244,0.039,0.026,-0.028
340,-0.011,-0.196,0.053,0.027,-0.02
340.5,-0.009,-0.142,0.057,0.031,-0.025
341,-0.011,-0.095,0.063,0.037,-0.027
341.5,-0.02,-0.068,0.063,0.037,-0.024
342,-0.023,-0.058,0.065,0.04,-0.024
342.5,-0.024,-0.051,0.064,0.039,-0.022
343,-0.015,-0.05,0.058,0.035,-0.023
343.5,-0.007,-0.039,0.06,0.036,-0.025
344,0.004,-0.033,0.058,0.032,-0.032
344.5,0.02,-0.03,0.067,0.031,-0.037
345,0.029,-0.029,0.069,0.03,-0.039
345.5,0.029,-0.015,0.066,0.03,-0.033
346,0.022,-0.011,0.065,0.033,-0.028
346.5,0.021,-0.021,0.059,0.03,-0.024
347,0.026,-0.034,0.056,0.032,-0.024
347.5,0.034,-0.047,0.054,0.028,-0.025
348,0.04,-0.041,0.053,0.025,-0.022
348.5,0.045,-0.031,0.057,0.019,-0.012
349,0.051,-0.031,0.058,0.02,-0.012
349.5,0.05,-0.029,0.067,0.022,-0.014
350,0.054,-0.032,0.068,0.024,-0.017
350.5,0.051,-0.036,0.072,0.026,-0.02
351,0.049,-0.037,0.07,0.024,-0.019
351.5,0.054,-0.035,0.069,0.02,-0.008
352,0.055,-0.025,0.071,0.023,0
352.5,0.056,-0.01,0.065,0.024,0.004
353,0.053,0.004,0.063,0.022,0.01
353.5,0.054,0.012,0.064,0.014,0.014
354,0.059,0.019,0.072,-0.008,0.021
354.5,0.06,0.016,0.077,-0.05,0.027
355,0.06,0.024,0.069,-0.114,0.03
355.5,0.06,0.033,0.067,-0.174,0.035
356,0.069,0.033,0.059,-0.171,0.036
356.5,0.071,0.033,0.053,-0.115,0.037
357,0.076,0.029,0.046,-0.065,0.038
357.5,0.078,0.029,0.035,-0.039,0.038
358,0.076,0.03,0.047,-0.028,0.049
358.5,0.079,0.04,0.06,-0.026,0.055
359,0.076,0.043,0.071,-0.035,0.06
359.5,0.074,0.046,0.075,-0.057,0.056
360,0.07,0.055,0.074,-0.056,0.055
360.5,0.065,0.059,0.074,-0.047,0.053
361,0.072,0.063,0.069,-0.031,0.044
361.5,0.07,0.062,0.069,-0.028,0.047
362,0.071,0.062,0.066,-0.028,0.051
362.5,0.064,0.062,0.065,-0.027,0.062
363,0.057,0.059,0.063,-0.021,0.069
363.5,0.054,0.063,0.061,-0.019,0.07
364,0.055,0.058,0.072,-0.027,0.073
364.5,0.059,0.061,0.07,-0.033,0.07
365,0.058,0.065,0.069,-0.022,0.078
365.5,0.061,0.061,0.064,-0.016,0.075
366,0.067,0.057,0.055,-0.017,0.073
366.5,0.07,0.053,0.05,-0.019,0.075
367,0.074,0.055,0.048,-0.02,0.059
367.5,0.075,0.059,0.055,-0.023,0.069
368,0.076,0.061,0.061,-0.024,0.073
368.5,0.073,0.059,0.073,-0.027,0.074
369,0.07,0.061,0.078,-0.021,0.069
369.5,0.07,0.075,0.074,-0.017,0.065
370,0.066,0.078,0.079,-0.014,0.06
370.5,0.079,0.082,0.08,-0.005,0.055
371,0.076,0.086,0.076,0,0.051
371.5,0.073,0.081,0.074,0.007,0.052
372,0.07,0.08,0.065,0.014,0.061
372.5,0.064,0.075,0.062,0.02,0.07
373,0.061,0.074,0.065,0.023,0.063
373.5,0.063,0.069,0.07,0.029,0.073
374,0.062,0.068,0.068,0.033,0.07
374.5,0.065,0.076,0.063,0.037,0.072
375,0.072,0.07,0.056,0.045,0.072
375.5,0.075,0.072,0.045,0.043,0.066
376,0.072,0.063,0.04,0.045,0.064
376.5,0.081,0.064,0.033,0.044,0.06
377,0.078,0.069,0.036,0.043,0.062
377.5,0.077,0.064,0.039,0.037,0.059
378,0.074,0.065,0.04,0.034,0.067
378.5,0.067,0.067,0.044,0.048,0.068
379,0.067,0.074,0.045,0.055,0.059
379.5,0.071,0.075,0.047,0.061,0.061
380,0.073,0.076,0.048,0.064,0.053
380.5,0.071,0.078,0.045,0.069,0.05
381,0.069,0.076,0.043,0.07,0.044
381.5,0.068,0.079,0.038,0.061,0.05
382,0.059,0.072,0.041,0.066,0.064
382.5,0.054,0.072,0.035,0.061,0.068
383,0.045,0.067,0.034,0.061,0.086
383.5,0.04,0.064,0.037,0.062,0.088
384,0.053,0.076,0.034,0.068,0.087
384.5,0.057,0.075,0.036,0.068,0.083
385,0.061,0.071,0.033,0.064,0.07
385.5,0.064,0.064,0.029,0.063,0.065
386,0.065,0.056,0.026,0.057,0.055
386.5,0.065,0.057,0.024,0.051,0.048
387,0.061,0.056,0.025,0.047,0.068
387.5,0.056,0.059,0.028,0.049,0.069
388,0.047,0.06,0.031,0.063,0.071
388.5,0.046,0.068,0.032,0.062,0.065
389,0.049,0.077,0.033,0.068,0.061
389.5,0.05,0.076,0.036,0.073,0.054
390,0.054,0.081,0.033,0.069,0.046
390.5,0.05,0.076,0.033,0.069,0.045
391,0.05,0.074,0.026,0.065,0.049
391.5,0.044,0.073,0.03,0.07,0.064
392,0.036,0.065,0.024,0.068,0.065
392.5,0.028,0.06,0.019,0.066,0.069
393,0.024,0.062,0.024,0.07,0.072
393.5,0.031,0.061,0.026,0.069,0.062
394,0.038,0.065,0.028,0.073,0.061
394.5,0.044,0.066,0.026,0.065,0.055
395,0.045,0.06,0.024,0.063,0.056
395.5,0.047,0.049,0.019,0.058,0.055
396,0.049,0.045,0.013,0.05,0.053
396.5,0.046,0.041,0.019,0.049,0.05
397,0.045,0.048,0.02,0.048,0.05
397.5,0.037,0.054,0.016,0.064,0.057
398,0.033,0.052,-0.001,0.066,0.051
398.5,0.033,0.06,-0.037,0.061,0.047
399,0.032,0.057,-0.091,0.075,0.038
399.5,0.041,0.059,-0.151,0.072,0.032
400,0.043,0.056,-0.168,0.075,0.033
400.5,0.043,0.053,-0.137,0.071,0.039
401,0.037,0.049,-0.092,0.068,0.047
401.5,0.03,0.042,-0.062,0.067,0.047
402,0.026,0.042,-0.048,0.062,0.043
402.5,0.019,0.041,-0.043,0.072,0.05
403,0.017,0.049,-0.038,0.071,0.047
403.5,0.022,0.049,-0.039,0.068,0.051
404,0.029,0.043,-0.041,0.064,0.047
404.5,0.034,0.044,-0.042,0.06,0.044
405,0.034,0.038,-0.043,0.057,0.041
405.5,0.032,0.033,-0.044,0.048,0.035
406,0.021,0.029,-0.041,0.045,0.033
406.5,0.01,0.029,-0.04,0.045,0.036
407,-0.029,0.032,-0.039,0.055,0.04
407.5,-0.099,0.035,-0.04,0.062,0.037
408,-0.164,0.04,-0.039,0.061,0.032
408.5,-0.187,0.043,-0.042,0.07,0.031
409,-0.164,0.041,-0.045,0.074,0.023
409.5,-0.141,0.041,-0.047,0.079,0.02
410,-0.118,0.034,-0.044,0.072,0.02
410.5,-0.103,0.034,-0.036,0.066,0.024
411,-0.092,0.031,-0.028,0.067,0.031
411.5,-0.089,0.028,-0.021,0.06,0.032
412,-0.081,0.027,-0.015,0.063,0.037
412.5,-0.068,0.028,-0.009,0.059,0.037
413,-0.046,0.031,-0.007,0.061,0.033
413.5,-0.031,0.027,-0.003,0.063,0.028
414,-0.022,0.026,-0.002,0.056,0.024
414.5,-0.021,0.022,0.001,0.054,0.021
415,-0.023,0.016,0.004,0.043,0.019
415.5,-0.026,0.013,0.016,0.036,0.006
416,-0.032,0.012,0.023,0.029,-0.008
416.5,-0.034,0.016,0.024,0.03,-0.022
417,-0.037,0.013,0.029,0.037,-0.055
417.5,-0.033,0.004,0.03,0.036,-0.111
418,-0.016,-0.019,0.031,0.041,-0.163
418.5,0.001,-0.061,0.037,0.042,-0.166
419,0.008,-0.12,0.039,0.044,-0.119
419.5,0.001,-0.174,0.043,0.044,-0.065
420,-0.013,-0.192,0.042,0.04,-0.047
420.5,-0.03,-0.165,0.049,0.04,-0.039
421,-0.045,-0.116,0.05,0.032,-0.024
421.5,-0.048,-0.085,0.051,0.025,-0.024
422,-0.042,-0.068,0.057,0.023,-0.028
422.5,-0.031,-0.061,0.052,0.027,-0.029
423,-0.022,-0.046,0.051,0.034,-0.025
423.5,-0.018,-0.032,0.044,0.034,-0.014
424,-0.009,-0.026,0.033,0.035,-0.008
424.5,0,-0.025,0.049,0.03,-0.007
425,0.01,-0.028,0.059,0.025,-0.012
425.5,0.016,-0.032,0.063,0.022,-0.007
426,0.022,-0.039,0.061,0.016,-0.001
426.5,0.026,-0.035,0.071,0.026,-0.005
427,0.029,-0.031,0.075,0.029,-0.013
427.5,0.033,-0.028,0.073,0.03,-0.024
428,0.036,-0.026,0.082,0.037,-0.03
428.5,0.04,-0.029,0.085,0.035,-0.031
429,0.046,-0.024,0.092,0.037,-0.019
429.5,0.052,-0.024,0.089,0.031,-0.018
430,0.05,-0.026,0.082,0.028,-0.02
430.5,0.048,-0.025,0.077,0.02,-0.016
431,0.046,-0.024,0.064,0.011,-0.011
431.5,0.049,-0.021,0.077,0.013,-0.007
432,0.059,-0.017,0.072,0.019,-0.003
432.5,0.061,-0.015,0.069,0.026,-0.001
433,0.066,-0.012,0.06,0.025,0.006
433.5,0.069,-0.008,0.054,0.02,0.014
434,0.069,-0.006,0.048,0.011,0.022
434.5,0.072,-0.007,0.052,-0.015,0.023
435,0.072,-0.006,0.06,-0.074,0.02
435.5,0.076,-0.002,0.059,-0.146,0.026
436,0.073,-0.003,0.064,-0.181,0.036
436.5,0.071,0.009,0.064,-0.176,0.029
437,0.073,0.018,0.068,-0.133,0.028
437.5,0.067,0.025,0.078,-0.092,0.029
438,0.068,0.03,0.074,-0.066,0.035
438.5,0.065,0.04,0.076,-0.055,0.047
439,0.062,0.045,0.072,-0.044,0.047
439.5,0.057,0.052,0.064,-0.032,0.058
440,0.05,0.055,0.063,-0.029,0.059
440.5,0.045,0.059,0.059,-0.026,0.062
441,0.042,0.061,0.07,-0.025,0.071
441.5,0.052,0.067,0.067,-0.029,0.069
442,0.06,0.069,0.061,-0.026,0.072
442.5,0.064,0.062,0.057,-0.015,0.07
443,0.067,0.064,0.049,-0.013,0.071
443.5,0.067,0.06,0.052,-0.02,0.066
444,0.075,0.056,0.055,-0.03,0.061
444.5,0.073,0.05,0.06,-0.038,0.058
445,0.074,0.042,0.064,-0.031,0.064
445.5,0.072,0.056,0.068,-0.026,0.067
446,0.068,0.064,0.077,-0.027,0.065
446.5,0.068,0.069,0.077,-0.034,0.055
447,0.069,0.073,0.082,-0.039,0.061
447.5,0.076,0.077,0.079,-0.037,0.062
448,0.079,0.08,0.074,-0.029,0.064
448.5,0.077,0.073,0.074,-0.022,0.063
449,0.068,0.074,0.064,-0.016,0.06
449.5,0.06,0.068,0.066,-0.009,0.064
450,0.057,0.065,0.066,-0.004,0.065
450.5,0.058,0.067,0.063,0.003,0.068
451,0.06,0.069,0.067,0.011,0.068
451.5,0.064,0.072,0.061,0.027,0.072
452,0.063,0.068,0.059,0.031,0.073
452.5,0.07,0.067,0.05,0.03,0.063
453,0.072,0.061,0.041,0.027,0.066
453.5,0.075,0.055,0.039,0.023,0.062
454,0.075,0.05,0.043,0.022,0.066
454.5,0.075,0.041,0.046,0.023,0.069
455,0.075,0.047,0.05,0.026,0.066
455.5,0.07,0.061,0.059,0.035,0.065
456,0.074,0.07,0.064,0.036,0.059
456.5,0.076,0.076,0.068,0.045,0.057
457,0.075,0.074,0.065,0.052,0.055
457.5,0.076,0.081,0.057,0.055,0.06
458,0.067,0.078,0.058,0.062,0.06
458.5,0.065,0.078,0.05,0.062,0.055
459,0.059,0.076,0.047,0.064,0.064
459.5,0.054,0.07,0.044,0.061,0.066
460,0.049,0.07,0.046,0.058,0.075
460.5,0.056,0.067,0.051,0.057,0.078
461,0.062,0.075,0.051,0.059,0.072
461.5,0.063,0.075,0.051,0.07,0.073
462,0.065,0.071,0.044,0.067,0.069
462.5,0.064,0.069,0.035,0.067,0.071
463,0.066,0.056,0.028,0.062,0.07
463.5,0.067,0.054,0.023,0.053,0.068
464,0.063,0.049,0.033,0.054,0.07
464.5,0.064,0.051,0.037,0.05,0.066
465,0.061,0.064,0.042,0.056,0.068
465.5,0.06,0.071,0.045,0.062,0.062
466,0.055,0.079,0.044,0.064,0.059
466.5,0.056,0.077,0.043,0.067,0.051
467,0.055,0.079,0.039,0.066,0.046
467.5,0.052,0.076,0.036,0.071,0.06
468,0.052,0.071,0.031,0.067,0.059
468.5,0.048,0.068,0.029,0.068,0.07
469,0.044,0.061,0.028,0.067,0.073
469.5,0.039,0.067,0.029,0.056,0.075
470,0.036,0.068,0.037,0.062,0.073
470.5,0.045,0.072,0.036,0.069,0.07
471,0.052,0.071,0.034,0.075,0.073
471.5,0.055,0.067,0.03,0.073,0.069
472,0.055,0.063,0.023,0.064,0.065
472.5,0.051,0.056,0.017,0.059,0.061
473,0.052,0.05,0.008,0.051,0.051
473.5,0.052,0.043,0.014,0.046,0.068
474,0.05,0.041,0.022,0.038,0.065
474.5,0.051,0.057,0.027,0.048,0.062
475,0.049,0.061,0.029,0.063,0.059
475.5,0.046,0.071,0.026,0.067,0.054
476,0.04,0.07,0.029,0.076,0.047
476.5,0.039,0.072,0.022,0.071,0.039
477,0.038,0.067,0.01,0.075,0.049
477.5,0.037,0.06,-0.01,0.071,0.047
478,0.036,0.059,-0.041,0.066,0.051
478.5,0.033,0.051,-0.09,0.065,0.053
479,0.033,0.051,-0.168,0.059,0.053
479.5,0.033,0.049,-0.194,0.062,0.057
480,0.031,0.044,-0.156,0.067,0.053
480.5,0.033,0.049,-0.112,0.067,0.05
481,0.029,0.047,-0.093,0.072,0.044
481.5,0.027,0.048,-0.099,0.064,0.04
482,0.027,0.041,-0.106,0.065,0.04
482.5,0.029,0.035,-0.079,0.057,0.037
483,0.029,0.028,-0.05,0.053,0.042
483.5,0.03,0.025,-0.04,0.049,0.045
484,0.025,0.035,-0.032,0.054,0.039
484.5,0.023,0.039,-0.011,0.061,0.039
485,0.023,0.042,-0.009,0.068,0.034
485.5,0.013,0.045,-0.017,0.078,0.033
486,0.009,0.044,-0.03,0.082,0.027
486.5,0.01,0.047,-0.041,0.08,0.024
487,0.003,0.046,-0.045,0.08,0.027
487.5,-0.01,0.046,-0.028,0.074,0.031
488,-0.035,0.039,-0.019,0.074,0.036
488.5,-0.061,0.035,0,0.068,0.035
489,-0.093,0.036,0.017,0.067,0.039
489.5,-0.113,0.035,0.017,0.068,0.04
490,-0.128,0.042,0.005,0.065,0.035
490.5,-0.136,0.038,-0.009,0.071,0.034
491,-0.131,0.037,-0.023,0.063,0.031
491.5,-0.113,0.035,-0.038,0.058,0.031
492,-0.092,0.03,-0.042,0.048,0.027
492.5,-0.068,0.025,-0.033,0.038,0.029
493,-0.049,0.022,-0.02,0.036,0.028
493.5,-0.036,0.027,-0.003,0.035,0.028
494,-0.028,0.029,0.009,0.042,0.03
494.5,-0.024,0.035,0.016,0.046,0.026
495,-0.024,0.036,0.022,0.045,0.022
495.5,-0.017,0.034,0.027,0.049,0.015
496,-0.01,0.034,0.025,0.046,0.015
496.5,-0.01,0.025,0.024,0.05,0.015
497,-0.016,0.002,0.024,0.045,0.004
497.5,-0.024,-0.061,0.026,0.045,-0.023
498,-0.031,-0.149,0.036,0.042,-0.076
498.5,-0.035,-0.183,0.04,0.04,-0.128
499,-0.034,-0.17,0.052,0.038,-0.146
499.5,-0.031,-0.147,0.05,0.034,-0.111
500,-0.036,-0.114,0.049,0.038,-0.063
500.5,-0.042,-0.084,0.048,0.039,-0.037
501,-0.041,-0.067,0.044,0.037,-0.022
501.5,-0.039,-0.075,0.043,0.034,-0.014
502,-0.034,-0.096,0.037,0.028,-0.019
502.5,-0.029,-0.08,0.047,0.027,-0.021
503,-0.026,-0.059,0.056,0.025,-0.013
503.5,-0.024,-0.041,0.064,0.025,-0.013
504,-0.022,-0.031,0.067,0.032,-0.012
504.5,-0.015,-0.016,0.068,0.03,-0.016
505,-0.01,-0.013,0.073,0.032,-0.021
505.5,0.006,-0.018,0.069,0.032,-0.027
506,0.018,-0.027,0.07,0.038,-0.033
506.5,0.023,-0.031,0.068,0.038,-0.04
507,0.024,-0.035,0.059,0.035,-0.035
507.5,0.023,-0.028,0.061,0.03,-0.037
508,0.022,-0.011,0.06,0.027,-0.038
508.5,0.019,-0.006,0.067,0.025,-0.038
509,0.018,-0.002,0.064,0.021,-0.036
509.5,0.026,0.005,0.061,0.026,-0.033
510,0.039,0.006,0.057,0.032,-0.029
510.5,0.053,-0.007,0.049,0.029,-0.027
511,0.061,-0.029,0.049,0.028,-0.021
511.5,0.072,-0.045,0.041,0.023,-0.02
512,0.069,-0.056,0.053,0.02,-0.014
512.5,0.07,-0.049,0.061,0.018,-0.006
513,0.068,-0.039,0.064,0.021,0.001
513.5,0.066,-0.028,0.07,0.023,0.009
514,0.069,-0.012,0.069,0.022,0.015
514.5,0.068,-0.003,0.073,0.021,0.018
515,0.071,0.004,0.073,0.009,0.017
515.5,0.07,0.013,0.075,-0.02,0.015
516,0.066,0.017,0.074,-0.075,0.018
516.5,0.065,0.024,0.066,-0.132,0.028
517,0.058,0.027,0.071,-0.154,0.034
517.5,0.058,0.032,0.068,-0.13,0.037
518,0.053,0.039,0.07,-0.096,0.049
518.5,0.051,0.04,0.07,-0.06,0.054
519,0.062,0.041,0.063,-0.044,0.056
519.5,0.068,0.045,0.063,-0.037,0.061
520,0.077,0.052,0.057,-0.034,0.056
520.5,0.079,0.054,0.057,-0.037,0.058
521,0.083,0.053,0.058,-0.04,0.055
521.5,0.081,0.051,0.057,-0.038,0.064
522,0.075,0.048,0.062,-0.038,0.068
522.5,0.076,0.052,0.061,-0.037,0.064
523,0.07,0.056,0.067,-0.037,0.062
523.5,0.069,0.062,0.069,-0.036,0.056
524,0.066,0.065,0.071,-0.037,0.052
524.5,0.074,0.063,0.075,-0.036,0.047
525,0.079,0.069,0.068,-0.036,0.043
525.5,0.073,0.07,0.072,-0.041,0.045
526,0.072,0.071,0.069,-0.042,0.056
526.5,0.066,0.069,0.069,-0.041,0.065
527,0.059,0.064,0.072,-0.034,0.064
527.5,0.054,0.064,0.07,-0.029,0.07
528,0.048,0.057,0.068,-0.026,0.073
528.5,0.055,0.066,0.062,-0.023,0.065
529,0.066,0.072,0.063,-0.017,0.067
529.5,0.077,0.07,0.057,-0.014,0.063
530,0.078,0.069,0.054,-0.009,0.066
530.5,0.08,0.059,0.049,-0.005,0.065
531,0.082,0.059,0.046,-0.003,0.064
531.5,0.075,0.051,0.059,0,0.067
532,0.074,0.059,0.058,0.011,0.064
532.5,0.071,0.061,0.061,0.018,0.067
533,0.071,0.06,0.063,0.019,0.059
533.5,0.072,0.07,0.058,0.022,0.058
534,0.074,0.072,0.06,0.029,0.051
534.5,0.077,0.077,0.059,0.025,0.042
535,0.075,0.077,0.061,0.031,0.051
535.5,0.076,0.077,0.058,0.035,0.061
536,0.069,0.076,0.056,0.037,0.07
536.5,0.061,0.067,0.054,0.04,0.074
537,0.054,0.067,0.05,0.038,0.071
537.5,0.045,0.063,0.055,0.042,0.069
538,0.049,0.068,0.048,0.043,0.064
538.5,0.06,0.075,0.048,0.053,0.066
539,0.07,0.071,0.047,0.053,0.062
539.5,0.078,0.071,0.042,0.048,0.064
540,0.08,0.064,0.035,0.044,0.066
540.5,0.082,0.06,0.034,0.032,0.061
541,0.081,0.053,0.042,0.045,0.072
541.5,0.079,0.054,0.045,0.056,0.067
542,0.076,0.06,0.046,0.061,0.067
542.5,0.069,0.062,0.046,0.065,0.065
543,0.065,0.074,0.042,0.065,0.058
543.5,0.055,0.078,0.049,0.074,0.051
544,0.057,0.087,0.047,0.072,0.041
544.5,0.064,0.093,0.047,0.081,0.047
545,0.063,0.086,0.049,0.086,0.062
545.5,0.059,0.085,0.043,0.085,0.073
546,0.049,0.08,0.042,0.084,0.079
546.5,0.041,0.078,0.039,0.078,0.073
547,0.036,0.072,0.041,0.075,0.081
547.5,0.043,0.072,0.035,0.07,0.074
548,0.052,0.081,0.033,0.072,0.073
548.5,0.054,0.074,0.034,0.071,0.07
549,0.06,0.072,0.03,0.062,0.066
549.5,0.059,0.064,0.029,0.057,0.064
550,0.064,0.058,0.025,0.05,0.061
550.5,0.062,0.05,0.03,0.046,0.063
551,0.059,0.038,0.031,0.053,0.06
551.5,0.058,0.04,0.028,0.056,0.058
552,0.049,0.046,0.029,0.058,0.058
552.5,0.042,0.054,0.028,0.061,0.051
553,0.037,0.059,0.029,0.067,0.049
553.5,0.042,0.058,0.03,0.074,0.041
554,0.046,0.06,0.025,0.076,0.04
554.5,0.044,0.061,0.023,0.074,0.054
555,0.043,0.062,0.024,0.07,0.057
555.5,0.036,0.058,0.023,0.072,0.063
556,0.03,0.052,0.018,0.065,0.063
556.5,0.023,0.05,0.016,0.064,0.069
557,0.021,0.048,0.011,0.061,0.072
557.5,0.026,0.057,0.004,0.064,0.066
558,0.029,0.048,-0.004,0.068,0.064
558.5,0.034,0.049,-0.025,0.059,0.057
559,0.036,0.047,-0.057,0.058,0.056
559.5,0.04,0.041,-0.098,0.052,0.051
560,0.039,0.039,-0.127,0.048,0.055
560.5,0.034,0.033,-0.142,0.058,0.055
561,0.031,0.028,-0.148,0.057,0.05
561.5,0.027,0.038,-0.127,0.063,0.053
562,0.026,0.042,-0.097,0.07,0.046
562.5,0.026,0.045,-0.07,0.074,0.042
563,0.026,0.043,-0.052,0.079,0.034
563.5,0.029,0.047,-0.038,0.076,0.031
564,0.029,0.047,-0.032,0.079,0.035
564.5,0.031,0.046,-0.025,0.072,0.034
565,0.026,0.043,-0.023,0.075,0.038
565.5,0.019,0.038,-0.027,0.069,0.038
566,0.011,0.041,-0.024,0.061,0.037
566.5,0.005,0.036,-0.022,0.07,0.04
567,0.008,0.035,-0.022,0.062,0.037
567.5,0.016,0.039,-0.026,0.068,0.039
568,0.014,0.039,-0.031,0.065,0.033
568.5,-0.003,0.039,-0.034,0.06,0.024
569,-0.038,0.032,-0.037,0.052,0.022
569.5,-0.098,0.028,-0.034,0.039,0.029
570,-0.171,0.024,-0.034,0.041,0.032
570.5,-0.233,0.022,-0.034,0.043,0.032
571,-0.215,0.028,-0.035,0.049,0.032
571.5,-0.153,0.032,-0.035,0.058,0.031
572,-0.101,0.034,-0.033,0.057,0.027
572.5,-0.072,0.033,-0.03,0.065,0.022
573,-0.04,0.037,-0.026,0.064,0.012
573.5,-0.025,0.036,-0.021,0.066,0.018
574,-0.029,0.033,-0.018,0.062,0.021
574.5,-0.032,0.033,-0.013,0.059,0.025
575,-0.049,0.028,-0.013,0.054,0.036
575.5,-0.059,0.027,-0.007,0.046,0.034
576,-0.047,0.024,0.011,0.049,0.032
576.5,-0.038,0.019,0.02,0.048,0.024
577,-0.025,0.011,0.024,0.056,0.011
577.5,-0.016,0.01,0.025,0.055,-0.033
578,-0.016,0.008,0.025,0.05,-0.097
578.5,-0.021,-0.009,0.025,0.045,-0.138
579,-0.026,-0.042,0.022,0.035,-0.132
579.5,-0.025,-0.09,0.032,0.028,-0.102
580,-0.021,-0.13,0.039,0.028,-0.063
580.5,-0.015,-0.159,0.045,0.035,-0.031
581,-0.013,-0.166,0.059,0.042,-0.026
581.5,-0.008,-0.142,0.061,0.04,-0.045
582,-0.007,-0.106,0.07,0.048,-0.07
582.5,-0.011,-0.077,0.072,0.046,-0.078
583,-0.006,-0.061,0.074,0.044,-0.064
583.5,-0.001,-0.051,0.073,0.039,-0.037
584,0.001,-0.043,0.068,0.034,-0.021
584.5,0.001,-0.032,0.067,0.034,-0.013
585,0.006,-0.025,0.064,0.03,-0.02
585.5,0.017,-0.024,0.075,0.031,-0.029
586,0.025,-0.019,0.074,0.035,-0.031
586.5,0.028,-0.012,0.067,0.034,-0.031
587,0.029,-0.013,0.067,0.037,-0.029
587.5,0.03,-0.021,0.061,0.033,-0.023
588,0.032,-0.03,0.058,0.031,-0.023
588.5,0.037,-0.038,0.05,0.023,-0.021
589,0.04,-0.04,0.051,0.018,-0.019
589.5,0.045,-0.038,0.053,0.01,-0.016
590,0.05,-0.039,0.06,0.016,-0.004
590.5,0.054,-0.038,0.068,0.026,-0.001
591,0.058,-0.039,0.067,0.027,-0.005
591.5,0.054,-0.039,0.071,0.03,-0.006
592,0.053,-0.038,0.076,0.03,-0.007
592.5,0.06,-0.039,0.067,0.029,0.001
593,0.064,-0.035,0.068,0.027,0.008
593.5,0.065,-0.027,0.062,0.019,0.014
594,0.058,-0.017,0.064,0.016,0.019
594.5,0.052,-0.009,0.063,0.01,0.019
595,0.056,-0.004,0.054,-0.009,0.025
595.5,0.062,-0.002,0.063,-0.061,0.03
596,0.064,0.006,0.063,-0.111,0.031
596.5,0.059,0.013,0.067,-0.132,0.031
597,0.069,0.016,0.061,-0.151,0.031
597.5,0.075,0.021,0.057,-0.153,0.038
598,0.075,0.024,0.053,-0.135,0.038
598.5,0.077,0.029,0.043,-0.11,0.037
599,0.074,0.028,0.042,-0.107,0.05
599.5,0.079,0.035,0.058,-0.077,0.052
600,0.075,0.043,0.068,-0.049,0.059
600.5,0.071,0.047,0.076,-0.032,0.053
601,0.066,0.055,0.081,-0.013,0.052
601.5,0.061,0.055,0.083,-0.01,0.051
602,0.066,0.062,0.078,-0.017,0.043
602.5,0.069,0.066,0.08,-0.028,0.054
603,0.071,0.069,0.074,-0.039,0.052
603.5,0.064,0.071,0.07,-0.041,0.058
604,0.058,0.066,0.063,-0.025,0.064
604.5,0.063,0.069,0.053,-0.016,0.067
605,0.062,0.066,0.073,0.004,0.066
605.5,0.063,0.069,0.073,0.021,0.063
606,0.058,0.069,0.075,0.018,0.069
606.5,0.062,0.068,0.071,0.005,0.065
607,0.07,0.065,0.06,-0.01,0.064
607.5,0.076,0.058,0.054,-0.026,0.06
608,0.078,0.054,0.046,-0.04,0.052
608.5,0.079,0.05,0.048,-0.047,0.062
609,0.082,0.057,0.059,-0.039,0.063
609.5,0.078,0.061,0.071,-0.018,0.066
610,0.073,0.06,0.075,-0.002,0.062
610.5,0.072,0.071,0.068,0.002,0.057
611,0.063,0.069,0.075,0.005,0.052
611.5,0.066,0.071,0.073,0.009,0.046
612,0.067,0.072,0.068,0.015,0.052
612.5,0.067,0.072,0.062,0.017,0.055
613,0.065,0.073,0.053,0.014,0.063
613.5,0.058,0.07,0.055,0.017,0.067
614,0.053,0.069,0.057,0.019,0.067
614.5,0.053,0.065,0.058,0.031,0.079
615,0.058,0.064,0.063,0.04,0.076
615.5,0.057,0.069,0.062,0.045,0.078
616,0.064,0.066,0.058,0.047,0.077
616.5,0.072,0.066,0.046,0.041,0.073
617,0.069,0.062,0.041,0.04,0.067
617.5,0.076,0.06,0.035,0.035,0.063
618,0.076,0.058,0.04,0.034,0.071
618.5,0.076,0.062,0.051,0.035,0.074
619,0.076,0.066,0.051,0.043,0.07
619.5,0.07,0.068,0.054,0.053,0.068
620,0.07,0.074,0.054,0.056,0.055
620.5,0.066,0.079,0.06,0.066,0.053
621,0.067,0.082,0.059,0.069,0.047
621.5,0.069,0.084,0.056,0.069,0.049
622,0.069,0.085,0.053,0.071,0.052
622.5,0.066,0.09,0.045,0.063,0.054
623,0.056,0.086,0.046,0.067,0.062
623.5,0.054,0.079,0.035,0.059,0.062
624,0.046,0.076,0.04,0.063,0.067
624.5,0.045,0.07,0.043,0.062,0.067
625,0.048,0.078,0.039,0.062,0.067
625.5,0.05,0.076,0.039,0.064,0.065
626,0.057,0.072,0.033,0.057,0.058
626.5,0.058,0.066,0.028,0.055,0.062
627,0.059,0.061,0.023,0.05,0.057
627.5,0.062,0.054,0.02,0.045,0.061
628,0.06,0.045,0.023,0.044,0.067
628.5,0.056,0.05,0.03,0.049,0.059
629,0.053,0.057,0.037,0.062,0.059
629.5,0.051,0.065,0.039,0.063,0.057
630,0.049,0.068,0.04,0.067,0.055
630.5,0.051,0.062,0.041,0.07,0.048
631,0.053,0.075,0.033,0.065,0.042
631.5,0.047,0.073,0.032,0.071,0.046
632,0.046,0.073,0.028,0.069,0.051
632.5,0.044,0.072,0.028,0.07,0.062
633,0.041,0.057,0.029,0.069,0.061
633.5,0.036,0.06,0.027,0.064,0.064
634,0.027,0.062,0.029,0.068,0.065
634.5,0.029,0.066,0.029,0.065,0.059
635,0.034,0.064,0.029,0.07,0.063
635.5,0.041,0.057,0.023,0.065,0.056
636,0.041,0.055,0.016,0.059,0.058
636.5,0.038,0.049,0.01,0.056,0.057
637,0.038,0.044,0.007,0.05,0.054
637.5,0.037,0.036,0.013,0.057,0.052
638,0.038,0.042,0.003,0.057,0.053
638.5,0.033,0.049,-0.021,0.064,0.056
639,0.031,0.053,-0.055,0.065,0.05
639.5,0.029,0.059,-0.109,0.062,0.043
640,0.029,0.057,-0.173,0.068,0.038
640.5,0.033,0.06,-0.212,0.068,0.031
641,0.033,0.06,-0.18,0.074,0.034
641.5,0.033,0.052,-0.111,0.073,0.042
642,0.029,0.052,-0.068,0.069,0.046
642.5,0.026,0.046,-0.043,0.069,0.044
643,0.024,0.048,-0.018,0.063,0.041
643.5,0.019,0.045,-0.003,0.068,0.045
644,0.018,0.044,-0.013,0.069,0.044
644.5,0.022,0.041,-0.034,0.07,0.045
645,0.025,0.039,-0.038,0.069,0.043
645.5,0.025,0.042,-0.044,0.058,0.038
646,0.025,0.037,-0.05,0.057,0.037
646.5,0.02,0.031,-0.039,0.049,0.034
647,0.02,0.024,-0.025,0.047,0.037
647.5,0.013,0.023,-0.025,0.055,0.033
648,-0.005,0.029,-0.03,0.063,0.035
648.5,-0.036,0.03,-0.036,0.064,0.034
649,-0.077,0.032,-0.039,0.058,0.03
649.5,-0.125,0.031,-0.038,0.063,0.029
650,-0.169,0.035,-0.034,0.061,0.025
650.5,-0.187,0.037,-0.032,0.064,0.025
651,-0.163,0.034,-0.027,0.061,0.028
651.5,-0.122,0.034,-0.027,0.057,0.033
652,-0.088,0.029,-0.023,0.059,0.033
652.5,-0.066,0.028,-0.026,0.053,0.032
653,-0.049,0.031,-0.018,0.055,0.034
653.5,-0.037,0.026,-0.015,0.059,0.032
654,-0.036,0.031,-0.019,0.051,0.031
654.5,-0.035,0.032,-0.019,0.051,0.027
655,-0.037,0.031,-0.019,0.048,0.026
655.5,-0.036,0.028,-0.01,0.049,0.028
656,-0.034,0.02,0.007,0.042,0.025
656.5,-0.034,0.014,0.017,0.036,0.021
657,-0.037,0.009,0.024,0.038,0.014
657.5,-0.033,0.018,0.024,0.042,0.002
658,-0.032,0.018,0.03,0.048,-0.023
658.5,-0.03,0.011,0.039,0.047,-0.069
659,-0.031,-0.013,0.047,0.05,-0.122
659.5,-0.032,-0.071,0.05,0.051,-0.144
660,-0.035,-0.157,0.049,0.046,-0.111
660.5,-0.034,-0.227,0.054,0.052,-0.072
661,-0.037,-0.231,0.055,0.049,-0.047
661.5,-0.039,-0.166,0.06,0.051,-0.034
662,-0.041,-0.102,0.058,0.045,-0.03
662.5,-0.036,-0.064,0.057,0.042,-0.034
663,-0.032,-0.046,0.06,0.04,-0.037
663.5,-0.025,-0.03,0.059,0.038,-0.032
664,-0.019,-0.012,0.062,0.036,-0.03
664.5,-0.012,-0.006,0.056,0.035,-0.03
665,-0.005,-0.013,0.064,0.036,-0.032
665.5,0.004,-0.021,0.063,0.032,-0.027
666,0.014,-0.029,0.06,0.026,-0.019
666.5,0.021,-0.032,0.06,0.028,-0.017
667,0.027,-0.029,0.062,0.029,-0.021
667.5,0.029,-0.025,0.069,0.031,-0.027
668,0.03,-0.026,0.071,0.031,-0.03
668.5,0.034,-0.036,0.067,0.029,-0.036
669,0.041,-0.041,0.07,0.028,-0.034
669.5,0.048,-0.044,0.069,0.025,-0.029
670,0.047,-0.05,0.072,0.029,-0.028
670.5,0.052,-0.049,0.066,0.028,-0.026
671,0.054,-0.047,0.065,0.026,-0.024
671.5,0.052,-0.038,0.063,0.025,-0.021
672,0.049,-0.032,0.055,0.02,-0.021
672.5,0.043,-0.032,0.067,0.02,-0.016
673,0.049,-0.027,0.065,0.018,-0.01
673.5,0.056,-0.017,0.065,0.013,-0.003
674,0.063,-0.009,0.06,0.013,0.005
674.5,0.069,0,0.053,0.014,0.014
675,0.07,0.007,0.058,0.014,0.019
675.5,0.074,0.011,0.055,0.01,0.018
676,0.073,0.009,0.056,-0.001,0.025
676.5,0.074,0.006,0.056,-0.017,0.026
677,0.071,0.009,0.062,-0.048,0.029
677.5,0.067,0.017,0.071,-0.096,0.029
678,0.068,0.026,0.071,-0.141,0.032
678.5,0.065,0.032,0.08,-0.166,0.031
679,0.072,0.042,0.077,-0.151,0.029
679.5,0.068,0.049,0.076,-0.105,0.043
680,0.064,0.052,0.076,-0.061,0.05
680.5,0.061,0.059,0.069,-0.037,0.051
681,0.056,0.06,0.069,-0.026,0.057
681.5,0.051,0.06,0.066,-0.025,0.054
682,0.047,0.057,0.071,-0.025,0.063
682.5,0.058,0.06,0.071,-0.02,0.061
683,0.064,0.068,0.067,-0.019,0.064
683.5,0.065,0.066,0.062,-0.018,0.062
684,0.07,0.07,0.051,-0.021,0.06
684.5,0.073,0.064,0.052,-0.028,0.057
685,0.083,0.06,0.058,-0.032,0.056
685.5,0.082,0.054,0.065,-0.031,0.057
686,0.083,0.047,0.065,-0.03,0.061
686.5,0.083,0.048,0.067,-0.028,0.059
687,0.08,0.06,0.077,-0.031,0.056
687.5,0.081,0.072,0.073,-0.035,0.045
688,0.077,0.079,0.079,-0.038,0.052
688.5,0.082,0.082,0.079,-0.036,0.052
689,0.081,0.083,0.078,-0.032,0.06
689.5,0.077,0.076,0.078,-0.029,0.06
690,0.071,0.078,0.069,-0.026,0.06
690.5,0.061,0.072,0.068,-0.026,0.066
691,0.061,0.069,0.066,-0.025,0.067
691.5,0.053,0.067,0.075,-0.022,0.073
692,0.051,0.064,0.076,-0.014,0.073
692.5,0.059,0.074,0.063,-0.005,0.08
693,0.062,0.072,0.065,0.006,0.081
693.5,0.067,0.072,0.056,0.009,0.069
694,0.066,0.068,0.05,0.014,0.072
694.5,0.069,0.061,0.048,0.017,0.065
695,0.073,0.055,0.051,0.016,0.064
695.5,0.073,0.048,0.053,0.02,0.069
696,0.076,0.054,0.053,0.024,0.064
696.5,0.071,0.067,0.063,0.032,0.062
697,0.072,0.076,0.065,0.036,0.056
697.5,0.065,0.08,0.066,0.044,0.054
698,0.062,0.076,0.067,0.054,0.049
698.5,0.065,0.08,0.054,0.061,0.056
699,0.062,0.079,0.057,0.066,0.057
699.5,0.063,0.079,0.05,0.066,0.053
700,0.061,0.078,0.047,0.066,0.066
700.5,0.056,0.071,0.045,0.066,0.067
701,0.052,0.068,0.048,0.061,0.071
701.5,0.048,0.067,0.048,0.066,0.073
702,0.048,0.073,0.043,0.067,0.066
702.5,0.052,0.07,0.044,0.072,0.07
703,0.063,0.069,0.04,0.068,0.065
703.5,0.066,0.067,0.034,0.066,0.065
704,0.074,0.058,0.028,0.06,0.063
704.5,0.078,0.056,0.023,0.05,0.065
705,0.073,0.045,0.03,0.047,0.069
705.5,0.073,0.042,0.034,0.049,0.063
706,0.066,0.06,0.038,0.056,0.065
706.5,0.055,0.07,0.042,0.065,0.058
707,0.045,0.075,0.041,0.066,0.048
707.5,0.042,0.073,0.041,0.067,0.045
708,0.05,0.075,0.038,0.066,0.046
708.5,0.055,0.074,0.038,0.063,0.054
709,0.059,0.072,0.035,0.063,0.059
709.5,0.055,0.072,0.034,0.062,0.066
710,0.047,0.066,0.03,0.062,0.073
710.5,0.041,0.068,0.028,0.057,0.069
711,0.033,0.067,0.032,0.06,0.07
711.5,0.033,0.066,0.032,0.054,0.068
712,0.043,0.063,0.032,0.062,0.067
712.5,0.049,0.061,0.028,0.065,0.064
713,0.048,0.063,0.023,0.057,0.058
713.5,0.046,0.057,0.02,0.058,0.064
714,0.05,0.052,0.018,0.05,0.06
714.5,0.046,0.044,0.021,0.049,0.06
715,0.046,0.041,0.024,0.04,0.057
715.5,0.043,0.053,0.023,0.049,0.057
716,0.039,0.059,0.025,0.061,0.053
716.5,0.038,0.063,0.025,0.063,0.043
717,0.033,0.064,0.028,0.079,0.038
717.5,0.033,0.065,0.026,0.08,0.032
718,0.033,0.064,0.022,0.081,0.042
718.5,0.035,0.06,0.016,0.077,0.043
719,0.035,0.06,0.006,0.071,0.048
719.5,0.031,0.054,-0.012,0.072,0.05
720,0.029,0.053,-0.059,0.064,0.049
720.5,0.02,0.051,-0.12,0.057,0.055
721,0.02,0.044,-0.159,0.064,0.051
721.5,0.027,0.047,-0.146,0.069,0.049
722,0.027,0.04,-0.105,0.072,0.044
722.5,0.03,0.041,-0.068,0.066,0.04
723,0.03,0.039,-0.044,0.064,0.046
723.5,0.024,0.034,-0.038,0.055,0.045
724,0.029,0.029,-0.034,0.051,0.041
724.5,0.027,0.024,-0.042,0.046,0.042
725,0.013,0.032,-0.048,0.049,0.041
725.5,-0.009,0.034,-0.052,0.068,0.042
726,-0.029,0.036,-0.045,0.071,0.038
726.5,-0.061,0.037,-0.041,0.077,0.035
727,-0.085,0.035,-0.037,0.074,0.026
727.5,-0.085,0.039,-0.032,0.07,0.029
728,-0.078,0.038,-0.03,0.071,0.036
728.5,-0.085,0.038,-0.029,0.062,0.034
729,-0.111,0.037,-0.03,0.063,0.039
729.5,-0.141,0.034,-0.033,0.059,0.039
730,-0.151,0.034,-0.029,0.058,0.042
730.5,-0.123,0.03,-0.034,0.056,0.039
731,-0.088,0.034,-0.039,0.056,0.035
731.5,-0.068,0.031,-0.041,0.064,0.035
732,-0.06,0.03,-0.039,0.058,0.032
732.5,-0.053,0.031,-0.037,0.056,0.032
733,-0.051,0.027,-0.034,0.048,0.032
733.5,-0.049,0.024,-0.034,0.039,0.031
734,-0.046,0.022,-0.027,0.041,0.029
734.5,-0.042,0.027,-0.017,0.046,0.029
735,-0.037,0.03,-0.013,0.059,0.032
735.5,-0.032,0.029,-0.007,0.05,0.025
736,-0.029,0.028,0,0.047,0.02
736.5,-0.026,0.026,0.011,0.059,0.013
737,-0.015,0.027,0.017,0.055,0.011
737.5,-0.013,0.024,0.028,0.058,0.014
738,-0.019,0.023,0.034,0.052,-0.003
738.5,-0.025,0.019,0.031,0.052,-0.043
739,-0.029,0.006,0.033,0.05,-0.112
739.5,-0.026,-0.018,0.041,0.041,-0.167
740,-0.02,-0.07,0.05,0.038,-0.174
740.5,-0.018,-0.134,0.051,0.041,-0.122
741,-0.021,-0.181,0.055,0.045,-0.067
741.5,-0.027,-0.161,0.052,0.042,-0.039
742,-0.029,-0.118,0.046,0.038,-0.03
742.5,-0.026,-0.081,0.044,0.032,-0.031
743,-0.017,-0.06,0.036,0.025,-0.031
743.5,-0.011,-0.046,0.043,0.022,-0.027
744,-0.003,-0.033,0.055,0.023,-0.014
744.5,0.005,-0.028,0.06,0.03,-0.016
745,0.013,-0.032,0.067,0.035,-0.026
745.5,0.018,-0.034,0.067,0.037,-0.029
746,0.022,-0.037,0.073,0.042,-0.02
746.5,0.035,-0.037,0.071,0.04,-0.02
747,0.037,-0.036,0.069,0.041,-0.029
747.5,0.038,-0.037,0.068,0.036,-0.035
748,0.034,-0.035,0.064,0.03,-0.034
748.5,0.031,-0.033,0.065,0.03,-0.032
749,0.032,-0.028,0.063,0.029,-0.025
749.5,0.029,-0.026,0.07,0.03,-0.026
750,0.029,-0.029,0.067,0.028,-0.026
750.5,0.035,-0.033,0.063,0.031,-0.021
751,0.049,-0.034,0.062,0.032,-0.019
751.5,0.061,-0.033,0.051,0.027,-0.009
752,0.062,-0.033,0.049,0.022,-0.012
752.5,0.068,-0.037,0.043,0.015,-0.009
753,0.068,-0.034,0.053,0.014,0.005
753.5,0.069,-0.026,0.065,0.017,0.011
754,0.069,-0.018,0.067,0.021,0.014
754.5,0.065,-0.017,0.074,0.021,0.018
755,0.061,-0.016,0.071,0.017,0.014
755.5,0.057,-0.012,0.073,0.016,0.015
756,0.063,-0.009,0.069,-0.001,0.01
756.5,0.069,-0.002,0.066,-0.034,0.012
757,0.071,0,0.066,-0.098,0.024
757.5,0.07,0.004,0.062,-0.164,0.033
758,0.061,0.012,0.068,-0.189,0.044
758.5,0.059,0.021,0.067,-0.158,0.048
759,0.052,0.025,0.073,-0.085,0.055
759.5,0.054,0.025,0.073,-0.035,0.054
760,0.056,0.044,0.063,-0.012,0.055
760.5,0.059,0.054,0.065,-0.011,0.059
761,0.07,0.059,0.059,-0.023,0.053
761.5,0.075,0.057,0.052,-0.043,0.053
762,0.082,0.053,0.043,-0.068,0.052
762.5,0.086,0.048,0.045,-0.07,0.063
763,0.085,0.041,0.059,-0.046,0.063
763.5,0.087,0.048,0.064,-0.031,0.058
764,0.079,0.054,0.074,-0.031,0.059
764.5,0.08,0.062,0.077,-0.029,0.056
765,0.075,0.07,0.077,-0.028,0.053
765.5,0.077,0.067,0.079,-0.031,0.047
766,0.086,0.073,0.072,-0.034,0.046
766.5,0.08,0.073,0.078,-0.037,0.061
767,0.077,0.076,0.073,-0.033,0.063
767.5,0.07,0.075,0.073,-0.025,0.071
768,0.065,0.068,0.072,-0.024,0.069
768.5,0.057,0.068,0.072,-0.026,0.071
769,0.053,0.066,0.068,-0.029,0.07
769.5,0.058,0.063,0.061,-0.021,0.064
770,0.06,0.063,0.063,-0.021,0.064
770.5,0.069,0.068,0.057,-0.028,0.06
771,0.07,0.066,0.052,-0.034,0.06
771.5,0.074,0.058,0.047,-0.029,0.061
772,0.075,0.056,0.042,-0.019,0.063
772.5,0.071,0.049,0.059,-0.006,0.065
773,0.072,0.05,0.064,0.002,0.06
773.5,0.068,0.056,0.069,0.01,0.062
774,0.067,0.059,0.075,0.015,0.056
774.5,0.066,0.067,0.075,0.022,0.052
775,0.063,0.068,0.078,0.031,0.044
775.5,0.071,0.075,0.076,0.033,0.036
776,0.071,0.079,0.077,0.036,0.054
776.5,0.072,0.082,0.069,0.038,0.063
777,0.066,0.082,0.065,0.043,0.068
777.5,0.059,0.074,0.061,0.048,0.069
778,0.055,0.078,0.055,0.044,0.068
778.5,0.046,0.076,0.067,0.043,0.067
779,0.044,0.075,0.064,0.049,0.063
779.5,0.051,0.083,0.06,0.058,0.068
780,0.067,0.083,0.054,0.059,0.067
780.5,0.073,0.08,0.044,0.057,0.068
781,0.076,0.072,0.036,0.055,0.067
781.5,0.078,0.066,0.032,0.056,0.06
782,0.076,0.059,0.038,0.058,0.066
782.5,0.076,0.055,0.042,0.057,0.063
783,0.072,0.059,0.043,0.059,0.063
783.5,0.068,0.057,0.045,0.066,0.059
784,0.064,0.066,0.043,0.062,0.054
784.5,0.054,0.069,0.048,0.07,0.046
785,0.06,0.078,0.045,0.065,0.05
785.5,0.066,0.083,0.043,0.069,0.064
786,0.067,0.078,0.039,0.07,0.065
786.5,0.064,0.077,0.026,0.065,0.067
787,0.056,0.07,0.021,0.062,0.07
787.5,0.049,0.064,0.028,0.06,0.066
788,0.04,0.059,0.034,0.06,0.073
788.5,0.036,0.058,0.037,0.061,0.068
789,0.041,0.068,0.036,0.066,0.068
789.5,0.052,0.071,0.034,0.064,0.071
790,0.056,0.076,0.029,0.054,0.067
790.5,0.053,0.069,0.025,0.054,0.064
791,0.058,0.06,0.014,0.051,0.06
791.5,0.056,0.049,0.018,0.058,0.058
792,0.053,0.039,0.022,0.056,0.057
792.5,0.05,0.036,0.025,0.053,0.052
793,0.044,0.041,0.038,0.059,0.05
793.5,0.042,0.059,0.04,0.06,0.043
794,0.039,0.07,0.04,0.073,0.043
794.5,0.044,0.075,0.035,0.075,0.04
795,0.043,0.081,0.027,0.07,0.05
795.5,0.041,0.078,0.023,0.073,0.053
796,0.043,0.076,0.01,0.069,0.051
796.5,0.039,0.065,0.008,0.073,0.057
797,0.035,0.052,0.014,0.068,0.055
797.5,0.028,0.049,0.021,0.066,0.061
798,0.024,0.038,0.026,0.066,0.059
798.5,0.027,0.046,0.024,0.066,0.057
799,0.033,0.059,0.018,0.069,0.056
799.5,0.037,0.066,-0.017,0.061,0.051
800,0.037,0.063,-0.087,0.059,0.053
800.5,0.037,0.05,-0.18,0.053,0.052
801,0.038,0.044,-0.219,0.048,0.051
801.5,0.035,0.035,-0.181,0.061,0.044
802,0.034,0.033,-0.118,0.061,0.042
802.5,0.031,0.039,-0.08,0.068,0.046
803,0.029,0.047,-0.068,0.074,0.041
803.5,0.029,0.051,-0.065,0.078,0.038
804,0.027,0.048,-0.058,0.077,0.036
804.5,0.028,0.056,-0.04,0.071,0.036
805,0.024,0.052,-0.03,0.078,0.039
805.5,0.026,0.043,-0.025,0.074,0.039
806,0.023,0.04,-0.022,0.075,0.04
806.5,0.02,0.037,-0.02,0.067,0.04
807,0.012,0.039,-0.024,0.062,0.04
807.5,0.003,0.035,-0.031,0.066,0.039
808,-0.006,0.033,-0.017,0.073,0.036
808.5,-0.003,0.036,-0.018,0.075,0.038
809,-0.014,0.039,-0.025,0.068,0.036
809.5,-0.045,0.04,-0.03,0.059,0.036
810,-0.09,0.033,-0.032,0.055,0.035
810.5,-0.142,0.029,-0.028,0.044,0.033
811,-0.176,0.023,-0.019,0.055,0.031
811.5,-0.173,0.019,-0.016,0.054,0.028
812,-0.143,0.027,-0.016,0.058,0.03
812.5,-0.104,0.03,-0.016,0.062,0.031
813,-0.074,0.032,-0.017,0.063,0.028
813.5,-0.062,0.031,-0.015,0.068,0.025
814,-0.065,0.037,-0.014,0.062,0.024
814.5,-0.063,0.039,-0.005,0.066,0.028
815,-0.06,0.034,0.002,0.06,0.027
815.5,-0.056,0.03,0.006,0.053,0.029
816,-0.057,0.025,0.013,0.052,0.028
816.5,-0.051,0.02,0.014,0.045,0.027
817,-0.043,0.017,0.031,0.049,0.029
817.5,-0.03,0.015,0.038,0.054,0.027
818,-0.017,0.015,0.035,0.05,0.026
818.5,-0.017,0.009,0.034,0.047,0.022
819,-0.022,-0.005,0.029,0.042,0.016
819.5,-0.026,-0.044,0.028,0.039,0.003
820,-0.038,-0.118,0.028,0.031,-0.029
820.5,-0.037,-0.219,0.04,0.026,-0.079
821,-0.029,-0.262,0.045,0.031,-0.128
821.5,-0.018,-0.222,0.044,0.034,-0.13
822,-0.006,-0.137,0.054,0.041,-0.099
822.5,0.002,-0.086,0.059,0.039,-0.058
823,0.009,-0.054,0.065,0.043,-0.034
823.5,0.007,-0.037,0.066,0.044,-0.023
824,0.007,-0.031,0.065,0.043,-0.021
824.5,0.008,-0.036,0.068,0.038,-0.027
825,0.009,-0.044,0.063,0.035,-0.031
825.5,0.007,-0.042,0.062,0.036,-0.042
826,0.006,-0.028,0.059,0.031,-0.042
826.5,0.004,-0.022,0.065,0.033,-0.042
827,0.011,-0.014,0.07,0.033,-0.041
827.5,0.019,0.01,0.066,0.033,-0.035
828,0.022,0.01,0.066,0.032,-0.032
828.5,0.024,-0.005,0.059,0.031,-0.028
829,0.023,-0.022,0.056,0.029,-0.032
829.5,0.027,-0.035,0.049,0.023,-0.029
830,0.036,-0.049,0.048,0.018,-0.025
830.5,0.045,-0.045,0.055,0.023,-0.027
831,0.055,-0.024,0.06,0.021,-0.027
831.5,0.057,-0.014,0.068,0.027,-0.031
832,0.06,-0.013,0.072,0.026,-0.031
832.5,0.057,-0.011,0.078,0.028,-0.029
833,0.057,-0.012,0.082,0.03,-0.024
833.5,0.058,-0.012,0.077,0.028,-0.013
834,0.061,-0.01,0.081,0.027,-0.007
834.5,0.064,0,0.075,0.024,-0.003
835,0.06,0.013,0.074,0.024,0.001
835.5,0.058,0.019,0.071,0.023,0.001
836,0.057,0.025,0.071,0.019,0.012
836.5,0.061,0.03,0.077,0.012,0.022
837,0.062,0.033,0.073,-0.012,0.024
837.5,0.06,0.034,0.071,-0.046,0.03
838,0.065,0.037,0.063,-0.08,0.032
838.5,0.068,0.039,0.057,-0.111,0.038
839,0.075,0.035,0.053,-0.122,0.042
839.5,0.08,0.034,0.043,-0.098,0.039
840,0.075,0.034,0.053,-0.072,0.043
840.5,0.076,0.043,0.056,-0.058,0.045
841,0.076,0.046,0.065,-0.053,0.051
841.5,0.074,0.047,0.069,-0.047,0.047
842,0.07,0.051,0.068,-0.049,0.045
842.5,0.065,0.049,0.07,-0.044,0.044
843,0.068,0.053,0.068,-0.039,0.043
843.5,0.071,0.055,0.07,-0.036,0.052
844,0.073,0.055,0.068,-0.029,0.055
844.5,0.069,0.059,0.066,-0.027,0.06
845,0.062,0.057,0.063,-0.024,0.06
845.5,0.058,0.061,0.059,-0.025,0.064
846,0.055,0.058,0.064,-0.021,0.067
846.5,0.06,0.056,0.066,-0.014,0.068
847,0.058,0.06,0.065,-0.018,0.07
847.5,0.06,0.058,0.063,-0.028,0.065
848,0.069,0.057,0.056,-0.034,0.065
848.5,0.07,0.053,0.054,-0.039,0.066
849,0.075,0.05,0.046,-0.042,0.058
849.5,0.075,0.051,0.045,-0.045,0.076
850,0.079,0.055,0.058,-0.044,0.071
850.5,0.075,0.056,0.066,-0.037,0.07
851,0.074,0.056,0.07,-0.03,0.065
851.5,0.076,0.065,0.07,-0.025,0.058
852,0.069,0.069,0.075,-0.02,0.052
852.5,0.072,0.076,0.072,-0.014,0.048
853,0.074,0.079,0.07,-0.009,0.056
853.5,0.075,0.075,0.069,0,0.055
854,0.075,0.075,0.06,0.01,0.062
854.5,0.067,0.071,0.063,0.021,0.067
855,0.063,0.069,0.063,0.02,0.063
855.5,0.056,0.066,0.059,0.026,0.071
856,0.054,0.064,0.064,0.034,0.066
856.5,0.058,0.069,0.064,0.038,0.066
857,0.065,0.065,0.06,0.042,0.062
857.5,0.073,0.067,0.05,0.041,0.058
858,0.07,0.063,0.047,0.043,0.056
858.5,0.077,0.058,0.041,0.034,0.056
859,0.076,0.055,0.04,0.032,0.064
859.5,0.076,0.059,0.047,0.03,0.067
860,0.072,0.068,0.047,0.044,0.067
860.5,0.066,0.066,0.051,0.055,0.064
861,0.065,0.072,0.05,0.058,0.053
861.5,0.061,0.076,0.052,0.064,0.053
862,0.065,0.078,0.053,0.066,0.044
862.5,0.069,0.079,0.052,0.067,0.037
863,0.072,0.077,0.047,0.07,0.047
863.5,0.073,0.085,0.042,0.063,0.061
864,0.064,0.084,0.044,0.066,0.068
864.5,0.061,0.082,0.04,0.061,0.074
865,0.05,0.078,0.041,0.063,0.084
865.5,0.039,0.072,0.038,0.069,0.084
866,0.037,0.077,0.035,0.063,0.083
866.5,0.048,0.076,0.038,0.062,0.075
867,0.061,0.076,0.035,0.056,0.063
867.5,0.064,0.076,0.033,0.056,0.06
868,0.068,0.066,0.029,0.05,0.053
868.5,0.07,0.058,0.025,0.043,0.07
869,0.067,0.056,0.026,0.043,0.078
869.5,0.064,0.059,0.031,0.052,0.067
870,0.055,0.064,0.035,0.064,0.066
870.5,0.051,0.066,0.036,0.068,0.056
871,0.046,0.07,0.034,0.072,0.053
871.5,0.045,0.067,0.036,0.066,0.045
872,0.046,0.074,0.034,0.065,0.041
872.5,0.047,0.072,0.035,0.067,0.057
873,0.053,0.071,0.031,0.061,0.065
873.5,0.049,0.066,0.03,0.065,0.068
874,0.044,0.058,0.029,0.066,0.07
874.5,0.035,0.056,0.028,0.058,0.077
875,0.026,0.058,0.025,0.069,0.068
875.5,0.021,0.061,0.022,0.067,0.058
876,0.028,0.064,0.024,0.067,0.059
876.5,0.037,0.06,0.023,0.061,0.052
877,0.039,0.056,0.017,0.057,0.055
877.5,0.04,0.049,0.014,0.053,0.054
878,0.042,0.044,0.01,0.042,0.053
878.5,0.042,0.036,0.01,0.042,0.061
879,0.045,0.035,0.011,0.054,0.058
879.5,0.041,0.04,-0.003,0.068,0.06
880,0.035,0.047,-0.032,0.069,0.05
880.5,0.033,0.056,-0.086,0.068,0.041
881,0.033,0.055,-0.155,0.074,0.035
881.5,0.035,0.057,-0.19,0.072,0.029
882,0.038,0.057,-0.172,0.075,0.045
882.5,0.042,0.05,-0.126,0.072,0.048
883,0.04,0.051,-0.083,0.068,0.049
883.5,0.035,0.047,-0.061,0.07,0.05
884,0.029,0.047,-0.051,0.065,0.053
884.5,0.019,0.042,-0.036,0.071,0.054
885,0.015,0.036,-0.029,0.069,0.048
885.5,0.019,0.04,-0.031,0.066,0.047
886,0.025,0.038,-0.031,0.065,0.042
886.5,0.03,0.038,-0.035,0.057,0.036
887,0.029,0.034,-0.039,0.054,0.033
887.5,0.021,0.032,-0.037,0.046,0.032
888,0.01,0.027,-0.034,0.045,0.038
888.5,-0.031,0.024,-0.032,0.057,0.038
889,-0.122,0.025,-0.03,0.063,0.039
889.5,-0.217,0.027,-0.035,0.066,0.035
890,-0.253,0.033,-0.04,0.065,0.031
890.5,-0.193,0.035,-0.043,0.078,0.027
891,-0.115,0.036,-0.042,0.078,0.021
891.5,-0.058,0.037,-0.037,0.081,0.017
892,-0.027,0.035,-0.032,0.073,0.025
892.5,-0.022,0.035,-0.026,0.07,0.029
893,-0.033,0.031,-0.025,0.069,0.035
893.5,-0.059,0.03,-0.022,0.062,0.035
894,-0.069,0.026,-0.017,0.062,0.037
894.5,-0.077,0.023,-0.015,0.067,0.035
895,-0.06,0.028,-0.012,0.061,0.034
895.5,-0.037,0.023,-0.01,0.062,0.028
896,-0.019,0.023,-0.006,0.055,0.025
896.5,-0.011,0.023,0.004,0.053,0.026
897,-0.01,0.018,0.007,0.042,0.024
897.5,-0.015,0.014,0.017,0.035,0.027
898,-0.028,0.01,0.028,0.04,0.027
898.5,-0.032,0.014,0.027,0.04,0.019
899,-0.034,0.011,0.034,0.045,-0.007
899.5,-0.04,0.004,0.034,0.045,-0.064
900,-0.036,-0.019,0.035,0.047,-0.142
900.5,-0.015,-0.065,0.042,0.049,-0.159
901,0.002,-0.145,0.044,0.046,-0.108
901.5,0.01,-0.203,0.048,0.046,-0.071
902,0.01,-0.2,0.048,0.04,-0.045
902.5,-0.005,-0.15,0.055,0.037,-0.024
903,-0.022,-0.097,0.056,0.023,-0.023
903.5,-0.037,-0.066,0.052,0.027,-0.038
904,-0.044,-0.052,0.056,0.033,-0.059
904.5,-0.038,-0.049,0.053,0.035,-0.04
905,-0.021,-0.037,0.056,0.04,-0.024
905.5,-0.003,-0.03,0.057,0.036,-0.011
906,0.009,-0.028,0.055,0.034,0.005
906.5,0.017,-0.028,0.055,0.028,0.026
907,0.023,-0.029,0.057,0.02,0.021
907.5,0.024,-0.031,0.064,0.017,0.019
908,0.029,-0.035,0.061,0.022,0.012
908.5,0.031,-0.039,0.068,0.027,-0.001
909,0.036,-0.037,0.073,0.034,-0.021
909.5,0.04,-0.04,0.075,0.041,-0.042
910,0.043,-0.04,0.078,0.041,-0.04
910.5,0.049,-0.041,0.079,0.036,-0.019
911,0.05,-0.042,0.088,0.035,-0.005
911.5,0.058,-0.042,0.083,0.026,-0.006
912,0.057,-0.035,0.078,0.018,-0.009
912.5,0.055,-0.026,0.07,0.011,-0.012
913,0.053,-0.017,0.064,0.012,-0.012
913.5,0.049,-0.017,0.068,0.021,-0.013
914,0.053,-0.016,0.069,0.024,-0.01
914.5,0.057,-0.012,0.068,0.028,-0.004
915,0.063,-0.009,0.065,0.026,0.002
915.5,0.066,0,0.057,0.021,0.008
916,0.065,0.008,0.054,0.006,0.012
916.5,0.067,0.016,0.052,-0.021,0.009
917,0.068,0.019,0.06,-0.073,0.016
917.5,0.072,0.018,0.059,-0.133,0.016
918,0.07,0.017,0.059,-0.165,0.018
918.5,0.069,0.018,0.068,-0.162,0.018
919,0.069,0.024,0.068,-0.124,0.016
919.5,0.064,0.029,0.078,-0.087,0.021
920,0.07,0.038,0.075,-0.068,0.029
920.5,0.068,0.046,0.074,-0.063,0.037
921,0.069,0.051,0.074,-0.057,0.039
921.5,0.065,0.057,0.066,-0.048,0.041
922,0.062,0.058,0.065,-0.033,0.049
922.5,0.059,0.059,0.063,-0.022,0.051
923,0.054,0.059,0.065,-0.02,0.062
923.5,0.055,0.058,0.069,-0.028,0.059
924,0.058,0.063,0.064,-0.022,0.059
924.5,0.064,0.06,0.062,-0.011,0.06
925,0.068,0.064,0.056,-0.017,0.059
925.5,0.066,0.061,0.057,-0.024,0.058
926,0.074,0.059,0.058,-0.029,0.053
926.5,0.075,0.053,0.062,-0.03,0.061
927,0.075,0.044,0.064,-0.021,0.059
927.5,0.076,0.046,0.064,-0.021,0.058
928,0.072,0.057,0.075,-0.02,0.056
928.5,0.072,0.065,0.075,-0.019,0.047
929,0.07,0.068,0.078,-0.025,0.049
929.5,0.07,0.071,0.08,-0.025,0.056
930,0.071,0.076,0.075,-0.02,0.061
930.5,0.07,0.073,0.074,-0.016,0.06
931,0.069,0.075,0.067,-0.011,0.062
931.5,0.062,0.071,0.066,-0.005,0.064
932,0.061,0.067,0.069,-0.002,0.064
932.5,0.055,0.068,0.068,-0.002,0.073
933,0.057,0.061,0.066,0.013,0.076
933.5,0.062,0.069,0.059,0.023,0.077
934,0.067,0.067,0.061,0.026,0.074
934.5,0.073,0.067,0.054,0.023,0.065
935,0.075,0.063,0.047,0.022,0.07
935.5,0.08,0.058,0.038,0.018,0.063
936,0.084,0.053,0.037,0.019,0.069
936.5,0.086,0.044,0.044,0.026,0.073
937,0.086,0.044,0.046,0.033,0.065
937.5,0.08,0.058,0.056,0.035,0.063
938,0.082,0.065,0.057,0.039,0.056
938.5,0.079,0.07,0.06,0.045,0.059
939,0.078,0.068,0.064,0.05,0.064
939.5,0.081,0.077,0.055,0.049,0.061
940,0.074,0.076,0.057,0.059,0.06
940.5,0.072,0.076,0.05,0.06,0.062
941,0.064,0.076,0.051,0.061,0.069
941.5,0.059,0.068,0.055,0.058,0.07
942,0.052,0.067,0.048,0.055,0.072
942.5,0.045,0.071,0.044,0.058,0.071
943,0.048,0.079,0.046,0.061,0.065
943.5,0.048,0.074,0.048,0.068,0.068
944,0.054,0.072,0.047,0.063,0.064
944.5,0.056,0.069,0.042,0.059,0.064
945,0.056,0.06,0.036,0.057,0.062
945.5,0.06,0.06,0.026,0.047,0.068
946,0.057,0.055,0.034,0.048,0.067
946.5,0.058,0.059,0.039,0.051,0.062
947,0.058,0.068,0.042,0.058,0.061
947.5,0.056,0.069,0.043,0.063,0.054
948,0.055,0.075,0.042,0.066,0.048
948.5,0.05,0.075,0.043,0.072,0.051
949,0.054,0.078,0.041,0.074,0.054
949.5,0.049,0.077,0.04,0.079,0.058
950,0.046,0.073,0.036,0.077,0.061
950.5,0.044,0.072,0.034,0.071,0.073
951,0.041,0.067,0.03,0.07,0.074
951.5,0.039,0.069,0.032,0.06,0.066
952,0.035,0.068,0.032,0.067,0.073
952.5,0.036,0.068,0.032,0.071,0.065
953,0.038,0.063,0.035,0.075,0.069
953.5,0.043,0.06,0.033,0.07,0.066
954,0.045,0.065,0.027,0.063,0.059
954.5,0.043,0.059,0.023,0.059,0.054
955,0.045,0.054,0.015,0.05,0.051
955.5,0.045,0.046,0.013,0.046,0.064
956,0.046,0.04,0.019,0.05,0.061
956.5,0.042,0.05,0.021,0.051,0.056
957,0.04,0.056,0.025,0.062,0.051
957.5,0.037,0.062,0.024,0.062,0.043
958,0.036,0.063,0.023,0.07,0.041
958.5,0.038,0.062,0.019,0.07,
959,0.032,0.063,0.002,0.069,
959.5,0.031,0.057,-0.042,0.065,
960,0.03,0.056,-0.111,0.062,
960.5,0.03,0.048,-0.179,0.062,
961,0.032,0.049,-0.226,0.057,
961.5,0.029,0.049,-0.229,0.059,
962,0.027,0.044,-0.157,0.062,
962.5,0.029,0.046,-0.084,0.067,
963,0.03,0.045,-0.057,0.068,
963.5,0.034,0.047,-0.054,0.061,
964,0.033,0.043,-0.051,0.06,
964.5,0.035,0.039,-0.043,0.054,
965,0.033,0.035,-0.035,0.048,
965.5,0.032,0.028,-0.045,0.044,
966,0.031,0.033,-0.042,0.05,
966.5,0.028,0.039,-0.044,0.065,
967,0.007,0.041,-0.033,0.066,
967.5,0.01,0.043,-0.02,0.074,
968,0.008,0.043,-0.03,0.076,
968.5,-0.005,0.047,-0.035,0.07,
969,-0.028,0.046,-0.04,0.07,
969.5,-0.057,0.046,-0.032,0.065,
970,-0.09,0.04,-0.022,0.067,
970.5,-0.123,0.037,-0.026,0.064,
971,-0.14,0.034,-0.021,0.066,
971.5,-0.13,0.03,-0.009,0.061,
972,-0.109,0.036,-0.011,0.059,
972.5,-0.089,0.039,-0.012,0.065,
973,-0.073,0.04,-0.014,0.059,
973.5,-0.063,0.036,-0.02,0.056,
974,-0.056,0.03,-0.019,0.048,
974.5,-0.051,0.025,-0.02,0.043,
975,-0.05,0.018,-0.024,0.041,
975.5,-0.045,0.021,-0.014,0.044,
976,-0.036,0.025,0.001,0.054,
976.5,-0.03,0.027,0.015,0.054,
977,-0.031,0.031,0.027,0.054,
977.5,-0.035,0.031,0.038,0.055,
978,-0.036,0.033,0.037,0.051,
978.5,-0.033,0.026,0.041,0.056,
979,-0.027,0.013,0.041,0.051,
979.5,-0.028,-0.028,0.043,0.049,
980,-0.033,-0.115,0.039,0.047,
980.5,-0.034,-0.192,0.039,0.041,
981,-0.033,-0.207,0.052,0.044,
981.5,-0.031,-0.178,0.057,0.038,
982,-0.029,-0.129,0.061,0.04,
982.5,-0.029,-0.088,0.059,0.04,
983,-0.027,-0.061,0.052,0.038,
983.5,-0.024,-0.062,0.05,0.035,
984,-0.018,-0.083,0.043,0.029,
984.5,-0.013,-0.073,0.047,0.027,
985,-0.008,-0.053,0.061,0.025,
985.5,-0.003,-0.04,0.072,0.034,
986,0.004,-0.031,0.077,0.038,
986.5,0.011,-0.023,0.075,0.033,
987,0.016,-0.023,0.079,0.038,
987.5,0.018,-0.021,0.074,0.036,
988,0.019,-0.024,0.077,0.037,
988.5,0.025,-0.034,0.071,0.034,
989,0.031,-0.044,0.065,0.033,
989.5,0.033,-0.039,0.064,0.031,
990,0.036,-0.022,0.062,0.029,
990.5,0.035,-0.018,0.065,0.031,
991,0.036,-0.016,0.069,0.027,
991.5,0.032,0.004,0.063,0.024,
992,0.046,0.006,0.063,0.027,
992.5,0.055,-0.003,0.055,0.023,
993,0.058,-0.022,0.053,0.023,
993.5,0.071,-0.046,0.043,0.017,
994,0.075,-0.053,0.039,0.015,
994.5,0.079,-0.037,0.056,0.012,
995,0.078,-0.015,0.064,0.016,
995.5,0.075,-0.007,0.071,0.02,
996,0.074,-0.003,0.072,0.02,
996.5,0.069,-0.001,0.075,0.021,
997,0.064,0.003,0.075,0.01,
997.5,0.067,0.015,0.073,-0.017,
998,0.071,0.021,0.07,-0.063,
998.5,0.072,0.024,0.066,-0.131,
999,0.064,0.026,0.071,-0.173,
999.5,0.063,0.03,0.069,-0.171,
1000,0.057,0.037,0.07,-0.129,
1000.5,0.054,0.038,0.071,-0.083,
1001,0.052,0.038,0.066,-0.048,
1001.5,0.053,0.045,0.066,-0.033,
1002,0.066,0.056,0.061,-0.031,
1002.5,0.073,0.059,0.056,-0.036,
1003,0.078,0.052,0.049,-0.041,
1003.5,0.079,0.05,0.052,-0.035,
1004,0.078,0.05,0.064,-0.022,
1004.5,0.079,0.057,0.067,-0.025,
1005,0.073,0.057,0.07,-0.029,
1005.5,0.075,0.064,0.073,-0.029,
1006,0.071,0.068,0.076,-0.034,
1006.5,0.07,0.064,0.077,-0.037,
1007,0.075,0.074,0.07,-0.038,
1007.5,0.073,0.074,0.077,-0.037,
1008,0.074,0.075,0.074,-0.036,
1008.5,0.07,0.072,0.075,-0.032,
1009,0.066,0.069,0.072,-0.028,
1009.5,0.06,0.066,0.067,-0.029,
1010,0.055,0.059,0.067,-0.024,
1010.5,0.051,0.065,0.061,-0.025,
1011,0.057,0.071,0.059,-0.023,
1011.5,0.072,0.071,0.055,-0.024,
1012,0.075,0.067,0.05,-0.025,
1012.5,0.079,0.056,0.046,-0.02,
1013,0.083,0.054,0.04,-0.012,
1013.5,0.08,0.045,0.053,-0.006,
1014,0.081,0.049,0.057,0.005,
1014.5,0.078,0.055,0.061,0.018,
1015,0.077,0.053,0.065,0.02,
1015.5,0.076,0.062,0.061,0.023,
1016,0.074,0.068,0.063,0.025,
1016.5,0.078,0.074,0.065,0.025,
1017,0.073,0.077,0.066,0.029,
1017.5,0.075,0.078,0.066,0.03,
1018,0.07,0.076,0.061,0.033,
1018.5,0.065,0.067,0.06,0.038,
1019,0.06,0.071,0.051,0.037,
1019.5,0.05,0.068,0.06,0.042,
1020,0.044,0.07,0.052,0.044,
1020.5,0.042,0.081,0.052,0.048,
1021,0.056,0.076,0.05,0.047,
1021.5,0.068,0.075,0.044,0.048,
1022,0.072,0.068,0.04,0.049,
1022.5,0.075,0.064,0.037,0.048,
1023,0.075,0.059,0.041,0.057,
1023.5,0.075,0.059,0.044,0.059,
1024,0.07,0.059,0.044,0.063,
1024.5,0.064,0.059,0.045,0.066,
1025,0.062,0.068,0.04,0.064,
1025.5,0.058,0.073,0.044,0.072,
1026,0.059,0.078,0.041,0.071,
1026.5,0.059,0.08,0.043,0.076,
1027,0.06,0.074,0.043,0.082,
1027.5,0.06,0.079,0.037,0.076,
1028,0.051,0.073,0.039,0.081,
1028.5,0.049,0.073,0.036,0.068,
1029,0.04,0.068,0.038,0.068,
1029.5,0.038,0.068,0.034,0.063,
1030,0.042,0.078,0.03,0.062,
1030.5,0.047,0.073,0.031,0.064,
1031,0.051,0.07,0.03,0.058,
1031.5,0.051,0.064,0.031,0.058,
1032,0.057,0.058,0.026,0.05,
1032.5,0.057,0.053,0.025,0.05,
1033,0.058,0.041,0.028,0.057,
1033.5,0.057,0.037,0.027,0.052,
1034,0.053,0.045,0.031,0.059,
1034.5,0.052,0.063,0.03,0.063,
1035,0.04,0.069,0.031,0.071,
1035.5,0.037,0.064,0.032,0.075,
1036,0.039,0.071,0.029,0.069,
1036.5,0.039,0.067,0.029,0.07,
1037,0.041,0.066,0.024,0.066,
1037.5,0.038,0.061,0.025,0.069,
1038,0.036,0.055,0.021,0.064,
1038.5,0.029,0.054,0.018,0.061,
1039,0.024,0.05,0.02,0.062,
1039.5,0.022,0.06,0.013,0.06,
1040,0.025,0.056,0.006,0.065,
1040.5,0.029,0.055,-0.014,0.058,
1041,0.031,0.05,-0.055,0.057,
1041.5,0.037,0.046,-0.108,0.053,
1042,0.04,0.041,-0.146,0.054,
1042.5,0.038,0.036,-0.161,0.06,
1043,0.036,0.034,-0.149,0.058,
1043.5,0.029,0.036,-0.118,0.064,
1044,0.026,0.041,-0.086,0.072,
1044.5,0.027,0.05,-0.071,0.076,
1045,0.025,0.048,-0.06,0.078,
1045.5,0.026,0.052,-0.054,0.072,
1046,0.026,0.051,-0.051,0.077,
1046.5,0.029,0.049,-0.043,0.071,
1047,0.027,0.046,-0.037,0.071,
1047.5,0.023,0.041,-0.034,0.067,
1048,0.016,0.042,-0.035,0.065,
1048.5,-0.014,0.041,-0.032,0.07,
1049,-0.008,0.04,,0.062,
1049.5,0.004,0.041,,0.065,
1050,-0.001,0.041,,0.061,
1050.5,-0.027,0.041,,0.057,
1051,-0.075,0.036,,0.051,
1051.5,-0.149,0.034,,0.038,
1052,-0.202,0.028,,0.037,
1052.5,-0.214,0.025,,0.043,
1053,-0.169,0.028,,0.049,
1053.5,-0.115,0.029,,0.055,
1054,-0.074,0.03,,0.053,
1054.5,-0.051,0.03,,0.06,
1055,-0.047,0.032,,0.061,
1055.5,-0.035,0.031,,0.064,
1056,-0.02,0.029,,0.06,
1056.5,-0.01,0.029,,0.054,
1057,-0.014,0.026,,0.052,
1057.5,-0.02,0.023,,0.048,
1058,-0.025,0.02,,0.057,
1058.5,-0.03,0.013,,0.049,
1059,-0.031,0.012,,0.049,
1059.5,-0.035,0.008,,0.051,
1060,-0.036,0.003,,0.046,
1060.5,-0.035,,,0.045,
1061,-0.039,,,0.038,
1061.5,-0.04,,,0.031,
1062,-0.04,,,0.035,
1062.5,-0.037,,,0.039,
1063,-0.032,,,0.042,
1063.5,-0.026,,,0.041,
1064,-0.021,,,0.046,
1064.5,-0.016,,,0.046,
1065,-0.01,,,0.043,
1065.5,0.001,,,0.042,
1066,0.01,,,0.034,
1066.5,0.011,,,0.037,
1067,0.011,,,0.008,
1067.5,0.015,,,,
1068,0.023,,,,
1068.5,0.029,,,,
1069,0.029,,,,
1069.5,0.029,,,,
1070,0.031,,,,
1070.5,0.042,,,,
1071,0.05,,,,
1071.5,0.058,,,,
1072,0.064,,,,
1072.5,0.061,,,,
1073,0.063,,,,
1073.5,0.062,,,,
1074,0.058,,,,
1074.5,0.061,,,,
1075,0.065,,,,
1075.5,0.068,,,,
1076,0.064,,,,
1076.5,0.06,,,,
1077,0.056,,,,
1077.5,0.059,,,,
1078,0.065,,,,
1078.5,0.062,,,,
1079,0.067,,,,
1079.5,0.072,,,,
1080,0.077,,,,
1080.5,0.081,,,,
1081,0.077,,,,
1081.5,0.08,,,,
1082,0.078,,,,
1082.5,0.078,,,,
1083,0.075,,,,
1083.5,0.072,,,,
1084,0.07,,,,
1084.5,0.074,,,,
1085,0.078,,,,
1085.5,0.075,,,,
1086,0.07,,,,
1086.5,0.065,,,,
1087,0.061,,,,
1087.5,0.069,,,,
1088,0.067,,,,
1088.5,0.068,,,,
1089,0.075,,,,
1089.5,0.08,,,,
1090,0.083,,,,
1090.5,0.081,,,,
1091,0.082,,,,
1091.5,0.079,,,,
1092,0.076,,,,
1092.5,0.076,,,,
1093,0.068,,,,
1093.5,0.068,,,,
1094,0.07,,,,
1094.5,0.075,,,,
1095,0.075,,,,
1095.5,0.068,,,,
1096,0.063,,,,
1096.5,0.053,,,,
1097,0.049,,,,
1097.5,0.057,,,,
1098,0.062,,,,
1098.5,0.069,,,,
1099,0.069,,,,
1099.5,0.075,,,,
1100,0.075,,,,
1100.5,0.076,,,,
1101,0.075,,,,
1101.5,0.07,,,,
1102,0.068,,,,
1102.5,0.064,,,,
1103,0.064,,,,
1103.5,0.065,,,,
1104,0.065,,,,
1104.5,0.065,,,,
1105,0.062,,,,
1105.5,0.061,,,,
1106,0.052,,,,
1106.5,0.044,,,,
1107,0.046,,,,
1107.5,0.046,,,,
1108,0.056,,,,
1108.5,0.058,,,,
1109,0.06,,,,
1109.5,0.062,,,,
1110,0.061,,,,
1110.5,0.061,,,,
1111,0.054,,,,
1111.5,0.052,,,,
1112,0.048,,,,
1112.5,0.044,,,,
1113,0.048,,,,
1113.5,0.049,,,,
1114,0.047,,,,
1114.5,0.044,,,,
1115,0.042,,,,
1115.5,0.036,,,,
1116,0.027,,,,
1116.5,0.022,,,,
1117,0.025,,,,
1117.5,0.028,,,,
1118,0.03,,,,
1118.5,0.033,,,,
1119,0.037,,,,
1119.5,0.038,,,,
1120,0.039,,,,
1120.5,0.035,,,,
1121,0.033,,,,
1121.5,0.032,,,,
1122,0.028,,,,
1122.5,0.032,,,,
1123,0.03,,,,
1123.5,0.03,,,,
1124,0.029,,,,
1124.5,0.028,,,,
1125,0.026,,,,
1125.5,0.021,,,,
1126,0.023,,,,
1126.5,0.025,,,,
1127,0.026,,,,
1127.5,0.026,,,,
1128,0.025,,,,
1128.5,-0.006,,,,
1129,0.006,,,,
1129.5,0,,,,
1130,-0.029,,,,
1130.5,-0.071,,,,
1131,-0.12,,,,
1131.5,-0.153,,,,
1132,-0.157,,,,
1132.5,-0.134,,,,
1133,-0.097,,,,
1133.5,-0.066,,,,
1134,-0.05,,,,
1134.5,-0.04,,,,
1135,-0.036,,,,
1135.5,-0.038,,,,
1136,-0.042,,,,
1136.5,-0.039,,,,
1137,-0.036,,,,
1137.5,-0.034,,,,
1138,-0.033,,,,
1138.5,-0.032,,,,
1139,-0.033,,,,
1139.5,-0.037,,,,
1140,-0.036,,,,
1140.5,-0.033,,,,
1141,-0.034,,,,
1141.5,-0.037,,,,
1142,-0.036,,,,
1142.5,-0.028,,,,
1143,-0.023,,,,
1143.5,-0.021,,,,
1144,-0.018,,,,
1144.5,-0.017,,,,
1145,-0.015,,,,
1145.5,-0.015,,,,
1146,-0.015,,,,
1146.5,-0.007,,,,
1147,0,,,,
1147.5,0.004,,,,
1148,0.007,,,,
1148.5,0.006,,,,
1149,0.011,,,,
1149.5,0.019,,,,
1150,0.027,,,,
1150.5,0.036,,,,
1151,0.042,,,,
1151.5,0.052,,,,
1152,0.056,,,,
1152.5,0.062,,,,
1153,0.06,,,,
1153.5,0.057,,,,
1154,0.054,,,,
1154.5,0.047,,,,
1155,0.043,,,,
1155.5,0.048,,,,
1156,0.063,,,,
1156.5,0.07,,,,
1157,0.074,,,,
1157.5,0.076,,,,
1158,0.075,,,,
1158.5,0.078,,,,
1159,0.075,,,,
1159.5,0.074,,,,
1160,0.076,,,,
1160.5,0.07,,,,
1161,0.071,,,,
1161.5,0.068,,,,
1162,0.066,,,,
1162.5,0.064,,,,
1163,0.06,,,,
1163.5,0.058,,,,
1164,0.051,,,,
1164.5,0.047,,,,
1165,0.054,,,,
1165.5,0.063,,,,
1166,0.069,,,,
1166.5,0.065,,,,
1167,0.071,,,,
1167.5,0.077,,,,
1168,0.082,,,,
1168.5,0.082,,,,
1169,0.08,,,,
1169.5,0.081,,,,
1170,0.08,,,,
1170.5,0.083,,,,
1171,0.083,,,,
1171.5,0.081,,,,
1172,0.081,,,,
1172.5,0.072,,,,
1173,0.07,,,,
1173.5,0.061,,,,
1174,0.054,,,,
1174.5,0.057,,,,
1175,0.06,,,,
1175.5,0.066,,,,
1176,0.071,,,,
1176.5,0.075,,,,
1177,0.081,,,,
1177.5,0.08,,,,
1178,0.078,,,,
1178.5,0.072,,,,
1179,0.067,,,,
1179.5,0.063,,,,
1180,0.06,,,,
1180.5,0.065,,,,
1181,0.066,,,,
1181.5,0.068,,,,
1182,0.066,,,,
1182.5,0.062,,,,
1183,0.056,,,,
1183.5,0.046,,,,
1184,0.042,,,,
1184.5,0.047,,,,
1185,0.059,,,,
1185.5,0.064,,,,
1186,0.072,,,,
1186.5,0.077,,,,
1187,0.073,,,,
1187.5,0.078,,,,
1188,0.07,,,,
1188.5,0.063,,,,
1189,0.049,,,,
1189.5,0.039,,,,
1190,0.042,,,,
1190.5,0.05,,,,
1191,0.057,,,,
1191.5,0.058,,,,
1192,0.055,,,,
1192.5,0.047,,,,
1193,0.038,,,,
1193.5,0.034,,,,
1194,0.033,,,,
1194.5,0.042,,,,
1195,0.047,,,,
1195.5,0.049,,,,
1196,0.05,,,,
1196.5,0.048,,,,
1197,0.048,,,,
1197.5,0.044,,,,
1198,0.038,,,,
1198.5,0.037,,,,
1199,0.032,,,,
1199.5,0.032,,,,
1200,0.031,,,,
1200.5,0.034,,,,
1201,0.034,,,,
1201.5,0.032,,,,
1202,0.027,,,,
1202.5,0.019,,,,
1203,-0.012,,,,
1203.5,-0.012,,,,
1204,0.009,,,,
1204.5,0.013,,,,
1205,0.003,,,,
1205.5,-0.008,,,,
1206,-0.029,,,,
1206.5,-0.047,,,,
1207,-0.075,,,,
1207.5,-0.11,,,,
1208,-0.122,,,,
1208.5,-0.122,,,,
1209,-0.114,,,,
1209.5,-0.088,,,,
1210,-0.052,,,,
1210.5,-0.033,,,,
1211,-0.025,,,,
1211.5,-0.034,,,,
1212,-0.052,,,,
1212.5,-0.064,,,,
1213,-0.063,,,,
1213.5,-0.042,,,,
1214,-0.03,,,,
1214.5,-0.031,,,,
1215,-0.027,,,,
1215.5,-0.022,,,,
1216,-0.028,,,,
1216.5,-0.033,,,,
1217,-0.031,,,,
1217.5,-0.031,,,,
1218,-0.022,,,,
1218.5,-0.016,,,,
1219,-0.016,,,,
1219.5,-0.004,,,,
1220,0.002,,,,
1220.5,-0.006,,,,
1221,-0.019,,,,
1221.5,-0.027,,,,
1222,-0.023,,,,
1222.5,-0.022,,,,
1223,-0.018,,,,
1223.5,-0.011,,,,
1224,-0.009,,,,
1224.5,-0.009,,,,
1225,-0.003,,,,
1225.5,0.009,,,,
1226,0.02,,,,
1226.5,0.026,,,,
1227,0.03,,,,
1227.5,0.037,,,,
1228,0.034,,,,
1228.5,0.038,,,,
1229,0.042,,,,
1229.5,0.051,,,,
1230,0.054,,,,
1230.5,0.052,,,,
1231,0.05,,,,
1231.5,0.046,,,,
1232,0.045,,,,
1232.5,0.043,,,,
1233,0.048,,,,
1233.5,0.053,,,,
1234,0.055,,,,
1234.5,0.062,,,,
1235,0.063,,,,
1235.5,0.068,,,,
1236,0.07,,,,
1236.5,0.067,,,,
1237,0.065,,,,
1237.5,0.06,,,,
1238,0.058,,,,
1238.5,0.059,,,,
1239,0.062,,,,
1239.5,0.066,,,,
1240,0.062,,,,
1240.5,0.063,,,,
1241,0.058,,,,
1241.5,0.052,,,,
1242,0.046,,,,
1242.5,0.048,,,,
1243,0.057,,,,
1243.5,0.065,,,,
1244,0.073,,,,
1244.5,0.079,,,,
1245,0.08,,,,
1245.5,0.081,,,,
1246,0.076,,,,
1246.5,0.077,,,,
1247,0.072,,,,
1247.5,0.071,,,,
1248,0.075,,,,
1248.5,0.076,,,,
1249,0.076,,,,
1249.5,0.072,,,,
1250,0.07,,,,
1250.5,0.066,,,,
1251,0.059,,,,
1251.5,0.055,,,,
1252,0.052,,,,
1252.5,0.067,,,,
1253,0.072,,,,
1253.5,0.075,,,,
1254,0.082,,,,
1254.5,0.079,,,,
1255,0.083,,,,
1255.5,0.081,,,,
1256,0.079,,,,
1256.5,0.078,,,,
1257,0.072,,,,
1257.5,0.075,,,,
1258,0.075,,,,
1258.5,0.075,,,,
1259,0.072,,,,
1259.5,0.068,,,,
1260,0.062,,,,
1260.5,0.057,,,,
1261,0.055,,,,
1261.5,0.048,,,,
1262,0.058,,,,
1262.5,0.068,,,,
1263,0.067,,,,
1263.5,0.073,,,,
1264,0.07,,,,
1264.5,0.071,,,,
1265,0.068,,,,
1265.5,0.063,,,,
1266,0.065,,,,
1266.5,0.061,,,,
1267,0.065,,,,
1267.5,0.061,,,,
1268,0.058,,,,
1268.5,0.058,,,,
1269,0.053,,,,
1269.5,0.052,,,,
1270,0.044,,,,
1270.5,0.038,,,,
1271,0.032,,,,
1271.5,0.033,,,,
1272,0.044,,,,
1272.5,0.046,,,,
1273,0.053,,,,
1273.5,0.054,,,,
1274,0.053,,,,
1274.5,0.05,,,,
1275,0.043,,,,
1275.5,0.043,,,,
1276,0.04,,,,
1276.5,0.04,,,,
1277,0.04,,,,
1277.5,0.036,,,,
1278,0.035,,,,
1278.5,0.032,,,,
1279,0.032,,,,
1279.5,0.028,,,,
1280,0.023,,,,
1280.5,0.019,,,,
1281,0.022,,,,
1281.5,0.03,,,,
1282,0.031,,,,
1282.5,0.033,,,,
1283,0.034,,,,
1283.5,0.033,,,,
1284,0.034,,,,
1284.5,0.031,,,,
1285,0.03,,,,
1285.5,0.029,,,,
1286,0.026,,,,
1286.5,0.026,,,,
1287,0.023,,,,
1287.5,0.02,,,,
1288,0.019,,,,
1288.5,0.017,,,,
1289,-0.01,,,,
1289.5,-0.017,,,,
1290,-0.009,,,,
1290.5,-0.011,,,,
1291,-0.026,,,,
1291.5,-0.067,,,,
1292,-0.123,,,,
1292.5,-0.18,,,,
1293,-0.196,,,,
1293.5,-0.166,,,,
1294,-0.121,,,,
1294.5,-0.086,,,,
1295,-0.069,,,,
1295.5,-0.065,,,,
1296,-0.066,,,,
1296.5,-0.05,,,,
1297,-0.036,,,,
1297.5,-0.032,,,,
1298,-0.033,,,,
1298.5,-0.039,,,,
1299,-0.043,,,,
1299.5,-0.043,,,,
1300,-0.038,,,,
1300.5,-0.035,,,,
1301,-0.038,,,,
1301.5,-0.039,,,,
1302,-0.041,,,,
1302.5,-0.037,,,,
1303,-0.029,,,,
1303.5,-0.017,,,,
1304,-0.006,,,,
1304.5,-0.002,,,,
1305,0.003,,,,
1305.5,0.007,,,,
1306,0.008,,,,
1306.5,0.005,,,,
1307,0.009,,,,
1307.5,0.013,,,,
1308,0.018,,,,
1308.5,0.022,,,,
1309,0.026,,,,
1309.5,0.038,,,,
1310,0.041,,,,
1310.5,0.04,,,,
1311,0.034,,,,
1311.5,0.039,,,,
1312,0.05,,,,
1312.5,0.059,,,,
1313,0.064,,,,
1313.5,0.061,,,,
1314,0.063,,,,
1314.5,0.06,,,,
1315,0.058,,,,
1315.5,0.057,,,,
1316,0.056,,,,
1316.5,0.062,,,,
1317,0.062,,,,
1317.5,0.06,,,,
1318,0.055,,,,
1318.5,0.057,,,,
1319,0.063,,,,
1319.5,0.059,,,,
1320,0.061,,,,
1320.5,0.063,,,,
1321,0.069,,,,
1321.5,0.076,,,,
1322,0.075,,,,
1322.5,0.076,,,,
1323,0.076,,,,
1323.5,0.079,,,,
1324,0.078,,,,
1324.5,0.074,,,,
1325,0.072,,,,
1325.5,0.068,,,,
1326,0.074,,,,
1326.5,0.072,,,,
1327,0.067,,,,
1327.5,0.063,,,,
1328,0.054,,,,
1328.5,0.054,,,,
1329,0.057,,,,
1329.5,0.059,,,,
1330,0.06,,,,
1330.5,0.062,,,,
1331,0.069,,,,
1331.5,0.071,,,,
1332,0.077,,,,
1332.5,0.078,,,,
1333,0.076,,,,
1333.5,0.073,,,,
1334,0.065,,,,
1334.5,0.069,,,,
1335,0.074,,,,
1335.5,0.081,,,,
1336,0.081,,,,
1336.5,0.072,,,,
1337,0.071,,,,
1337.5,0.063,,,,
1338,0.059,,,,
1338.5,0.06,,,,
1339,0.062,,,,
1339.5,0.066,,,,
1340,0.069,,,,
1340.5,0.072,,,,
1341,0.075,,,,
1341.5,0.076,,,,
1342,0.076,,,,
1342.5,0.068,,,,
1343,0.069,,,,
1343.5,0.065,,,,
1344,0.068,,,,
1344.5,0.072,,,,
1345,0.065,,,,
1345.5,0.066,,,,
1346,0.065,,,,
1346.5,0.066,,,,
1347,0.057,,,,
1347.5,0.048,,,,
1348,0.04,,,,
1348.5,0.037,,,,
1349,0.053,,,,
1349.5,0.056,,,,
1350,0.059,,,,
1350.5,0.061,,,,
1351,0.058,,,,
1351.5,0.058,,,,
1352,0.052,,,,
1352.5,0.049,,,,
1353,0.044,,,,
1353.5,0.042,,,,
1354,0.047,,,,
1354.5,0.043,,,,
1355,0.047,,,,
1355.5,0.047,,,,
1356,0.045,,,,
1356.5,0.038,,,,
1357,0.029,,,,
1357.5,0.023,,,,
1358,0.02,,,,
1358.5,0.032,,,,
1359,0.037,,,,
1359.5,0.04,,,,
1360,0.041,,,,
1360.5,0.041,,,,
1361,0.047,,,,
1361.5,0.043,,,,
1362,0.039,,,,
1362.5,0.031,,,,
1363,0.028,,,,
1363.5,0.03,,,,
1364,0.029,,,,
1364.5,0.034,,,,
1365,0.038,,,,
1365.5,0.037,,,,
1366,0.032,,,,
1366.5,0.025,,,,
1367,0.02,,,,
1367.5,0.011,,,,
1368,0.009,,,,
1368.5,0.016,,,,
1369,0.01,,,,
1369.5,-0.007,,,,
1370,-0.009,,,,
1370.5,-0.046,,,,
1371,-0.136,,,,
1371.5,-0.237,,,,
1372,-0.264,,,,
1372.5,-0.203,,,,
1373,-0.126,,,,
1373.5,-0.066,,,,
1374,-0.027,,,,
1374.5,-0.014,,,,
1375,-0.016,,,,
1375.5,-0.025,,,,
1376,-0.037,,,,
1376.5,-0.047,,,,
1377,-0.054,,,,
1377.5,-0.049,,,,
1378,-0.032,,,,
1378.5,-0.023,,,,
1379,-0.021,,,,
1379.5,-0.026,,,,
1380,-0.031,,,,
1380.5,-0.031,,,,
1381,-0.034,,,,
1381.5,-0.038,,,,
1382,-0.037,,,,
1382.5,-0.031,,,,
1383,-0.023,,,,
1383.5,-0.007,,,,
1384,0.001,,,,
1384.5,0,,,,
1385,-0.006,,,,
1385.5,-0.014,,,,
1386,-0.018,,,,
1386.5,-0.012,,,,
1387,-0.008,,,,
1387.5,-0.001,,,,
1388,0.008,,,,
1388.5,0.014,,,,
1389,0.022,,,,
1389.5,0.027,,,,
1390,0.033,,,,
1390.5,0.036,,,,
1391,0.041,,,,
1391.5,0.045,,,,
1392,0.051,,,,
1392.5,0.058,,,,
1393,0.056,,,,
1393.5,0.061,,,,
1394,0.062,,,,
1394.5,0.059,,,,
1395,0.056,,,,
1395.5,0.049,,,,
1396,0.048,,,,
1396.5,0.055,,,,
1397,0.064,,,,
1397.5,0.069,,,,
1398,0.068,,,,
1398.5,0.071,,,,
1399,0.071,,,,
1399.5,0.074,,,,
1400,0.074,,,,
1400.5,0.074,,,,
1401,0.075,,,,
1401.5,0.069,,,,
1402,0.073,,,,
1402.5,0.069,,,,
1403,0.069,,,,
1403.5,0.067,,,,
1404,0.06,,,,
1404.5,0.056,,,,
1405,0.05,,,,
1405.5,0.045,,,,
1406,0.048,,,,
1406.5,0.058,,,,
1407,0.065,,,,
1407.5,0.062,,,,
1408,0.068,,,,
1408.5,0.071,,,,
1409,0.074,,,,
1409.5,0.074,,,,
1410,0.07,,,,
1410.5,0.071,,,,
1411,0.071,,,,
1411.5,0.073,,,,
1412,0.075,,,,
1412.5,0.078,,,,
1413,0.078,,,,
1413.5,0.07,,,,
1414,0.07,,,,
1414.5,0.062,,,,
1415,0.062,,,,
1415.5,0.061,,,,
1416,0.06,,,,
1416.5,0.066,,,,
1417,0.068,,,,
